
06.MY_WASHING_MACHINE.elf:     file format elf32-avr

Sections:
Idx Name          Size      VMA       LMA       File off  Algn
  0 .data         00000026  00800100  00001178  0000120c  2**0
                  CONTENTS, ALLOC, LOAD, DATA
  1 .text         00001178  00000000  00000000  00000094  2**1
                  CONTENTS, ALLOC, LOAD, READONLY, CODE
  2 .bss          00000376  00800126  00800126  00001232  2**0
                  ALLOC
  3 .comment      0000005c  00000000  00000000  00001232  2**0
                  CONTENTS, READONLY
  4 .note.gnu.avr.deviceinfo 00000040  00000000  00000000  00001290  2**2
                  CONTENTS, READONLY
  5 .debug_aranges 00000200  00000000  00000000  000012d0  2**0
                  CONTENTS, READONLY, DEBUGGING
  6 .debug_info   000019b0  00000000  00000000  000014d0  2**0
                  CONTENTS, READONLY, DEBUGGING
  7 .debug_abbrev 000010a4  00000000  00000000  00002e80  2**0
                  CONTENTS, READONLY, DEBUGGING
  8 .debug_line   00001018  00000000  00000000  00003f24  2**0
                  CONTENTS, READONLY, DEBUGGING
  9 .debug_frame  000004bc  00000000  00000000  00004f3c  2**2
                  CONTENTS, READONLY, DEBUGGING
 10 .debug_str    00000915  00000000  00000000  000053f8  2**0
                  CONTENTS, READONLY, DEBUGGING
 11 .debug_loc    00000b5e  00000000  00000000  00005d0d  2**0
                  CONTENTS, READONLY, DEBUGGING
 12 .debug_ranges 00000180  00000000  00000000  0000686b  2**0
                  CONTENTS, READONLY, DEBUGGING

Disassembly of section .text:

00000000 <__vectors>:
       0:	45 c0       	rjmp	.+138    	; 0x8c <__ctors_end>
       2:	00 00       	nop
       4:	61 c0       	rjmp	.+194    	; 0xc8 <__bad_interrupt>
       6:	00 00       	nop
       8:	5f c0       	rjmp	.+190    	; 0xc8 <__bad_interrupt>
       a:	00 00       	nop
       c:	5d c0       	rjmp	.+186    	; 0xc8 <__bad_interrupt>
       e:	00 00       	nop
      10:	5b c0       	rjmp	.+182    	; 0xc8 <__bad_interrupt>
      12:	00 00       	nop
      14:	9d c3       	rjmp	.+1850   	; 0x750 <__vector_5>
      16:	00 00       	nop
      18:	57 c0       	rjmp	.+174    	; 0xc8 <__bad_interrupt>
      1a:	00 00       	nop
      1c:	55 c0       	rjmp	.+170    	; 0xc8 <__bad_interrupt>
      1e:	00 00       	nop
      20:	53 c0       	rjmp	.+166    	; 0xc8 <__bad_interrupt>
      22:	00 00       	nop
      24:	51 c0       	rjmp	.+162    	; 0xc8 <__bad_interrupt>
      26:	00 00       	nop
      28:	4f c0       	rjmp	.+158    	; 0xc8 <__bad_interrupt>
      2a:	00 00       	nop
      2c:	4d c0       	rjmp	.+154    	; 0xc8 <__bad_interrupt>
      2e:	00 00       	nop
      30:	4b c0       	rjmp	.+150    	; 0xc8 <__bad_interrupt>
      32:	00 00       	nop
      34:	49 c0       	rjmp	.+146    	; 0xc8 <__bad_interrupt>
      36:	00 00       	nop
      38:	47 c0       	rjmp	.+142    	; 0xc8 <__bad_interrupt>
      3a:	00 00       	nop
      3c:	45 c0       	rjmp	.+138    	; 0xc8 <__bad_interrupt>
      3e:	00 00       	nop
      40:	7f c2       	rjmp	.+1278   	; 0x540 <__vector_16>
      42:	00 00       	nop
      44:	41 c0       	rjmp	.+130    	; 0xc8 <__bad_interrupt>
      46:	00 00       	nop
      48:	e6 c2       	rjmp	.+1484   	; 0x616 <__vector_18>
      4a:	00 00       	nop
      4c:	3d c0       	rjmp	.+122    	; 0xc8 <__bad_interrupt>
      4e:	00 00       	nop
      50:	3b c0       	rjmp	.+118    	; 0xc8 <__bad_interrupt>
      52:	00 00       	nop
      54:	39 c0       	rjmp	.+114    	; 0xc8 <__bad_interrupt>
      56:	00 00       	nop
      58:	37 c0       	rjmp	.+110    	; 0xc8 <__bad_interrupt>
      5a:	00 00       	nop
      5c:	35 c0       	rjmp	.+106    	; 0xc8 <__bad_interrupt>
      5e:	00 00       	nop
      60:	33 c0       	rjmp	.+102    	; 0xc8 <__bad_interrupt>
      62:	00 00       	nop
      64:	31 c0       	rjmp	.+98     	; 0xc8 <__bad_interrupt>
      66:	00 00       	nop
      68:	2f c0       	rjmp	.+94     	; 0xc8 <__bad_interrupt>
      6a:	00 00       	nop
      6c:	2d c0       	rjmp	.+90     	; 0xc8 <__bad_interrupt>
      6e:	00 00       	nop
      70:	2b c0       	rjmp	.+86     	; 0xc8 <__bad_interrupt>
      72:	00 00       	nop
      74:	29 c0       	rjmp	.+82     	; 0xc8 <__bad_interrupt>
      76:	00 00       	nop
      78:	27 c0       	rjmp	.+78     	; 0xc8 <__bad_interrupt>
      7a:	00 00       	nop
      7c:	25 c0       	rjmp	.+74     	; 0xc8 <__bad_interrupt>
      7e:	00 00       	nop
      80:	23 c0       	rjmp	.+70     	; 0xc8 <__bad_interrupt>
      82:	00 00       	nop
      84:	21 c0       	rjmp	.+66     	; 0xc8 <__bad_interrupt>
      86:	00 00       	nop
      88:	1f c0       	rjmp	.+62     	; 0xc8 <__bad_interrupt>
	...

0000008c <__ctors_end>:
      8c:	11 24       	eor	r1, r1
      8e:	1f be       	out	0x3f, r1	; 63
      90:	cf ef       	ldi	r28, 0xFF	; 255
      92:	d0 e1       	ldi	r29, 0x10	; 16
      94:	de bf       	out	0x3e, r29	; 62
      96:	cd bf       	out	0x3d, r28	; 61

00000098 <__do_copy_data>:
      98:	11 e0       	ldi	r17, 0x01	; 1
      9a:	a0 e0       	ldi	r26, 0x00	; 0
      9c:	b1 e0       	ldi	r27, 0x01	; 1
      9e:	e8 e7       	ldi	r30, 0x78	; 120
      a0:	f1 e1       	ldi	r31, 0x11	; 17
      a2:	00 e0       	ldi	r16, 0x00	; 0
      a4:	0b bf       	out	0x3b, r16	; 59
      a6:	02 c0       	rjmp	.+4      	; 0xac <__do_copy_data+0x14>
      a8:	07 90       	elpm	r0, Z+
      aa:	0d 92       	st	X+, r0
      ac:	a6 32       	cpi	r26, 0x26	; 38
      ae:	b1 07       	cpc	r27, r17
      b0:	d9 f7       	brne	.-10     	; 0xa8 <__do_copy_data+0x10>

000000b2 <__do_clear_bss>:
      b2:	24 e0       	ldi	r18, 0x04	; 4
      b4:	a6 e2       	ldi	r26, 0x26	; 38
      b6:	b1 e0       	ldi	r27, 0x01	; 1
      b8:	01 c0       	rjmp	.+2      	; 0xbc <.do_clear_bss_start>

000000ba <.do_clear_bss_loop>:
      ba:	1d 92       	st	X+, r1

000000bc <.do_clear_bss_start>:
      bc:	ac 39       	cpi	r26, 0x9C	; 156
      be:	b2 07       	cpc	r27, r18
      c0:	e1 f7       	brne	.-8      	; 0xba <.do_clear_bss_loop>
      c2:	4b d1       	rcall	.+662    	; 0x35a <main>
      c4:	0c 94 ba 08 	jmp	0x1174	; 0x1174 <_exit>

000000c8 <__bad_interrupt>:
      c8:	9b cf       	rjmp	.-202    	; 0x0 <__vectors>

000000ca <init_button>:
      ca:	81 b3       	in	r24, 0x11	; 17
      cc:	87 78       	andi	r24, 0x87	; 135
      ce:	81 bb       	out	0x11, r24	; 17
      d0:	08 95       	ret

000000d2 <get_button>:
      d2:	20 b3       	in	r18, 0x10	; 16
      d4:	42 2f       	mov	r20, r18
      d6:	50 e0       	ldi	r21, 0x00	; 0
      d8:	21 e0       	ldi	r18, 0x01	; 1
      da:	30 e0       	ldi	r19, 0x00	; 0
      dc:	02 c0       	rjmp	.+4      	; 0xe2 <get_button+0x10>
      de:	22 0f       	add	r18, r18
      e0:	33 1f       	adc	r19, r19
      e2:	6a 95       	dec	r22
      e4:	e2 f7       	brpl	.-8      	; 0xde <get_button+0xc>
      e6:	24 23       	and	r18, r20
      e8:	35 23       	and	r19, r21
      ea:	21 15       	cp	r18, r1
      ec:	31 05       	cpc	r19, r1
      ee:	a1 f0       	breq	.+40     	; 0x118 <get_button+0x46>
      f0:	fc 01       	movw	r30, r24
      f2:	ea 5d       	subi	r30, 0xDA	; 218
      f4:	fe 4f       	sbci	r31, 0xFE	; 254
      f6:	40 81       	ld	r20, Z
      f8:	41 11       	cpse	r20, r1
      fa:	0e c0       	rjmp	.+28     	; 0x118 <get_button+0x46>
	#else
		//round up by default
		__ticks_dc = (uint32_t)(ceil(fabs(__tmp)));
	#endif

	__builtin_avr_delay_cycles(__ticks_dc);
      fc:	ef e5       	ldi	r30, 0x5F	; 95
      fe:	fa ee       	ldi	r31, 0xEA	; 234
     100:	31 97       	sbiw	r30, 0x01	; 1
     102:	f1 f7       	brne	.-4      	; 0x100 <get_button+0x2e>
     104:	00 c0       	rjmp	.+0      	; 0x106 <get_button+0x34>
     106:	00 00       	nop
     108:	fc 01       	movw	r30, r24
     10a:	ea 5d       	subi	r30, 0xDA	; 218
     10c:	fe 4f       	sbci	r31, 0xFE	; 254
     10e:	21 e0       	ldi	r18, 0x01	; 1
     110:	20 83       	st	Z, r18
     112:	80 e0       	ldi	r24, 0x00	; 0
     114:	90 e0       	ldi	r25, 0x00	; 0
     116:	08 95       	ret
     118:	fc 01       	movw	r30, r24
     11a:	ea 5d       	subi	r30, 0xDA	; 218
     11c:	fe 4f       	sbci	r31, 0xFE	; 254
     11e:	40 81       	ld	r20, Z
     120:	41 30       	cpi	r20, 0x01	; 1
     122:	79 f4       	brne	.+30     	; 0x142 <get_button+0x70>
     124:	23 2b       	or	r18, r19
     126:	81 f4       	brne	.+32     	; 0x148 <get_button+0x76>
     128:	ef e5       	ldi	r30, 0x5F	; 95
     12a:	fa ee       	ldi	r31, 0xEA	; 234
     12c:	31 97       	sbiw	r30, 0x01	; 1
     12e:	f1 f7       	brne	.-4      	; 0x12c <get_button+0x5a>
     130:	00 c0       	rjmp	.+0      	; 0x132 <get_button+0x60>
     132:	00 00       	nop
     134:	fc 01       	movw	r30, r24
     136:	ea 5d       	subi	r30, 0xDA	; 218
     138:	fe 4f       	sbci	r31, 0xFE	; 254
     13a:	10 82       	st	Z, r1
     13c:	81 e0       	ldi	r24, 0x01	; 1
     13e:	90 e0       	ldi	r25, 0x00	; 0
     140:	08 95       	ret
     142:	80 e0       	ldi	r24, 0x00	; 0
     144:	90 e0       	ldi	r25, 0x00	; 0
     146:	08 95       	ret
     148:	80 e0       	ldi	r24, 0x00	; 0
     14a:	90 e0       	ldi	r25, 0x00	; 0
     14c:	08 95       	ret

0000014e <init_fnd>:
	
	if(ms_count >= 1000)
	{
		ms_count=0;
		sec_count++;
		dot_display = !dot_display;
     14e:	8f ef       	ldi	r24, 0xFF	; 255
     150:	84 bb       	out	0x14, r24	; 20
     152:	87 b3       	in	r24, 0x17	; 23
     154:	80 6f       	ori	r24, 0xF0	; 240
     156:	87 bb       	out	0x17, r24	; 23
     158:	15 ba       	out	0x15, r1	; 21
     15a:	08 95       	ret

0000015c <time_set_fnd>:
		
	digit_select = (digit_select + 1 ) % 4;
}

void time_set_fnd(int min_time)
{
     15c:	cf 93       	push	r28
     15e:	df 93       	push	r29
     160:	00 d0       	rcall	.+0      	; 0x162 <time_set_fnd+0x6>
     162:	1f 92       	push	r1
     164:	cd b7       	in	r28, 0x3d	; 61
     166:	de b7       	in	r29, 0x3e	; 62
     168:	ac 01       	movw	r20, r24
	//  0      1 	 2	   
	uint8_t find_font[] = {0b00111111, 0b00000110, 0b01011011};
     16a:	9f e3       	ldi	r25, 0x3F	; 63
     16c:	99 83       	std	Y+1, r25	; 0x01
     16e:	96 e0       	ldi	r25, 0x06	; 6
     170:	9a 83       	std	Y+2, r25	; 0x02
     172:	9b e5       	ldi	r25, 0x5B	; 91
     174:	9b 83       	std	Y+3, r25	; 0x03
	
	static int digit_select = 0;	// 자리수 선택

	switch(digit_select) {
     176:	20 91 2c 01 	lds	r18, 0x012C	; 0x80012c <digit_select.1811>
     17a:	30 91 2d 01 	lds	r19, 0x012D	; 0x80012d <digit_select.1811+0x1>
     17e:	21 15       	cp	r18, r1
     180:	31 05       	cpc	r19, r1
     182:	21 f0       	breq	.+8      	; 0x18c <time_set_fnd+0x30>
     184:	21 30       	cpi	r18, 0x01	; 1
     186:	31 05       	cpc	r19, r1
     188:	69 f0       	breq	.+26     	; 0x1a4 <time_set_fnd+0x48>
     18a:	11 c0       	rjmp	.+34     	; 0x1ae <time_set_fnd+0x52>
		case 0:
		FND_DIGIT_PORT = 0x00;
     18c:	18 ba       	out	0x18, r1	; 24
		FND_DATA_PORT = find_font[min_time];
     18e:	e1 e0       	ldi	r30, 0x01	; 1
     190:	f0 e0       	ldi	r31, 0x00	; 0
     192:	ec 0f       	add	r30, r28
     194:	fd 1f       	adc	r31, r29
     196:	e4 0f       	add	r30, r20
     198:	f5 1f       	adc	r31, r21
     19a:	80 81       	ld	r24, Z
     19c:	85 bb       	out	0x15, r24	; 21
		FND_DIGIT_PORT = (uint8_t)~0x80;
     19e:	8f e7       	ldi	r24, 0x7F	; 127
     1a0:	88 bb       	out	0x18, r24	; 24
		break;
     1a2:	05 c0       	rjmp	.+10     	; 0x1ae <time_set_fnd+0x52>

		case 1:
		FND_DIGIT_PORT = 0x00;
     1a4:	18 ba       	out	0x18, r1	; 24
		FND_DATA_PORT = 0b00111111; 
     1a6:	8f e3       	ldi	r24, 0x3F	; 63
     1a8:	85 bb       	out	0x15, r24	; 21
		FND_DIGIT_PORT = (uint8_t)~0x40;
     1aa:	8f eb       	ldi	r24, 0xBF	; 191
     1ac:	88 bb       	out	0x18, r24	; 24
		break;

	}

	digit_select = (digit_select + 1 ) % 2;
     1ae:	80 91 2c 01 	lds	r24, 0x012C	; 0x80012c <digit_select.1811>
     1b2:	90 91 2d 01 	lds	r25, 0x012D	; 0x80012d <digit_select.1811+0x1>
     1b6:	01 96       	adiw	r24, 0x01	; 1
     1b8:	81 70       	andi	r24, 0x01	; 1
     1ba:	90 78       	andi	r25, 0x80	; 128
     1bc:	99 23       	and	r25, r25
     1be:	24 f4       	brge	.+8      	; 0x1c8 <time_set_fnd+0x6c>
     1c0:	01 97       	sbiw	r24, 0x01	; 1
     1c2:	8e 6f       	ori	r24, 0xFE	; 254
     1c4:	9f 6f       	ori	r25, 0xFF	; 255
     1c6:	01 96       	adiw	r24, 0x01	; 1
     1c8:	90 93 2d 01 	sts	0x012D, r25	; 0x80012d <digit_select.1811+0x1>
     1cc:	80 93 2c 01 	sts	0x012C, r24	; 0x80012c <digit_select.1811>

}
     1d0:	0f 90       	pop	r0
     1d2:	0f 90       	pop	r0
     1d4:	0f 90       	pop	r0
     1d6:	df 91       	pop	r29
     1d8:	cf 91       	pop	r28
     1da:	08 95       	ret

000001dc <fnd_all_off>:

void fnd_all_off(void)
{
	FND_DIGIT_PORT = 0x00;
     1dc:	18 ba       	out	0x18, r1	; 24
	FND_DATA_PORT = 0b00000000;
     1de:	15 ba       	out	0x15, r1	; 21
	FND_DIGIT_PORT = (uint8_t)~0x80;
     1e0:	8f e7       	ldi	r24, 0x7F	; 127
     1e2:	88 bb       	out	0x18, r24	; 24

	FND_DIGIT_PORT = 0x00;
     1e4:	18 ba       	out	0x18, r1	; 24
	FND_DATA_PORT = 0b00000000;
     1e6:	15 ba       	out	0x15, r1	; 21
	FND_DIGIT_PORT = (uint8_t)~0x40;
     1e8:	8f eb       	ldi	r24, 0xBF	; 191
     1ea:	88 bb       	out	0x18, r24	; 24
	
	FND_DIGIT_PORT = 0x00;
     1ec:	18 ba       	out	0x18, r1	; 24
	FND_DATA_PORT = 0b00000000;
     1ee:	15 ba       	out	0x15, r1	; 21
	FND_DIGIT_PORT = (uint8_t)~0x20;
     1f0:	8f ed       	ldi	r24, 0xDF	; 223
     1f2:	88 bb       	out	0x18, r24	; 24

	FND_DIGIT_PORT = 0x00;
     1f4:	18 ba       	out	0x18, r1	; 24
	FND_DATA_PORT = 0b00000000;
     1f6:	15 ba       	out	0x15, r1	; 21
	FND_DIGIT_PORT = (uint8_t)~0x10;
     1f8:	8f ee       	ldi	r24, 0xEF	; 239
     1fa:	88 bb       	out	0x18, r24	; 24
     1fc:	08 95       	ret

000001fe <wash_running_express_fnd>:
}

// wash_time부터 0에 이르도록 작업..  >> wash time이 초 단위..
int wash_running_express_fnd(int wash_time_sec)
{
     1fe:	cf 93       	push	r28
     200:	df 93       	push	r29
     202:	cd b7       	in	r28, 0x3d	; 61
     204:	de b7       	in	r29, 0x3e	; 62
     206:	2b 97       	sbiw	r28, 0x0b	; 11
     208:	0f b6       	in	r0, 0x3f	; 63
     20a:	f8 94       	cli
     20c:	de bf       	out	0x3e, r29	; 62
     20e:	0f be       	out	0x3f, r0	; 63
     210:	cd bf       	out	0x3d, r28	; 61
     212:	ac 01       	movw	r20, r24
	//  0      1 	 2	   3	 4	   5 	 6 	      7      8	    9
	uint8_t find_font[] = {~0xc0, ~0xf9, ~0xa4, ~0xb0, ~0x99, ~0x92, ~0x82, ~0xd8, ~0x80, ~0x98, ~0x7f};	// common cathode
     214:	9b e0       	ldi	r25, 0x0B	; 11
     216:	e0 e0       	ldi	r30, 0x00	; 0
     218:	f1 e0       	ldi	r31, 0x01	; 1
     21a:	de 01       	movw	r26, r28
     21c:	11 96       	adiw	r26, 0x01	; 1
     21e:	01 90       	ld	r0, Z+
     220:	0d 92       	st	X+, r0
     222:	9a 95       	dec	r25
     224:	e1 f7       	brne	.-8      	; 0x21e <wash_running_express_fnd+0x20>
	//  9 8 7 6 5 4 3 2 1 0 
//	uint8_t find_font[] = {~0x98, ~0x80, ~0xd8, ~0x82, ~0x92, ~0x99, ~0xb0, ~0xa4, ~0xf9, ~0xc0, ~0x7f};	// common cathode

	static int digit_select = 0;	// 자리수 선택

	switch(digit_select) {
     226:	20 91 2a 01 	lds	r18, 0x012A	; 0x80012a <digit_select.1822>
     22a:	30 91 2b 01 	lds	r19, 0x012B	; 0x80012b <digit_select.1822+0x1>
     22e:	21 30       	cpi	r18, 0x01	; 1
     230:	31 05       	cpc	r19, r1
     232:	19 f1       	breq	.+70     	; 0x27a <wash_running_express_fnd+0x7c>
     234:	1c f4       	brge	.+6      	; 0x23c <wash_running_express_fnd+0x3e>
     236:	23 2b       	or	r18, r19
     238:	49 f0       	breq	.+18     	; 0x24c <wash_running_express_fnd+0x4e>
     23a:	63 c0       	rjmp	.+198    	; 0x302 <wash_running_express_fnd+0x104>
     23c:	22 30       	cpi	r18, 0x02	; 2
     23e:	31 05       	cpc	r19, r1
     240:	b9 f1       	breq	.+110    	; 0x2b0 <wash_running_express_fnd+0xb2>
     242:	23 30       	cpi	r18, 0x03	; 3
     244:	31 05       	cpc	r19, r1
     246:	09 f4       	brne	.+2      	; 0x24a <wash_running_express_fnd+0x4c>
     248:	48 c0       	rjmp	.+144    	; 0x2da <wash_running_express_fnd+0xdc>
     24a:	5b c0       	rjmp	.+182    	; 0x302 <wash_running_express_fnd+0x104>
		case 0:
		FND_DIGIT_PORT = 0xff;	
     24c:	8f ef       	ldi	r24, 0xFF	; 255
     24e:	88 bb       	out	0x18, r24	; 24
		FND_DATA_PORT = find_font[wash_time_sec % 10] | (0x80 * dot_display);
     250:	ca 01       	movw	r24, r20
     252:	6a e0       	ldi	r22, 0x0A	; 10
     254:	70 e0       	ldi	r23, 0x00	; 0
     256:	8c d4       	rcall	.+2328   	; 0xb70 <__divmodhi4>
     258:	e1 e0       	ldi	r30, 0x01	; 1
     25a:	f0 e0       	ldi	r31, 0x00	; 0
     25c:	ec 0f       	add	r30, r28
     25e:	fd 1f       	adc	r31, r29
     260:	e8 0f       	add	r30, r24
     262:	f9 1f       	adc	r31, r25
     264:	90 81       	ld	r25, Z
     266:	80 91 2e 01 	lds	r24, 0x012E	; 0x80012e <dot_display>
     26a:	87 95       	ror	r24
     26c:	88 27       	eor	r24, r24
     26e:	87 95       	ror	r24
     270:	89 2b       	or	r24, r25
     272:	85 bb       	out	0x15, r24	; 21
		FND_DIGIT_PORT = (uint8_t)~0x80;
     274:	8f e7       	ldi	r24, 0x7F	; 127
     276:	88 bb       	out	0x18, r24	; 24
		break;
     278:	44 c0       	rjmp	.+136    	; 0x302 <wash_running_express_fnd+0x104>

		case 1:
		FND_DIGIT_PORT = 0xff;
     27a:	8f ef       	ldi	r24, 0xFF	; 255
     27c:	88 bb       	out	0x18, r24	; 24
		FND_DATA_PORT = find_font[wash_time_sec / 10 % 6] | (0x80 * dot_display);
     27e:	ca 01       	movw	r24, r20
     280:	6a e0       	ldi	r22, 0x0A	; 10
     282:	70 e0       	ldi	r23, 0x00	; 0
     284:	75 d4       	rcall	.+2282   	; 0xb70 <__divmodhi4>
     286:	cb 01       	movw	r24, r22
     288:	66 e0       	ldi	r22, 0x06	; 6
     28a:	70 e0       	ldi	r23, 0x00	; 0
     28c:	71 d4       	rcall	.+2274   	; 0xb70 <__divmodhi4>
     28e:	e1 e0       	ldi	r30, 0x01	; 1
     290:	f0 e0       	ldi	r31, 0x00	; 0
     292:	ec 0f       	add	r30, r28
     294:	fd 1f       	adc	r31, r29
     296:	e8 0f       	add	r30, r24
     298:	f9 1f       	adc	r31, r25
     29a:	90 81       	ld	r25, Z
     29c:	80 91 2e 01 	lds	r24, 0x012E	; 0x80012e <dot_display>
     2a0:	87 95       	ror	r24
     2a2:	88 27       	eor	r24, r24
     2a4:	87 95       	ror	r24
     2a6:	89 2b       	or	r24, r25
     2a8:	85 bb       	out	0x15, r24	; 21
		FND_DIGIT_PORT = (uint8_t)~0x40;
     2aa:	8f eb       	ldi	r24, 0xBF	; 191
     2ac:	88 bb       	out	0x18, r24	; 24
		break;
     2ae:	29 c0       	rjmp	.+82     	; 0x302 <wash_running_express_fnd+0x104>

		case 2:
		FND_DIGIT_PORT = 0xff;
     2b0:	8f ef       	ldi	r24, 0xFF	; 255
     2b2:	88 bb       	out	0x18, r24	; 24
		FND_DATA_PORT = find_font[wash_time_sec / 60 % 10];
     2b4:	ca 01       	movw	r24, r20
     2b6:	6c e3       	ldi	r22, 0x3C	; 60
     2b8:	70 e0       	ldi	r23, 0x00	; 0
     2ba:	5a d4       	rcall	.+2228   	; 0xb70 <__divmodhi4>
     2bc:	cb 01       	movw	r24, r22
     2be:	6a e0       	ldi	r22, 0x0A	; 10
     2c0:	70 e0       	ldi	r23, 0x00	; 0
     2c2:	56 d4       	rcall	.+2220   	; 0xb70 <__divmodhi4>
     2c4:	e1 e0       	ldi	r30, 0x01	; 1
     2c6:	f0 e0       	ldi	r31, 0x00	; 0
     2c8:	ec 0f       	add	r30, r28
     2ca:	fd 1f       	adc	r31, r29
     2cc:	e8 0f       	add	r30, r24
     2ce:	f9 1f       	adc	r31, r25
     2d0:	80 81       	ld	r24, Z
     2d2:	85 bb       	out	0x15, r24	; 21
		FND_DIGIT_PORT = (uint8_t)~0x20;
     2d4:	8f ed       	ldi	r24, 0xDF	; 223
     2d6:	88 bb       	out	0x18, r24	; 24
		break;
     2d8:	14 c0       	rjmp	.+40     	; 0x302 <wash_running_express_fnd+0x104>

		case 3:
		FND_DIGIT_PORT = 0xff;
     2da:	8f ef       	ldi	r24, 0xFF	; 255
		FND_DATA_PORT = find_font[wash_time_sec / 600 % 6];
     2dc:	88 bb       	out	0x18, r24	; 24
     2de:	ca 01       	movw	r24, r20
     2e0:	68 e5       	ldi	r22, 0x58	; 88
     2e2:	72 e0       	ldi	r23, 0x02	; 2
     2e4:	45 d4       	rcall	.+2186   	; 0xb70 <__divmodhi4>
     2e6:	cb 01       	movw	r24, r22
     2e8:	66 e0       	ldi	r22, 0x06	; 6
     2ea:	70 e0       	ldi	r23, 0x00	; 0
     2ec:	41 d4       	rcall	.+2178   	; 0xb70 <__divmodhi4>
     2ee:	e1 e0       	ldi	r30, 0x01	; 1
     2f0:	f0 e0       	ldi	r31, 0x00	; 0
     2f2:	ec 0f       	add	r30, r28
     2f4:	fd 1f       	adc	r31, r29
     2f6:	e8 0f       	add	r30, r24
     2f8:	f9 1f       	adc	r31, r25
     2fa:	80 81       	ld	r24, Z
     2fc:	85 bb       	out	0x15, r24	; 21
		FND_DIGIT_PORT = (uint8_t)~0x10;
     2fe:	8f ee       	ldi	r24, 0xEF	; 239
     300:	88 bb       	out	0x18, r24	; 24
		break;
	}

	digit_select = (digit_select + 1 ) % 4;
     302:	80 91 2a 01 	lds	r24, 0x012A	; 0x80012a <digit_select.1822>
     306:	90 91 2b 01 	lds	r25, 0x012B	; 0x80012b <digit_select.1822+0x1>
     30a:	01 96       	adiw	r24, 0x01	; 1
     30c:	83 70       	andi	r24, 0x03	; 3
     30e:	90 78       	andi	r25, 0x80	; 128
     310:	99 23       	and	r25, r25
     312:	24 f4       	brge	.+8      	; 0x31c <wash_running_express_fnd+0x11e>
     314:	01 97       	sbiw	r24, 0x01	; 1
     316:	8c 6f       	ori	r24, 0xFC	; 252
     318:	9f 6f       	ori	r25, 0xFF	; 255
     31a:	01 96       	adiw	r24, 0x01	; 1
     31c:	90 93 2b 01 	sts	0x012B, r25	; 0x80012b <digit_select.1822+0x1>
     320:	80 93 2a 01 	sts	0x012A, r24	; 0x80012a <digit_select.1822>

     324:	2b 96       	adiw	r28, 0x0b	; 11
     326:	0f b6       	in	r0, 0x3f	; 63
     328:	f8 94       	cli
     32a:	de bf       	out	0x3e, r29	; 62
     32c:	0f be       	out	0x3f, r0	; 63
     32e:	cd bf       	out	0x3d, r28	; 61
     330:	df 91       	pop	r29
     332:	cf 91       	pop	r28
     334:	08 95       	ret

00000336 <init_led>:
     336:	8f ef       	ldi	r24, 0xFF	; 255
     338:	8a bb       	out	0x1a, r24	; 26
     33a:	1b ba       	out	0x1b, r1	; 27
     33c:	08 95       	ret

0000033e <led_all_off>:
     33e:	1b ba       	out	0x1b, r1	; 27
     340:	08 95       	ret

00000342 <wash_running_express_led>:
     342:	1b ba       	out	0x1b, r1	; 27
     344:	81 e0       	ldi	r24, 0x01	; 1
     346:	8b bb       	out	0x1b, r24	; 27
     348:	08 95       	ret

0000034a <rinse_running_express_led>:
     34a:	1b ba       	out	0x1b, r1	; 27
     34c:	82 e0       	ldi	r24, 0x02	; 2
     34e:	8b bb       	out	0x1b, r24	; 27
     350:	08 95       	ret

00000352 <spin_running_express_led>:
     352:	1b ba       	out	0x1b, r1	; 27
     354:	84 e0       	ldi	r24, 0x04	; 4
     356:	8b bb       	out	0x1b, r24	; 27
     358:	08 95       	ret

0000035a <main>:
int main()
{
	enum WashingMachineStatus machine_state;    // 열거형 변수 선언
	machine_state = standby_state;	// 처음 기본은 대기 모드.

	sei();	
     35a:	78 94       	sei
	
	init_button();
     35c:	b6 de       	rcall	.-660    	; 0xca <init_button>
	init_fnd();
     35e:	f7 de       	rcall	.-530    	; 0x14e <init_fnd>
	init_led();
     360:	ea df       	rcall	.-44     	; 0x336 <init_led>
     362:	4f d1       	rcall	.+670    	; 0x602 <init_timer0>
	init_timer0();
     364:	c0 e0       	ldi	r28, 0x00	; 0
     366:	63 e0       	ldi	r22, 0x03	; 3
};

int main()
{
	enum WashingMachineStatus machine_state;    // 열거형 변수 선언
	machine_state = standby_state;	// 처음 기본은 대기 모드.
     368:	70 e0       	ldi	r23, 0x00	; 0

	
	while(1)
	{
		// FSM대로 상태 바꿔주기.	>> 세탁 시간 설정 안 하면, button1 눌러도 못 들어가게 하는 제약 조건 필요.
		if(get_button(BUTTON0, BUTTON0PIN))
     36a:	80 e0       	ldi	r24, 0x00	; 0
     36c:	90 e0       	ldi	r25, 0x00	; 0
     36e:	b1 de       	rcall	.-670    	; 0xd2 <get_button>
     370:	89 2b       	or	r24, r25
     372:	39 f1       	breq	.+78     	; 0x3c2 <main+0x68>
     374:	c1 11       	cpse	r28, r1
     376:	1a c0       	rjmp	.+52     	; 0x3ac <main+0x52>
		{
			if(machine_state == standby_state && wash_time != 0 && rinse_time != 0 && spin_time != 0)
     378:	80 91 48 01 	lds	r24, 0x0148	; 0x800148 <wash_time>
     37c:	90 91 49 01 	lds	r25, 0x0149	; 0x800149 <wash_time+0x1>
     380:	89 2b       	or	r24, r25
     382:	a1 f0       	breq	.+40     	; 0x3ac <main+0x52>
     384:	80 91 46 01 	lds	r24, 0x0146	; 0x800146 <rinse_time>
     388:	90 91 47 01 	lds	r25, 0x0147	; 0x800147 <rinse_time+0x1>
     38c:	89 2b       	or	r24, r25
     38e:	71 f0       	breq	.+28     	; 0x3ac <main+0x52>
     390:	80 91 44 01 	lds	r24, 0x0144	; 0x800144 <spin_time>
     394:	90 91 45 01 	lds	r25, 0x0145	; 0x800145 <spin_time+0x1>
     398:	89 2b       	or	r24, r25
     39a:	41 f0       	breq	.+16     	; 0x3ac <main+0x52>
     39c:	81 e0       	ldi	r24, 0x01	; 1
     39e:	90 e0       	ldi	r25, 0x00	; 0
			{
				
				is_use_timer_running_washmach = 1;
     3a0:	90 93 37 01 	sts	0x0137, r25	; 0x800137 <is_use_timer_running_washmach+0x1>
     3a4:	80 93 36 01 	sts	0x0136, r24	; 0x800136 <is_use_timer_running_washmach>
     3a8:	c1 e0       	ldi	r28, 0x01	; 1
     3aa:	8e c0       	rjmp	.+284    	; 0x4c8 <__LOCK_REGION_LENGTH__+0xc8>
				machine_state = wash_state;
     3ac:	8f ef       	ldi	r24, 0xFF	; 255
     3ae:	8c 0f       	add	r24, r28
			}
			else if((machine_state == wash_state) || (machine_state == rinse_state) || (machine_state == spin_state))
     3b0:	83 30       	cpi	r24, 0x03	; 3
     3b2:	08 f0       	brcs	.+2      	; 0x3b6 <main+0x5c>
     3b4:	89 c0       	rjmp	.+274    	; 0x4c8 <__LOCK_REGION_LENGTH__+0xc8>
     3b6:	10 92 37 01 	sts	0x0137, r1	; 0x800137 <is_use_timer_running_washmach+0x1>
			{
				is_use_timer_running_washmach = 0;
     3ba:	10 92 36 01 	sts	0x0136, r1	; 0x800136 <is_use_timer_running_washmach>
     3be:	c0 e0       	ldi	r28, 0x00	; 0
     3c0:	83 c0       	rjmp	.+262    	; 0x4c8 <__LOCK_REGION_LENGTH__+0xc8>
				machine_state = standby_state;
     3c2:	64 e0       	ldi	r22, 0x04	; 4
			}
		} else if(get_button(BUTTON1, BUTTON1PIN))
     3c4:	70 e0       	ldi	r23, 0x00	; 0
     3c6:	81 e0       	ldi	r24, 0x01	; 1
     3c8:	90 e0       	ldi	r25, 0x00	; 0
     3ca:	83 de       	rcall	.-762    	; 0xd2 <get_button>
     3cc:	89 2b       	or	r24, r25
     3ce:	e9 f1       	breq	.+122    	; 0x44a <__LOCK_REGION_LENGTH__+0x4a>
     3d0:	c1 11       	cpse	r28, r1
     3d2:	10 c0       	rjmp	.+32     	; 0x3f4 <main+0x9a>
		{
			if(machine_state == standby_state)
     3d4:	80 91 48 01 	lds	r24, 0x0148	; 0x800148 <wash_time>
			{
				machine_state = wash_time_set;
				current_fnd_setting_value = wash_time;
     3d8:	90 91 49 01 	lds	r25, 0x0149	; 0x800149 <wash_time+0x1>
     3dc:	90 93 35 01 	sts	0x0135, r25	; 0x800135 <current_fnd_setting_value+0x1>
     3e0:	80 93 34 01 	sts	0x0134, r24	; 0x800134 <current_fnd_setting_value>
     3e4:	81 e0       	ldi	r24, 0x01	; 1
     3e6:	90 e0       	ldi	r25, 0x00	; 0
				is_use_timer_set_status = 1;
     3e8:	90 93 39 01 	sts	0x0139, r25	; 0x800139 <is_use_timer_set_status+0x1>
     3ec:	80 93 38 01 	sts	0x0138, r24	; 0x800138 <is_use_timer_set_status>
     3f0:	c4 e0       	ldi	r28, 0x04	; 4
     3f2:	6a c0       	rjmp	.+212    	; 0x4c8 <__LOCK_REGION_LENGTH__+0xc8>
			}
		} else if(get_button(BUTTON1, BUTTON1PIN))
		{
			if(machine_state == standby_state)
			{
				machine_state = wash_time_set;
     3f4:	c4 30       	cpi	r28, 0x04	; 4
     3f6:	51 f4       	brne	.+20     	; 0x40c <__LOCK_REGION_LENGTH__+0xc>
				current_fnd_setting_value = wash_time;
				is_use_timer_set_status = 1;
			}
			else if(machine_state == wash_time_set)
     3f8:	80 91 46 01 	lds	r24, 0x0146	; 0x800146 <rinse_time>
			{
				machine_state = rinse_time_set;
				current_fnd_setting_value = rinse_time;
     3fc:	90 91 47 01 	lds	r25, 0x0147	; 0x800147 <rinse_time+0x1>
     400:	90 93 35 01 	sts	0x0135, r25	; 0x800135 <current_fnd_setting_value+0x1>
     404:	80 93 34 01 	sts	0x0134, r24	; 0x800134 <current_fnd_setting_value>
     408:	c5 e0       	ldi	r28, 0x05	; 5
     40a:	5e c0       	rjmp	.+188    	; 0x4c8 <__LOCK_REGION_LENGTH__+0xc8>
				current_fnd_setting_value = wash_time;
				is_use_timer_set_status = 1;
			}
			else if(machine_state == wash_time_set)
			{
				machine_state = rinse_time_set;
     40c:	c5 30       	cpi	r28, 0x05	; 5
     40e:	51 f4       	brne	.+20     	; 0x424 <__LOCK_REGION_LENGTH__+0x24>
				current_fnd_setting_value = rinse_time;
			}
			else if(machine_state == rinse_time_set)
     410:	80 91 44 01 	lds	r24, 0x0144	; 0x800144 <spin_time>
			{
				machine_state = spin_time_set;
				current_fnd_setting_value = spin_time;
     414:	90 91 45 01 	lds	r25, 0x0145	; 0x800145 <spin_time+0x1>
     418:	90 93 35 01 	sts	0x0135, r25	; 0x800135 <current_fnd_setting_value+0x1>
     41c:	80 93 34 01 	sts	0x0134, r24	; 0x800134 <current_fnd_setting_value>
     420:	c6 e0       	ldi	r28, 0x06	; 6
     422:	52 c0       	rjmp	.+164    	; 0x4c8 <__LOCK_REGION_LENGTH__+0xc8>
				machine_state = rinse_time_set;
				current_fnd_setting_value = rinse_time;
			}
			else if(machine_state == rinse_time_set)
			{
				machine_state = spin_time_set;
     424:	c6 30       	cpi	r28, 0x06	; 6
     426:	09 f0       	breq	.+2      	; 0x42a <__LOCK_REGION_LENGTH__+0x2a>
				current_fnd_setting_value = spin_time;
			}
			else if(machine_state == spin_time_set)	    
     428:	4f c0       	rjmp	.+158    	; 0x4c8 <__LOCK_REGION_LENGTH__+0xc8>
     42a:	20 91 48 01 	lds	r18, 0x0148	; 0x800148 <wash_time>
			{
				machine_state = standby_state;
				current_fnd_washing_value = wash_time*60;
     42e:	30 91 49 01 	lds	r19, 0x0149	; 0x800149 <wash_time+0x1>
     432:	4c e3       	ldi	r20, 0x3C	; 60
     434:	42 9f       	mul	r20, r18
     436:	c0 01       	movw	r24, r0
     438:	43 9f       	mul	r20, r19
     43a:	90 0d       	add	r25, r0
     43c:	11 24       	eor	r1, r1
     43e:	90 93 33 01 	sts	0x0133, r25	; 0x800133 <current_fnd_washing_value+0x1>
     442:	80 93 32 01 	sts	0x0132, r24	; 0x800132 <current_fnd_washing_value>
     446:	c0 e0       	ldi	r28, 0x00	; 0
     448:	3f c0       	rjmp	.+126    	; 0x4c8 <__LOCK_REGION_LENGTH__+0xc8>
				machine_state = spin_time_set;
				current_fnd_setting_value = spin_time;
			}
			else if(machine_state == spin_time_set)	    
			{
				machine_state = standby_state;
     44a:	65 e0       	ldi	r22, 0x05	; 5
				current_fnd_washing_value = wash_time*60;
			}
		} else if(get_button(BUTTON2, BUTTON2PIN))	// 버튼 2를 누르면, 분 단위 시간 증가, 이후 버튼 1 누르면, 최종 시간으로 정해지는 거
     44c:	70 e0       	ldi	r23, 0x00	; 0
     44e:	82 e0       	ldi	r24, 0x02	; 2
     450:	90 e0       	ldi	r25, 0x00	; 0
     452:	3f de       	rcall	.-898    	; 0xd2 <get_button>
     454:	89 2b       	or	r24, r25
     456:	c1 f1       	breq	.+112    	; 0x4c8 <__LOCK_REGION_LENGTH__+0xc8>
     458:	c4 30       	cpi	r28, 0x04	; 4
     45a:	89 f4       	brne	.+34     	; 0x47e <__LOCK_REGION_LENGTH__+0x7e>
		{
			if(machine_state == wash_time_set)
     45c:	80 91 48 01 	lds	r24, 0x0148	; 0x800148 <wash_time>
			{
				wash_time = (wash_time + 1) % 3;	// max 2
     460:	90 91 49 01 	lds	r25, 0x0149	; 0x800149 <wash_time+0x1>
     464:	01 96       	adiw	r24, 0x01	; 1
     466:	63 e0       	ldi	r22, 0x03	; 3
     468:	70 e0       	ldi	r23, 0x00	; 0
     46a:	82 d3       	rcall	.+1796   	; 0xb70 <__divmodhi4>
     46c:	90 93 49 01 	sts	0x0149, r25	; 0x800149 <wash_time+0x1>
     470:	80 93 48 01 	sts	0x0148, r24	; 0x800148 <wash_time>
     474:	90 93 35 01 	sts	0x0135, r25	; 0x800135 <current_fnd_setting_value+0x1>
				current_fnd_setting_value = wash_time;
     478:	80 93 34 01 	sts	0x0134, r24	; 0x800134 <current_fnd_setting_value>
     47c:	25 c0       	rjmp	.+74     	; 0x4c8 <__LOCK_REGION_LENGTH__+0xc8>
     47e:	c5 30       	cpi	r28, 0x05	; 5
     480:	89 f4       	brne	.+34     	; 0x4a4 <__LOCK_REGION_LENGTH__+0xa4>

			}
			else if(machine_state == rinse_time_set)	
     482:	80 91 46 01 	lds	r24, 0x0146	; 0x800146 <rinse_time>
			{
				rinse_time = (rinse_time + 1) % 3;
     486:	90 91 47 01 	lds	r25, 0x0147	; 0x800147 <rinse_time+0x1>
     48a:	01 96       	adiw	r24, 0x01	; 1
     48c:	63 e0       	ldi	r22, 0x03	; 3
     48e:	70 e0       	ldi	r23, 0x00	; 0
     490:	6f d3       	rcall	.+1758   	; 0xb70 <__divmodhi4>
     492:	90 93 47 01 	sts	0x0147, r25	; 0x800147 <rinse_time+0x1>
     496:	80 93 46 01 	sts	0x0146, r24	; 0x800146 <rinse_time>
     49a:	90 93 35 01 	sts	0x0135, r25	; 0x800135 <current_fnd_setting_value+0x1>
				current_fnd_setting_value = rinse_time;
     49e:	80 93 34 01 	sts	0x0134, r24	; 0x800134 <current_fnd_setting_value>
     4a2:	12 c0       	rjmp	.+36     	; 0x4c8 <__LOCK_REGION_LENGTH__+0xc8>
     4a4:	c6 30       	cpi	r28, 0x06	; 6
     4a6:	81 f4       	brne	.+32     	; 0x4c8 <__LOCK_REGION_LENGTH__+0xc8>
		} 
			else if(machine_state == spin_time_set)		
     4a8:	80 91 44 01 	lds	r24, 0x0144	; 0x800144 <spin_time>
			{
				spin_time = (spin_time + 1) % 3;
     4ac:	90 91 45 01 	lds	r25, 0x0145	; 0x800145 <spin_time+0x1>
     4b0:	01 96       	adiw	r24, 0x01	; 1
     4b2:	63 e0       	ldi	r22, 0x03	; 3
     4b4:	70 e0       	ldi	r23, 0x00	; 0
     4b6:	5c d3       	rcall	.+1720   	; 0xb70 <__divmodhi4>
     4b8:	90 93 45 01 	sts	0x0145, r25	; 0x800145 <spin_time+0x1>
     4bc:	80 93 44 01 	sts	0x0144, r24	; 0x800144 <spin_time>
     4c0:	90 93 35 01 	sts	0x0135, r25	; 0x800135 <current_fnd_setting_value+0x1>
				current_fnd_setting_value = spin_time;
     4c4:	80 93 34 01 	sts	0x0134, r24	; 0x800134 <current_fnd_setting_value>
     4c8:	c1 30       	cpi	r28, 0x01	; 1
			}
		}
		
		// 상태에 따른 이벤트 발생시키기 : 시간 종료로 인한 상태 변화도 만들 것
		if(machine_state == wash_state){
     4ca:	99 f4       	brne	.+38     	; 0x4f2 <__LOCK_REGION_LENGTH__+0xf2>
     4cc:	9d d1       	rcall	.+826    	; 0x808 <wash_running>
			if(!wash_running())
     4ce:	89 2b       	or	r24, r25
     4d0:	61 f5       	brne	.+88     	; 0x52a <__LOCK_REGION_LENGTH__+0x12a>
     4d2:	20 91 46 01 	lds	r18, 0x0146	; 0x800146 <rinse_time>
			{
				machine_state = rinse_state;
				current_fnd_washing_value = rinse_time*60;
     4d6:	30 91 47 01 	lds	r19, 0x0147	; 0x800147 <rinse_time+0x1>
     4da:	4c e3       	ldi	r20, 0x3C	; 60
     4dc:	42 9f       	mul	r20, r18
     4de:	c0 01       	movw	r24, r0
     4e0:	43 9f       	mul	r20, r19
     4e2:	90 0d       	add	r25, r0
     4e4:	11 24       	eor	r1, r1
     4e6:	90 93 33 01 	sts	0x0133, r25	; 0x800133 <current_fnd_washing_value+0x1>
     4ea:	80 93 32 01 	sts	0x0132, r24	; 0x800132 <current_fnd_washing_value>
     4ee:	c2 e0       	ldi	r28, 0x02	; 2
		
		// 상태에 따른 이벤트 발생시키기 : 시간 종료로 인한 상태 변화도 만들 것
		if(machine_state == wash_state){
			if(!wash_running())
			{
				machine_state = rinse_state;
     4f0:	1c c0       	rjmp	.+56     	; 0x52a <__LOCK_REGION_LENGTH__+0x12a>
     4f2:	c2 30       	cpi	r28, 0x02	; 2
				current_fnd_washing_value = rinse_time*60;
			}
		} else if(machine_state == rinse_state)		// rinse_running() 측에서 다 마치면, 수정하는 걸로.
     4f4:	99 f4       	brne	.+38     	; 0x51c <__LOCK_REGION_LENGTH__+0x11c>
     4f6:	96 d1       	rcall	.+812    	; 0x824 <rinse_running>
		{
			if(!rinse_running())
     4f8:	89 2b       	or	r24, r25
     4fa:	b9 f4       	brne	.+46     	; 0x52a <__LOCK_REGION_LENGTH__+0x12a>
     4fc:	20 91 44 01 	lds	r18, 0x0144	; 0x800144 <spin_time>
			{
				machine_state = spin_state;
				current_fnd_washing_value = spin_time*60;
     500:	30 91 45 01 	lds	r19, 0x0145	; 0x800145 <spin_time+0x1>
     504:	4c e3       	ldi	r20, 0x3C	; 60
     506:	42 9f       	mul	r20, r18
     508:	c0 01       	movw	r24, r0
     50a:	43 9f       	mul	r20, r19
     50c:	90 0d       	add	r25, r0
     50e:	11 24       	eor	r1, r1
     510:	90 93 33 01 	sts	0x0133, r25	; 0x800133 <current_fnd_washing_value+0x1>
     514:	80 93 32 01 	sts	0x0132, r24	; 0x800132 <current_fnd_washing_value>
			}
		} else if(machine_state == rinse_state)		// rinse_running() 측에서 다 마치면, 수정하는 걸로.
		{
			if(!rinse_running())
			{
				machine_state = spin_state;
     518:	c3 e0       	ldi	r28, 0x03	; 3
     51a:	07 c0       	rjmp	.+14     	; 0x52a <__LOCK_REGION_LENGTH__+0x12a>
				current_fnd_washing_value = spin_time*60;
			}
		} else if(machine_state == spin_state)
     51c:	c3 30       	cpi	r28, 0x03	; 3
     51e:	29 f4       	brne	.+10     	; 0x52a <__LOCK_REGION_LENGTH__+0x12a>
		{
			if(!spin_running())
     520:	8f d1       	rcall	.+798    	; 0x840 <spin_running>
     522:	89 2b       	or	r24, r25
     524:	11 f4       	brne	.+4      	; 0x52a <__LOCK_REGION_LENGTH__+0x12a>
     526:	0b df       	rcall	.-490    	; 0x33e <led_all_off>
			{
				machine_state = standby_state;
				led_all_off();
     528:	c0 e0       	ldi	r28, 0x00	; 0
     52a:	c1 11       	cpse	r28, r1
			}
		} else if(machine_state == spin_state)
		{
			if(!spin_running())
			{
				machine_state = standby_state;
     52c:	1c cf       	rjmp	.-456    	; 0x366 <main+0xc>
				led_all_off();
			}
		}
		
		if(machine_state == standby_state){
     52e:	10 92 39 01 	sts	0x0139, r1	; 0x800139 <is_use_timer_set_status+0x1>
			is_use_timer_set_status = 0;
     532:	10 92 38 01 	sts	0x0138, r1	; 0x800138 <is_use_timer_set_status>
     536:	10 92 37 01 	sts	0x0137, r1	; 0x800137 <is_use_timer_running_washmach+0x1>
			is_use_timer_running_washmach = 0;
     53a:	10 92 36 01 	sts	0x0136, r1	; 0x800136 <is_use_timer_running_washmach>
     53e:	13 cf       	rjmp	.-474    	; 0x366 <main+0xc>

00000540 <__vector_16>:

extern void time_set_fnd(int min_time);

// 배워야할 점: ISR 내에서 다루는 변수는 모두 volatile 형식으로 선언해야함.
ISR(TIMER0_OVF_vect)
{
     540:	1f 92       	push	r1
     542:	0f 92       	push	r0
     544:	0f b6       	in	r0, 0x3f	; 63
     546:	0f 92       	push	r0
     548:	11 24       	eor	r1, r1
     54a:	0b b6       	in	r0, 0x3b	; 59
     54c:	0f 92       	push	r0
     54e:	2f 93       	push	r18
     550:	3f 93       	push	r19
     552:	4f 93       	push	r20
     554:	5f 93       	push	r21
     556:	6f 93       	push	r22
     558:	7f 93       	push	r23
     55a:	8f 93       	push	r24
     55c:	9f 93       	push	r25
     55e:	af 93       	push	r26
     560:	bf 93       	push	r27
     562:	ef 93       	push	r30
     564:	ff 93       	push	r31
	TCNT0 = 6;
     566:	86 e0       	ldi	r24, 0x06	; 6
     568:	82 bf       	out	0x32, r24	; 50
	static int tick_4ms = 0;

	if(is_use_timer_set_status)
     56a:	80 91 38 01 	lds	r24, 0x0138	; 0x800138 <is_use_timer_set_status>
     56e:	90 91 39 01 	lds	r25, 0x0139	; 0x800139 <is_use_timer_set_status+0x1>
     572:	89 2b       	or	r24, r25
     574:	31 f0       	breq	.+12     	; 0x582 <__vector_16+0x42>
		time_set_fnd(current_fnd_setting_value);
     576:	80 91 34 01 	lds	r24, 0x0134	; 0x800134 <current_fnd_setting_value>
     57a:	90 91 35 01 	lds	r25, 0x0135	; 0x800135 <current_fnd_setting_value+0x1>
     57e:	ee dd       	rcall	.-1060   	; 0x15c <time_set_fnd>
     580:	2d c0       	rjmp	.+90     	; 0x5dc <__vector_16+0x9c>
	else if(is_use_timer_running_washmach)
     582:	80 91 36 01 	lds	r24, 0x0136	; 0x800136 <is_use_timer_running_washmach>
     586:	90 91 37 01 	lds	r25, 0x0137	; 0x800137 <is_use_timer_running_washmach+0x1>
     58a:	89 2b       	or	r24, r25
     58c:	31 f1       	breq	.+76     	; 0x5da <__vector_16+0x9a>
	{	
		tick_4ms++;
     58e:	80 91 3a 01 	lds	r24, 0x013A	; 0x80013a <tick_4ms.1815>
     592:	90 91 3b 01 	lds	r25, 0x013B	; 0x80013b <tick_4ms.1815+0x1>
     596:	01 96       	adiw	r24, 0x01	; 1
     598:	90 93 3b 01 	sts	0x013B, r25	; 0x80013b <tick_4ms.1815+0x1>
     59c:	80 93 3a 01 	sts	0x013A, r24	; 0x80013a <tick_4ms.1815>
		wash_running_express_fnd(current_fnd_washing_value);
     5a0:	80 91 32 01 	lds	r24, 0x0132	; 0x800132 <current_fnd_washing_value>
     5a4:	90 91 33 01 	lds	r25, 0x0133	; 0x800133 <current_fnd_washing_value+0x1>
     5a8:	2a de       	rcall	.-940    	; 0x1fe <wash_running_express_fnd>
		if(tick_4ms >= 250)
     5aa:	80 91 3a 01 	lds	r24, 0x013A	; 0x80013a <tick_4ms.1815>
     5ae:	90 91 3b 01 	lds	r25, 0x013B	; 0x80013b <tick_4ms.1815+0x1>
     5b2:	8a 3f       	cpi	r24, 0xFA	; 250
     5b4:	91 05       	cpc	r25, r1
     5b6:	94 f0       	brlt	.+36     	; 0x5dc <__vector_16+0x9c>
		{
			if(current_fnd_washing_value > 0)
     5b8:	80 91 32 01 	lds	r24, 0x0132	; 0x800132 <current_fnd_washing_value>
     5bc:	90 91 33 01 	lds	r25, 0x0133	; 0x800133 <current_fnd_washing_value+0x1>
     5c0:	18 16       	cp	r1, r24
     5c2:	19 06       	cpc	r1, r25
     5c4:	2c f4       	brge	.+10     	; 0x5d0 <__vector_16+0x90>
				current_fnd_washing_value--;
     5c6:	01 97       	sbiw	r24, 0x01	; 1
     5c8:	90 93 33 01 	sts	0x0133, r25	; 0x800133 <current_fnd_washing_value+0x1>
     5cc:	80 93 32 01 	sts	0x0132, r24	; 0x800132 <current_fnd_washing_value>

			tick_4ms = 0;
     5d0:	10 92 3b 01 	sts	0x013B, r1	; 0x80013b <tick_4ms.1815+0x1>
     5d4:	10 92 3a 01 	sts	0x013A, r1	; 0x80013a <tick_4ms.1815>
		}
	}
	else fnd_all_off();
     5d8:	01 c0       	rjmp	.+2      	; 0x5dc <__vector_16+0x9c>
     5da:	00 de       	rcall	.-1024   	; 0x1dc <fnd_all_off>
}
     5dc:	ff 91       	pop	r31
     5de:	ef 91       	pop	r30
     5e0:	bf 91       	pop	r27
     5e2:	af 91       	pop	r26
     5e4:	9f 91       	pop	r25
     5e6:	8f 91       	pop	r24
     5e8:	7f 91       	pop	r23
     5ea:	6f 91       	pop	r22
     5ec:	5f 91       	pop	r21
     5ee:	4f 91       	pop	r20
     5f0:	3f 91       	pop	r19
     5f2:	2f 91       	pop	r18
     5f4:	0f 90       	pop	r0
     5f6:	0b be       	out	0x3b, r0	; 59
     5f8:	0f 90       	pop	r0
     5fa:	0f be       	out	0x3f, r0	; 63
     5fc:	0f 90       	pop	r0
     5fe:	1f 90       	pop	r1
     600:	18 95       	reti

00000602 <init_timer0>:


void init_timer0(void)
{
	TCNT0 = 6;	// 250개 돌아가고, 1ms로 하겠다.
     602:	86 e0       	ldi	r24, 0x06	; 6
     604:	82 bf       	out	0x32, r24	; 50
	
	TCCR0 = 0x00;	// 초기화
     606:	13 be       	out	0x33, r1	; 51
	TCCR0 |= (1 << CS02) | (0 << CS01) | (0 << CS00);	// 64분주로.
     608:	83 b7       	in	r24, 0x33	; 51
     60a:	84 60       	ori	r24, 0x04	; 4
     60c:	83 bf       	out	0x33, r24	; 51
	
	TIMSK |= (1 << TOIE0);
     60e:	87 b7       	in	r24, 0x37	; 55
     610:	81 60       	ori	r24, 0x01	; 1
     612:	87 bf       	out	0x37, r24	; 55
     614:	08 95       	ret

00000616 <__vector_18>:
     616:	1f 92       	push	r1
     618:	0f 92       	push	r0
     61a:	0f b6       	in	r0, 0x3f	; 63
     61c:	0f 92       	push	r0
     61e:	11 24       	eor	r1, r1
     620:	0b b6       	in	r0, 0x3b	; 59
     622:	0f 92       	push	r0
     624:	2f 93       	push	r18
     626:	3f 93       	push	r19
     628:	4f 93       	push	r20
     62a:	5f 93       	push	r21
     62c:	6f 93       	push	r22
     62e:	7f 93       	push	r23
     630:	8f 93       	push	r24
     632:	9f 93       	push	r25
     634:	af 93       	push	r26
     636:	bf 93       	push	r27
     638:	ef 93       	push	r30
     63a:	ff 93       	push	r31
     63c:	cf 93       	push	r28
     63e:	df 93       	push	r29
     640:	1f 92       	push	r1
     642:	cd b7       	in	r28, 0x3d	; 61
     644:	de b7       	in	r29, 0x3e	; 62
     646:	8c b1       	in	r24, 0x0c	; 12
     648:	89 83       	std	Y+1, r24	; 0x01
     64a:	89 81       	ldd	r24, Y+1	; 0x01
     64c:	8a 30       	cpi	r24, 0x0A	; 10
     64e:	19 f0       	breq	.+6      	; 0x656 <__vector_18+0x40>
     650:	89 81       	ldd	r24, Y+1	; 0x01
     652:	8d 30       	cpi	r24, 0x0D	; 13
     654:	c1 f5       	brne	.+112    	; 0x6c6 <__vector_18+0xb0>
     656:	80 91 40 01 	lds	r24, 0x0140	; 0x800140 <rear>
     65a:	90 91 41 01 	lds	r25, 0x0141	; 0x800141 <rear+0x1>
     65e:	01 96       	adiw	r24, 0x01	; 1
     660:	2a e0       	ldi	r18, 0x0A	; 10
     662:	30 e0       	ldi	r19, 0x00	; 0
     664:	b9 01       	movw	r22, r18
     666:	84 d2       	rcall	.+1288   	; 0xb70 <__divmodhi4>
     668:	fc 01       	movw	r30, r24
     66a:	80 91 3e 01 	lds	r24, 0x013E	; 0x80013e <front>
     66e:	90 91 3f 01 	lds	r25, 0x013F	; 0x80013f <front+0x1>
     672:	b9 01       	movw	r22, r18
     674:	7d d2       	rcall	.+1274   	; 0xb70 <__divmodhi4>
     676:	e8 17       	cp	r30, r24
     678:	f9 07       	cpc	r31, r25
     67a:	09 f4       	brne	.+2      	; 0x67e <__vector_18+0x68>
     67c:	53 c0       	rjmp	.+166    	; 0x724 <__vector_18+0x10e>
     67e:	20 91 40 01 	lds	r18, 0x0140	; 0x800140 <rear>
     682:	30 91 41 01 	lds	r19, 0x0141	; 0x800141 <rear+0x1>
     686:	80 91 3c 01 	lds	r24, 0x013C	; 0x80013c <i.1879>
     68a:	90 91 3d 01 	lds	r25, 0x013D	; 0x80013d <i.1879+0x1>
     68e:	40 e5       	ldi	r20, 0x50	; 80
     690:	42 9f       	mul	r20, r18
     692:	f0 01       	movw	r30, r0
     694:	43 9f       	mul	r20, r19
     696:	f0 0d       	add	r31, r0
     698:	11 24       	eor	r1, r1
     69a:	e6 5b       	subi	r30, 0xB6	; 182
     69c:	fe 4f       	sbci	r31, 0xFE	; 254
     69e:	e8 0f       	add	r30, r24
     6a0:	f9 1f       	adc	r31, r25
     6a2:	10 82       	st	Z, r1
     6a4:	10 92 3d 01 	sts	0x013D, r1	; 0x80013d <i.1879+0x1>
     6a8:	10 92 3c 01 	sts	0x013C, r1	; 0x80013c <i.1879>
     6ac:	80 91 40 01 	lds	r24, 0x0140	; 0x800140 <rear>
     6b0:	90 91 41 01 	lds	r25, 0x0141	; 0x800141 <rear+0x1>
     6b4:	01 96       	adiw	r24, 0x01	; 1
     6b6:	6a e0       	ldi	r22, 0x0A	; 10
     6b8:	70 e0       	ldi	r23, 0x00	; 0
     6ba:	5a d2       	rcall	.+1204   	; 0xb70 <__divmodhi4>
     6bc:	90 93 41 01 	sts	0x0141, r25	; 0x800141 <rear+0x1>
     6c0:	80 93 40 01 	sts	0x0140, r24	; 0x800140 <rear>
     6c4:	2f c0       	rjmp	.+94     	; 0x724 <__vector_18+0x10e>
     6c6:	80 91 40 01 	lds	r24, 0x0140	; 0x800140 <rear>
     6ca:	90 91 41 01 	lds	r25, 0x0141	; 0x800141 <rear+0x1>
     6ce:	01 96       	adiw	r24, 0x01	; 1
     6d0:	2a e0       	ldi	r18, 0x0A	; 10
     6d2:	30 e0       	ldi	r19, 0x00	; 0
     6d4:	b9 01       	movw	r22, r18
     6d6:	4c d2       	rcall	.+1176   	; 0xb70 <__divmodhi4>
     6d8:	fc 01       	movw	r30, r24
     6da:	80 91 3e 01 	lds	r24, 0x013E	; 0x80013e <front>
     6de:	90 91 3f 01 	lds	r25, 0x013F	; 0x80013f <front+0x1>
     6e2:	b9 01       	movw	r22, r18
     6e4:	45 d2       	rcall	.+1162   	; 0xb70 <__divmodhi4>
     6e6:	e8 17       	cp	r30, r24
     6e8:	f9 07       	cpc	r31, r25
     6ea:	e1 f0       	breq	.+56     	; 0x724 <__vector_18+0x10e>
     6ec:	60 91 40 01 	lds	r22, 0x0140	; 0x800140 <rear>
     6f0:	70 91 41 01 	lds	r23, 0x0141	; 0x800141 <rear+0x1>
     6f4:	80 91 3c 01 	lds	r24, 0x013C	; 0x80013c <i.1879>
     6f8:	90 91 3d 01 	lds	r25, 0x013D	; 0x80013d <i.1879+0x1>
     6fc:	9c 01       	movw	r18, r24
     6fe:	2f 5f       	subi	r18, 0xFF	; 255
     700:	3f 4f       	sbci	r19, 0xFF	; 255
     702:	30 93 3d 01 	sts	0x013D, r19	; 0x80013d <i.1879+0x1>
     706:	20 93 3c 01 	sts	0x013C, r18	; 0x80013c <i.1879>
     70a:	49 81       	ldd	r20, Y+1	; 0x01
     70c:	50 e5       	ldi	r21, 0x50	; 80
     70e:	56 9f       	mul	r21, r22
     710:	90 01       	movw	r18, r0
     712:	57 9f       	mul	r21, r23
     714:	30 0d       	add	r19, r0
     716:	11 24       	eor	r1, r1
     718:	26 5b       	subi	r18, 0xB6	; 182
     71a:	3e 4f       	sbci	r19, 0xFE	; 254
     71c:	f9 01       	movw	r30, r18
     71e:	e8 0f       	add	r30, r24
     720:	f9 1f       	adc	r31, r25
     722:	40 83       	st	Z, r20
     724:	0f 90       	pop	r0
     726:	df 91       	pop	r29
     728:	cf 91       	pop	r28
     72a:	ff 91       	pop	r31
     72c:	ef 91       	pop	r30
     72e:	bf 91       	pop	r27
     730:	af 91       	pop	r26
     732:	9f 91       	pop	r25
     734:	8f 91       	pop	r24
     736:	7f 91       	pop	r23
     738:	6f 91       	pop	r22
     73a:	5f 91       	pop	r21
     73c:	4f 91       	pop	r20
     73e:	3f 91       	pop	r19
     740:	2f 91       	pop	r18
     742:	0f 90       	pop	r0
     744:	0b be       	out	0x3b, r0	; 59
     746:	0f 90       	pop	r0
     748:	0f be       	out	0x3f, r0	; 63
     74a:	0f 90       	pop	r0
     74c:	1f 90       	pop	r1
     74e:	18 95       	reti

00000750 <__vector_5>:
     750:	1f 92       	push	r1
     752:	0f 92       	push	r0
     754:	0f b6       	in	r0, 0x3f	; 63
     756:	0f 92       	push	r0
     758:	11 24       	eor	r1, r1
     75a:	0b b6       	in	r0, 0x3b	; 59
     75c:	0f 92       	push	r0
     75e:	2f 93       	push	r18
     760:	3f 93       	push	r19
     762:	4f 93       	push	r20
     764:	5f 93       	push	r21
     766:	6f 93       	push	r22
     768:	7f 93       	push	r23
     76a:	8f 93       	push	r24
     76c:	9f 93       	push	r25
     76e:	af 93       	push	r26
     770:	bf 93       	push	r27
     772:	ef 93       	push	r30
     774:	ff 93       	push	r31
     776:	0c 9b       	sbis	0x01, 4	; 1
     778:	03 c0       	rjmp	.+6      	; 0x780 <__vector_5+0x30>
     77a:	1d bc       	out	0x2d, r1	; 45
     77c:	1c bc       	out	0x2c, r1	; 44
     77e:	31 c0       	rjmp	.+98     	; 0x7e2 <__vector_5+0x92>
     780:	6c b5       	in	r22, 0x2c	; 44
     782:	7d b5       	in	r23, 0x2d	; 45
     784:	80 e0       	ldi	r24, 0x00	; 0
     786:	90 e0       	ldi	r25, 0x00	; 0
     788:	02 d1       	rcall	.+516    	; 0x98e <__floatunsisf>
     78a:	20 e0       	ldi	r18, 0x00	; 0
     78c:	34 e2       	ldi	r19, 0x24	; 36
     78e:	44 e7       	ldi	r20, 0x74	; 116
     790:	59 e4       	ldi	r21, 0x49	; 73
     792:	8b d1       	rcall	.+790    	; 0xaaa <__mulsf3>
     794:	20 e0       	ldi	r18, 0x00	; 0
     796:	30 e0       	ldi	r19, 0x00	; 0
     798:	40 e8       	ldi	r20, 0x80	; 128
     79a:	54 e4       	ldi	r21, 0x44	; 68
     79c:	86 d1       	rcall	.+780    	; 0xaaa <__mulsf3>
     79e:	20 e0       	ldi	r18, 0x00	; 0
     7a0:	34 e2       	ldi	r19, 0x24	; 36
     7a2:	44 e7       	ldi	r20, 0x74	; 116
     7a4:	5b e4       	ldi	r21, 0x4B	; 75
     7a6:	5a d0       	rcall	.+180    	; 0x85c <__divsf3>
     7a8:	c1 d0       	rcall	.+386    	; 0x92c <__fixsfsi>
     7aa:	70 93 43 01 	sts	0x0143, r23	; 0x800143 <ultrasonic_distance+0x1>
     7ae:	60 93 42 01 	sts	0x0142, r22	; 0x800142 <ultrasonic_distance>
     7b2:	80 91 42 01 	lds	r24, 0x0142	; 0x800142 <ultrasonic_distance>
     7b6:	90 91 43 01 	lds	r25, 0x0143	; 0x800143 <ultrasonic_distance+0x1>
     7ba:	6a e3       	ldi	r22, 0x3A	; 58
     7bc:	70 e0       	ldi	r23, 0x00	; 0
     7be:	d8 d1       	rcall	.+944    	; 0xb70 <__divmodhi4>
     7c0:	7f 93       	push	r23
     7c2:	6f 93       	push	r22
     7c4:	87 e1       	ldi	r24, 0x17	; 23
     7c6:	91 e0       	ldi	r25, 0x01	; 1
     7c8:	9f 93       	push	r25
     7ca:	8f 93       	push	r24
     7cc:	8a e6       	ldi	r24, 0x6A	; 106
     7ce:	94 e0       	ldi	r25, 0x04	; 4
     7d0:	9f 93       	push	r25
     7d2:	8f 93       	push	r24
     7d4:	f4 d1       	rcall	.+1000   	; 0xbbe <sprintf>
     7d6:	0f 90       	pop	r0
     7d8:	0f 90       	pop	r0
     7da:	0f 90       	pop	r0
     7dc:	0f 90       	pop	r0
     7de:	0f 90       	pop	r0
     7e0:	0f 90       	pop	r0
     7e2:	ff 91       	pop	r31
     7e4:	ef 91       	pop	r30
     7e6:	bf 91       	pop	r27
     7e8:	af 91       	pop	r26
     7ea:	9f 91       	pop	r25
     7ec:	8f 91       	pop	r24
     7ee:	7f 91       	pop	r23
     7f0:	6f 91       	pop	r22
     7f2:	5f 91       	pop	r21
     7f4:	4f 91       	pop	r20
     7f6:	3f 91       	pop	r19
     7f8:	2f 91       	pop	r18
     7fa:	0f 90       	pop	r0
     7fc:	0b be       	out	0x3b, r0	; 59
     7fe:	0f 90       	pop	r0
     800:	0f be       	out	0x3f, r0	; 63
     802:	0f 90       	pop	r0
     804:	1f 90       	pop	r1
     806:	18 95       	reti

00000808 <wash_running>:
volatile int rinse_time = 0;
volatile int spin_time = 0;

int wash_running()
{
	wash_running_express_led();
     808:	9c dd       	rcall	.-1224   	; 0x342 <wash_running_express_led>
	
    if(current_fnd_washing_value <= 0)
     80a:	80 91 32 01 	lds	r24, 0x0132	; 0x800132 <current_fnd_washing_value>
     80e:	90 91 33 01 	lds	r25, 0x0133	; 0x800133 <current_fnd_washing_value+0x1>
     812:	18 16       	cp	r1, r24
     814:	19 06       	cpc	r1, r25
     816:	1c f0       	brlt	.+6      	; 0x81e <wash_running+0x16>
	    return 0;
     818:	80 e0       	ldi	r24, 0x00	; 0
     81a:	90 e0       	ldi	r25, 0x00	; 0
     81c:	08 95       	ret

    return 1;
     81e:	81 e0       	ldi	r24, 0x01	; 1
     820:	90 e0       	ldi	r25, 0x00	; 0
}
     822:	08 95       	ret

00000824 <rinse_running>:

int rinse_running(void)
{
	rinse_running_express_led();
     824:	92 dd       	rcall	.-1244   	; 0x34a <rinse_running_express_led>
	
	if(current_fnd_washing_value <= 0)
     826:	80 91 32 01 	lds	r24, 0x0132	; 0x800132 <current_fnd_washing_value>
     82a:	90 91 33 01 	lds	r25, 0x0133	; 0x800133 <current_fnd_washing_value+0x1>
     82e:	18 16       	cp	r1, r24
     830:	19 06       	cpc	r1, r25
     832:	1c f0       	brlt	.+6      	; 0x83a <rinse_running+0x16>
		return 0;
     834:	80 e0       	ldi	r24, 0x00	; 0
     836:	90 e0       	ldi	r25, 0x00	; 0
     838:	08 95       	ret

	return 1;
     83a:	81 e0       	ldi	r24, 0x01	; 1
     83c:	90 e0       	ldi	r25, 0x00	; 0

}
     83e:	08 95       	ret

00000840 <spin_running>:

int spin_running(void)
{
	spin_running_express_led();
     840:	88 dd       	rcall	.-1264   	; 0x352 <spin_running_express_led>
	
	if(current_fnd_washing_value <= 0)
     842:	80 91 32 01 	lds	r24, 0x0132	; 0x800132 <current_fnd_washing_value>
     846:	90 91 33 01 	lds	r25, 0x0133	; 0x800133 <current_fnd_washing_value+0x1>
     84a:	18 16       	cp	r1, r24
     84c:	19 06       	cpc	r1, r25
     84e:	1c f0       	brlt	.+6      	; 0x856 <spin_running+0x16>
		return 0;
     850:	80 e0       	ldi	r24, 0x00	; 0
     852:	90 e0       	ldi	r25, 0x00	; 0
     854:	08 95       	ret

	return 1;
     856:	81 e0       	ldi	r24, 0x01	; 1
     858:	90 e0       	ldi	r25, 0x00	; 0

     85a:	08 95       	ret

0000085c <__divsf3>:
     85c:	0c d0       	rcall	.+24     	; 0x876 <__divsf3x>
     85e:	eb c0       	rjmp	.+470    	; 0xa36 <__fp_round>
     860:	e3 d0       	rcall	.+454    	; 0xa28 <__fp_pscB>
     862:	40 f0       	brcs	.+16     	; 0x874 <__divsf3+0x18>
     864:	da d0       	rcall	.+436    	; 0xa1a <__fp_pscA>
     866:	30 f0       	brcs	.+12     	; 0x874 <__divsf3+0x18>
     868:	21 f4       	brne	.+8      	; 0x872 <__divsf3+0x16>
     86a:	5f 3f       	cpi	r21, 0xFF	; 255
     86c:	19 f0       	breq	.+6      	; 0x874 <__divsf3+0x18>
     86e:	cc c0       	rjmp	.+408    	; 0xa08 <__fp_inf>
     870:	51 11       	cpse	r21, r1
     872:	15 c1       	rjmp	.+554    	; 0xa9e <__fp_szero>
     874:	cf c0       	rjmp	.+414    	; 0xa14 <__fp_nan>

00000876 <__divsf3x>:
     876:	f0 d0       	rcall	.+480    	; 0xa58 <__fp_split3>
     878:	98 f3       	brcs	.-26     	; 0x860 <__divsf3+0x4>

0000087a <__divsf3_pse>:
     87a:	99 23       	and	r25, r25
     87c:	c9 f3       	breq	.-14     	; 0x870 <__divsf3+0x14>
     87e:	55 23       	and	r21, r21
     880:	b1 f3       	breq	.-20     	; 0x86e <__divsf3+0x12>
     882:	95 1b       	sub	r25, r21
     884:	55 0b       	sbc	r21, r21
     886:	bb 27       	eor	r27, r27
     888:	aa 27       	eor	r26, r26
     88a:	62 17       	cp	r22, r18
     88c:	73 07       	cpc	r23, r19
     88e:	84 07       	cpc	r24, r20
     890:	38 f0       	brcs	.+14     	; 0x8a0 <__divsf3_pse+0x26>
     892:	9f 5f       	subi	r25, 0xFF	; 255
     894:	5f 4f       	sbci	r21, 0xFF	; 255
     896:	22 0f       	add	r18, r18
     898:	33 1f       	adc	r19, r19
     89a:	44 1f       	adc	r20, r20
     89c:	aa 1f       	adc	r26, r26
     89e:	a9 f3       	breq	.-22     	; 0x88a <__divsf3_pse+0x10>
     8a0:	33 d0       	rcall	.+102    	; 0x908 <__divsf3_pse+0x8e>
     8a2:	0e 2e       	mov	r0, r30
     8a4:	3a f0       	brmi	.+14     	; 0x8b4 <__divsf3_pse+0x3a>
     8a6:	e0 e8       	ldi	r30, 0x80	; 128
     8a8:	30 d0       	rcall	.+96     	; 0x90a <__divsf3_pse+0x90>
     8aa:	91 50       	subi	r25, 0x01	; 1
     8ac:	50 40       	sbci	r21, 0x00	; 0
     8ae:	e6 95       	lsr	r30
     8b0:	00 1c       	adc	r0, r0
     8b2:	ca f7       	brpl	.-14     	; 0x8a6 <__divsf3_pse+0x2c>
     8b4:	29 d0       	rcall	.+82     	; 0x908 <__divsf3_pse+0x8e>
     8b6:	fe 2f       	mov	r31, r30
     8b8:	27 d0       	rcall	.+78     	; 0x908 <__divsf3_pse+0x8e>
     8ba:	66 0f       	add	r22, r22
     8bc:	77 1f       	adc	r23, r23
     8be:	88 1f       	adc	r24, r24
     8c0:	bb 1f       	adc	r27, r27
     8c2:	26 17       	cp	r18, r22
     8c4:	37 07       	cpc	r19, r23
     8c6:	48 07       	cpc	r20, r24
     8c8:	ab 07       	cpc	r26, r27
     8ca:	b0 e8       	ldi	r27, 0x80	; 128
     8cc:	09 f0       	breq	.+2      	; 0x8d0 <__divsf3_pse+0x56>
     8ce:	bb 0b       	sbc	r27, r27
     8d0:	80 2d       	mov	r24, r0
     8d2:	bf 01       	movw	r22, r30
     8d4:	ff 27       	eor	r31, r31
     8d6:	93 58       	subi	r25, 0x83	; 131
     8d8:	5f 4f       	sbci	r21, 0xFF	; 255
     8da:	2a f0       	brmi	.+10     	; 0x8e6 <__divsf3_pse+0x6c>
     8dc:	9e 3f       	cpi	r25, 0xFE	; 254
     8de:	51 05       	cpc	r21, r1
     8e0:	68 f0       	brcs	.+26     	; 0x8fc <__divsf3_pse+0x82>
     8e2:	92 c0       	rjmp	.+292    	; 0xa08 <__fp_inf>
     8e4:	dc c0       	rjmp	.+440    	; 0xa9e <__fp_szero>
     8e6:	5f 3f       	cpi	r21, 0xFF	; 255
     8e8:	ec f3       	brlt	.-6      	; 0x8e4 <__divsf3_pse+0x6a>
     8ea:	98 3e       	cpi	r25, 0xE8	; 232
     8ec:	dc f3       	brlt	.-10     	; 0x8e4 <__divsf3_pse+0x6a>
     8ee:	86 95       	lsr	r24
     8f0:	77 95       	ror	r23
     8f2:	67 95       	ror	r22
     8f4:	b7 95       	ror	r27
     8f6:	f7 95       	ror	r31
     8f8:	9f 5f       	subi	r25, 0xFF	; 255
     8fa:	c9 f7       	brne	.-14     	; 0x8ee <__divsf3_pse+0x74>
     8fc:	88 0f       	add	r24, r24
     8fe:	91 1d       	adc	r25, r1
     900:	96 95       	lsr	r25
     902:	87 95       	ror	r24
     904:	97 f9       	bld	r25, 7
     906:	08 95       	ret
     908:	e1 e0       	ldi	r30, 0x01	; 1
     90a:	66 0f       	add	r22, r22
     90c:	77 1f       	adc	r23, r23
     90e:	88 1f       	adc	r24, r24
     910:	bb 1f       	adc	r27, r27
     912:	62 17       	cp	r22, r18
     914:	73 07       	cpc	r23, r19
     916:	84 07       	cpc	r24, r20
     918:	ba 07       	cpc	r27, r26
     91a:	20 f0       	brcs	.+8      	; 0x924 <__divsf3_pse+0xaa>
     91c:	62 1b       	sub	r22, r18
     91e:	73 0b       	sbc	r23, r19
     920:	84 0b       	sbc	r24, r20
     922:	ba 0b       	sbc	r27, r26
     924:	ee 1f       	adc	r30, r30
     926:	88 f7       	brcc	.-30     	; 0x90a <__divsf3_pse+0x90>
     928:	e0 95       	com	r30
     92a:	08 95       	ret

0000092c <__fixsfsi>:
     92c:	04 d0       	rcall	.+8      	; 0x936 <__fixunssfsi>
     92e:	68 94       	set
     930:	b1 11       	cpse	r27, r1
     932:	b5 c0       	rjmp	.+362    	; 0xa9e <__fp_szero>
     934:	08 95       	ret

00000936 <__fixunssfsi>:
     936:	98 d0       	rcall	.+304    	; 0xa68 <__fp_splitA>
     938:	88 f0       	brcs	.+34     	; 0x95c <__fixunssfsi+0x26>
     93a:	9f 57       	subi	r25, 0x7F	; 127
     93c:	90 f0       	brcs	.+36     	; 0x962 <__fixunssfsi+0x2c>
     93e:	b9 2f       	mov	r27, r25
     940:	99 27       	eor	r25, r25
     942:	b7 51       	subi	r27, 0x17	; 23
     944:	a0 f0       	brcs	.+40     	; 0x96e <__fixunssfsi+0x38>
     946:	d1 f0       	breq	.+52     	; 0x97c <__fixunssfsi+0x46>
     948:	66 0f       	add	r22, r22
     94a:	77 1f       	adc	r23, r23
     94c:	88 1f       	adc	r24, r24
     94e:	99 1f       	adc	r25, r25
     950:	1a f0       	brmi	.+6      	; 0x958 <__fixunssfsi+0x22>
     952:	ba 95       	dec	r27
     954:	c9 f7       	brne	.-14     	; 0x948 <__fixunssfsi+0x12>
     956:	12 c0       	rjmp	.+36     	; 0x97c <__fixunssfsi+0x46>
     958:	b1 30       	cpi	r27, 0x01	; 1
     95a:	81 f0       	breq	.+32     	; 0x97c <__fixunssfsi+0x46>
     95c:	9f d0       	rcall	.+318    	; 0xa9c <__fp_zero>
     95e:	b1 e0       	ldi	r27, 0x01	; 1
     960:	08 95       	ret
     962:	9c c0       	rjmp	.+312    	; 0xa9c <__fp_zero>
     964:	67 2f       	mov	r22, r23
     966:	78 2f       	mov	r23, r24
     968:	88 27       	eor	r24, r24
     96a:	b8 5f       	subi	r27, 0xF8	; 248
     96c:	39 f0       	breq	.+14     	; 0x97c <__fixunssfsi+0x46>
     96e:	b9 3f       	cpi	r27, 0xF9	; 249
     970:	cc f3       	brlt	.-14     	; 0x964 <__fixunssfsi+0x2e>
     972:	86 95       	lsr	r24
     974:	77 95       	ror	r23
     976:	67 95       	ror	r22
     978:	b3 95       	inc	r27
     97a:	d9 f7       	brne	.-10     	; 0x972 <__fixunssfsi+0x3c>
     97c:	3e f4       	brtc	.+14     	; 0x98c <__fixunssfsi+0x56>
     97e:	90 95       	com	r25
     980:	80 95       	com	r24
     982:	70 95       	com	r23
     984:	61 95       	neg	r22
     986:	7f 4f       	sbci	r23, 0xFF	; 255
     988:	8f 4f       	sbci	r24, 0xFF	; 255
     98a:	9f 4f       	sbci	r25, 0xFF	; 255
     98c:	08 95       	ret

0000098e <__floatunsisf>:
     98e:	e8 94       	clt
     990:	09 c0       	rjmp	.+18     	; 0x9a4 <__floatsisf+0x12>

00000992 <__floatsisf>:
     992:	97 fb       	bst	r25, 7
     994:	3e f4       	brtc	.+14     	; 0x9a4 <__floatsisf+0x12>
     996:	90 95       	com	r25
     998:	80 95       	com	r24
     99a:	70 95       	com	r23
     99c:	61 95       	neg	r22
     99e:	7f 4f       	sbci	r23, 0xFF	; 255
     9a0:	8f 4f       	sbci	r24, 0xFF	; 255
     9a2:	9f 4f       	sbci	r25, 0xFF	; 255
     9a4:	99 23       	and	r25, r25
     9a6:	a9 f0       	breq	.+42     	; 0x9d2 <__floatsisf+0x40>
     9a8:	f9 2f       	mov	r31, r25
     9aa:	96 e9       	ldi	r25, 0x96	; 150
     9ac:	bb 27       	eor	r27, r27
     9ae:	93 95       	inc	r25
     9b0:	f6 95       	lsr	r31
     9b2:	87 95       	ror	r24
     9b4:	77 95       	ror	r23
     9b6:	67 95       	ror	r22
     9b8:	b7 95       	ror	r27
     9ba:	f1 11       	cpse	r31, r1
     9bc:	f8 cf       	rjmp	.-16     	; 0x9ae <__floatsisf+0x1c>
     9be:	fa f4       	brpl	.+62     	; 0x9fe <__floatsisf+0x6c>
     9c0:	bb 0f       	add	r27, r27
     9c2:	11 f4       	brne	.+4      	; 0x9c8 <__floatsisf+0x36>
     9c4:	60 ff       	sbrs	r22, 0
     9c6:	1b c0       	rjmp	.+54     	; 0x9fe <__floatsisf+0x6c>
     9c8:	6f 5f       	subi	r22, 0xFF	; 255
     9ca:	7f 4f       	sbci	r23, 0xFF	; 255
     9cc:	8f 4f       	sbci	r24, 0xFF	; 255
     9ce:	9f 4f       	sbci	r25, 0xFF	; 255
     9d0:	16 c0       	rjmp	.+44     	; 0x9fe <__floatsisf+0x6c>
     9d2:	88 23       	and	r24, r24
     9d4:	11 f0       	breq	.+4      	; 0x9da <__floatsisf+0x48>
     9d6:	96 e9       	ldi	r25, 0x96	; 150
     9d8:	11 c0       	rjmp	.+34     	; 0x9fc <__floatsisf+0x6a>
     9da:	77 23       	and	r23, r23
     9dc:	21 f0       	breq	.+8      	; 0x9e6 <__floatsisf+0x54>
     9de:	9e e8       	ldi	r25, 0x8E	; 142
     9e0:	87 2f       	mov	r24, r23
     9e2:	76 2f       	mov	r23, r22
     9e4:	05 c0       	rjmp	.+10     	; 0x9f0 <__floatsisf+0x5e>
     9e6:	66 23       	and	r22, r22
     9e8:	71 f0       	breq	.+28     	; 0xa06 <__floatsisf+0x74>
     9ea:	96 e8       	ldi	r25, 0x86	; 134
     9ec:	86 2f       	mov	r24, r22
     9ee:	70 e0       	ldi	r23, 0x00	; 0
     9f0:	60 e0       	ldi	r22, 0x00	; 0
     9f2:	2a f0       	brmi	.+10     	; 0x9fe <__floatsisf+0x6c>
     9f4:	9a 95       	dec	r25
     9f6:	66 0f       	add	r22, r22
     9f8:	77 1f       	adc	r23, r23
     9fa:	88 1f       	adc	r24, r24
     9fc:	da f7       	brpl	.-10     	; 0x9f4 <__floatsisf+0x62>
     9fe:	88 0f       	add	r24, r24
     a00:	96 95       	lsr	r25
     a02:	87 95       	ror	r24
     a04:	97 f9       	bld	r25, 7
     a06:	08 95       	ret

00000a08 <__fp_inf>:
     a08:	97 f9       	bld	r25, 7
     a0a:	9f 67       	ori	r25, 0x7F	; 127
     a0c:	80 e8       	ldi	r24, 0x80	; 128
     a0e:	70 e0       	ldi	r23, 0x00	; 0
     a10:	60 e0       	ldi	r22, 0x00	; 0
     a12:	08 95       	ret

00000a14 <__fp_nan>:
     a14:	9f ef       	ldi	r25, 0xFF	; 255
     a16:	80 ec       	ldi	r24, 0xC0	; 192
     a18:	08 95       	ret

00000a1a <__fp_pscA>:
     a1a:	00 24       	eor	r0, r0
     a1c:	0a 94       	dec	r0
     a1e:	16 16       	cp	r1, r22
     a20:	17 06       	cpc	r1, r23
     a22:	18 06       	cpc	r1, r24
     a24:	09 06       	cpc	r0, r25
     a26:	08 95       	ret

00000a28 <__fp_pscB>:
     a28:	00 24       	eor	r0, r0
     a2a:	0a 94       	dec	r0
     a2c:	12 16       	cp	r1, r18
     a2e:	13 06       	cpc	r1, r19
     a30:	14 06       	cpc	r1, r20
     a32:	05 06       	cpc	r0, r21
     a34:	08 95       	ret

00000a36 <__fp_round>:
     a36:	09 2e       	mov	r0, r25
     a38:	03 94       	inc	r0
     a3a:	00 0c       	add	r0, r0
     a3c:	11 f4       	brne	.+4      	; 0xa42 <__fp_round+0xc>
     a3e:	88 23       	and	r24, r24
     a40:	52 f0       	brmi	.+20     	; 0xa56 <__fp_round+0x20>
     a42:	bb 0f       	add	r27, r27
     a44:	40 f4       	brcc	.+16     	; 0xa56 <__fp_round+0x20>
     a46:	bf 2b       	or	r27, r31
     a48:	11 f4       	brne	.+4      	; 0xa4e <__fp_round+0x18>
     a4a:	60 ff       	sbrs	r22, 0
     a4c:	04 c0       	rjmp	.+8      	; 0xa56 <__fp_round+0x20>
     a4e:	6f 5f       	subi	r22, 0xFF	; 255
     a50:	7f 4f       	sbci	r23, 0xFF	; 255
     a52:	8f 4f       	sbci	r24, 0xFF	; 255
     a54:	9f 4f       	sbci	r25, 0xFF	; 255
     a56:	08 95       	ret

00000a58 <__fp_split3>:
     a58:	57 fd       	sbrc	r21, 7
     a5a:	90 58       	subi	r25, 0x80	; 128
     a5c:	44 0f       	add	r20, r20
     a5e:	55 1f       	adc	r21, r21
     a60:	59 f0       	breq	.+22     	; 0xa78 <__fp_splitA+0x10>
     a62:	5f 3f       	cpi	r21, 0xFF	; 255
     a64:	71 f0       	breq	.+28     	; 0xa82 <__fp_splitA+0x1a>
     a66:	47 95       	ror	r20

00000a68 <__fp_splitA>:
     a68:	88 0f       	add	r24, r24
     a6a:	97 fb       	bst	r25, 7
     a6c:	99 1f       	adc	r25, r25
     a6e:	61 f0       	breq	.+24     	; 0xa88 <__fp_splitA+0x20>
     a70:	9f 3f       	cpi	r25, 0xFF	; 255
     a72:	79 f0       	breq	.+30     	; 0xa92 <__fp_splitA+0x2a>
     a74:	87 95       	ror	r24
     a76:	08 95       	ret
     a78:	12 16       	cp	r1, r18
     a7a:	13 06       	cpc	r1, r19
     a7c:	14 06       	cpc	r1, r20
     a7e:	55 1f       	adc	r21, r21
     a80:	f2 cf       	rjmp	.-28     	; 0xa66 <__fp_split3+0xe>
     a82:	46 95       	lsr	r20
     a84:	f1 df       	rcall	.-30     	; 0xa68 <__fp_splitA>
     a86:	08 c0       	rjmp	.+16     	; 0xa98 <__fp_splitA+0x30>
     a88:	16 16       	cp	r1, r22
     a8a:	17 06       	cpc	r1, r23
     a8c:	18 06       	cpc	r1, r24
     a8e:	99 1f       	adc	r25, r25
     a90:	f1 cf       	rjmp	.-30     	; 0xa74 <__fp_splitA+0xc>
     a92:	86 95       	lsr	r24
     a94:	71 05       	cpc	r23, r1
     a96:	61 05       	cpc	r22, r1
     a98:	08 94       	sec
     a9a:	08 95       	ret

00000a9c <__fp_zero>:
     a9c:	e8 94       	clt

00000a9e <__fp_szero>:
     a9e:	bb 27       	eor	r27, r27
     aa0:	66 27       	eor	r22, r22
     aa2:	77 27       	eor	r23, r23
     aa4:	cb 01       	movw	r24, r22
     aa6:	97 f9       	bld	r25, 7
     aa8:	08 95       	ret

00000aaa <__mulsf3>:
     aaa:	0b d0       	rcall	.+22     	; 0xac2 <__mulsf3x>
     aac:	c4 cf       	rjmp	.-120    	; 0xa36 <__fp_round>
     aae:	b5 df       	rcall	.-150    	; 0xa1a <__fp_pscA>
     ab0:	28 f0       	brcs	.+10     	; 0xabc <__mulsf3+0x12>
     ab2:	ba df       	rcall	.-140    	; 0xa28 <__fp_pscB>
     ab4:	18 f0       	brcs	.+6      	; 0xabc <__mulsf3+0x12>
     ab6:	95 23       	and	r25, r21
     ab8:	09 f0       	breq	.+2      	; 0xabc <__mulsf3+0x12>
     aba:	a6 cf       	rjmp	.-180    	; 0xa08 <__fp_inf>
     abc:	ab cf       	rjmp	.-170    	; 0xa14 <__fp_nan>
     abe:	11 24       	eor	r1, r1
     ac0:	ee cf       	rjmp	.-36     	; 0xa9e <__fp_szero>

00000ac2 <__mulsf3x>:
     ac2:	ca df       	rcall	.-108    	; 0xa58 <__fp_split3>
     ac4:	a0 f3       	brcs	.-24     	; 0xaae <__mulsf3+0x4>

00000ac6 <__mulsf3_pse>:
     ac6:	95 9f       	mul	r25, r21
     ac8:	d1 f3       	breq	.-12     	; 0xabe <__mulsf3+0x14>
     aca:	95 0f       	add	r25, r21
     acc:	50 e0       	ldi	r21, 0x00	; 0
     ace:	55 1f       	adc	r21, r21
     ad0:	62 9f       	mul	r22, r18
     ad2:	f0 01       	movw	r30, r0
     ad4:	72 9f       	mul	r23, r18
     ad6:	bb 27       	eor	r27, r27
     ad8:	f0 0d       	add	r31, r0
     ada:	b1 1d       	adc	r27, r1
     adc:	63 9f       	mul	r22, r19
     ade:	aa 27       	eor	r26, r26
     ae0:	f0 0d       	add	r31, r0
     ae2:	b1 1d       	adc	r27, r1
     ae4:	aa 1f       	adc	r26, r26
     ae6:	64 9f       	mul	r22, r20
     ae8:	66 27       	eor	r22, r22
     aea:	b0 0d       	add	r27, r0
     aec:	a1 1d       	adc	r26, r1
     aee:	66 1f       	adc	r22, r22
     af0:	82 9f       	mul	r24, r18
     af2:	22 27       	eor	r18, r18
     af4:	b0 0d       	add	r27, r0
     af6:	a1 1d       	adc	r26, r1
     af8:	62 1f       	adc	r22, r18
     afa:	73 9f       	mul	r23, r19
     afc:	b0 0d       	add	r27, r0
     afe:	a1 1d       	adc	r26, r1
     b00:	62 1f       	adc	r22, r18
     b02:	83 9f       	mul	r24, r19
     b04:	a0 0d       	add	r26, r0
     b06:	61 1d       	adc	r22, r1
     b08:	22 1f       	adc	r18, r18
     b0a:	74 9f       	mul	r23, r20
     b0c:	33 27       	eor	r19, r19
     b0e:	a0 0d       	add	r26, r0
     b10:	61 1d       	adc	r22, r1
     b12:	23 1f       	adc	r18, r19
     b14:	84 9f       	mul	r24, r20
     b16:	60 0d       	add	r22, r0
     b18:	21 1d       	adc	r18, r1
     b1a:	82 2f       	mov	r24, r18
     b1c:	76 2f       	mov	r23, r22
     b1e:	6a 2f       	mov	r22, r26
     b20:	11 24       	eor	r1, r1
     b22:	9f 57       	subi	r25, 0x7F	; 127
     b24:	50 40       	sbci	r21, 0x00	; 0
     b26:	8a f0       	brmi	.+34     	; 0xb4a <__mulsf3_pse+0x84>
     b28:	e1 f0       	breq	.+56     	; 0xb62 <__mulsf3_pse+0x9c>
     b2a:	88 23       	and	r24, r24
     b2c:	4a f0       	brmi	.+18     	; 0xb40 <__mulsf3_pse+0x7a>
     b2e:	ee 0f       	add	r30, r30
     b30:	ff 1f       	adc	r31, r31
     b32:	bb 1f       	adc	r27, r27
     b34:	66 1f       	adc	r22, r22
     b36:	77 1f       	adc	r23, r23
     b38:	88 1f       	adc	r24, r24
     b3a:	91 50       	subi	r25, 0x01	; 1
     b3c:	50 40       	sbci	r21, 0x00	; 0
     b3e:	a9 f7       	brne	.-22     	; 0xb2a <__mulsf3_pse+0x64>
     b40:	9e 3f       	cpi	r25, 0xFE	; 254
     b42:	51 05       	cpc	r21, r1
     b44:	70 f0       	brcs	.+28     	; 0xb62 <__mulsf3_pse+0x9c>
     b46:	60 cf       	rjmp	.-320    	; 0xa08 <__fp_inf>
     b48:	aa cf       	rjmp	.-172    	; 0xa9e <__fp_szero>
     b4a:	5f 3f       	cpi	r21, 0xFF	; 255
     b4c:	ec f3       	brlt	.-6      	; 0xb48 <__mulsf3_pse+0x82>
     b4e:	98 3e       	cpi	r25, 0xE8	; 232
     b50:	dc f3       	brlt	.-10     	; 0xb48 <__mulsf3_pse+0x82>
     b52:	86 95       	lsr	r24
     b54:	77 95       	ror	r23
     b56:	67 95       	ror	r22
     b58:	b7 95       	ror	r27
     b5a:	f7 95       	ror	r31
     b5c:	e7 95       	ror	r30
     b5e:	9f 5f       	subi	r25, 0xFF	; 255
     b60:	c1 f7       	brne	.-16     	; 0xb52 <__mulsf3_pse+0x8c>
     b62:	fe 2b       	or	r31, r30
     b64:	88 0f       	add	r24, r24
     b66:	91 1d       	adc	r25, r1
     b68:	96 95       	lsr	r25
     b6a:	87 95       	ror	r24
     b6c:	97 f9       	bld	r25, 7
     b6e:	08 95       	ret

00000b70 <__divmodhi4>:
     b70:	97 fb       	bst	r25, 7
     b72:	07 2e       	mov	r0, r23
     b74:	16 f4       	brtc	.+4      	; 0xb7a <__divmodhi4+0xa>
     b76:	00 94       	com	r0
     b78:	06 d0       	rcall	.+12     	; 0xb86 <__divmodhi4_neg1>
     b7a:	77 fd       	sbrc	r23, 7
     b7c:	08 d0       	rcall	.+16     	; 0xb8e <__divmodhi4_neg2>
     b7e:	0b d0       	rcall	.+22     	; 0xb96 <__udivmodhi4>
     b80:	07 fc       	sbrc	r0, 7
     b82:	05 d0       	rcall	.+10     	; 0xb8e <__divmodhi4_neg2>
     b84:	3e f4       	brtc	.+14     	; 0xb94 <__divmodhi4_exit>

00000b86 <__divmodhi4_neg1>:
     b86:	90 95       	com	r25
     b88:	81 95       	neg	r24
     b8a:	9f 4f       	sbci	r25, 0xFF	; 255
     b8c:	08 95       	ret

00000b8e <__divmodhi4_neg2>:
     b8e:	70 95       	com	r23
     b90:	61 95       	neg	r22
     b92:	7f 4f       	sbci	r23, 0xFF	; 255

00000b94 <__divmodhi4_exit>:
     b94:	08 95       	ret

00000b96 <__udivmodhi4>:
     b96:	aa 1b       	sub	r26, r26
     b98:	bb 1b       	sub	r27, r27
     b9a:	51 e1       	ldi	r21, 0x11	; 17
     b9c:	07 c0       	rjmp	.+14     	; 0xbac <__udivmodhi4_ep>

00000b9e <__udivmodhi4_loop>:
     b9e:	aa 1f       	adc	r26, r26
     ba0:	bb 1f       	adc	r27, r27
     ba2:	a6 17       	cp	r26, r22
     ba4:	b7 07       	cpc	r27, r23
     ba6:	10 f0       	brcs	.+4      	; 0xbac <__udivmodhi4_ep>
     ba8:	a6 1b       	sub	r26, r22
     baa:	b7 0b       	sbc	r27, r23

00000bac <__udivmodhi4_ep>:
     bac:	88 1f       	adc	r24, r24
     bae:	99 1f       	adc	r25, r25
     bb0:	5a 95       	dec	r21
     bb2:	a9 f7       	brne	.-22     	; 0xb9e <__udivmodhi4_loop>
     bb4:	80 95       	com	r24
     bb6:	90 95       	com	r25
     bb8:	bc 01       	movw	r22, r24
     bba:	cd 01       	movw	r24, r26
     bbc:	08 95       	ret

00000bbe <sprintf>:
     bbe:	0f 93       	push	r16
     bc0:	1f 93       	push	r17
     bc2:	cf 93       	push	r28
     bc4:	df 93       	push	r29
     bc6:	cd b7       	in	r28, 0x3d	; 61
     bc8:	de b7       	in	r29, 0x3e	; 62
     bca:	2e 97       	sbiw	r28, 0x0e	; 14
     bcc:	0f b6       	in	r0, 0x3f	; 63
     bce:	f8 94       	cli
     bd0:	de bf       	out	0x3e, r29	; 62
     bd2:	0f be       	out	0x3f, r0	; 63
     bd4:	cd bf       	out	0x3d, r28	; 61
     bd6:	0d 89       	ldd	r16, Y+21	; 0x15
     bd8:	1e 89       	ldd	r17, Y+22	; 0x16
     bda:	86 e0       	ldi	r24, 0x06	; 6
     bdc:	8c 83       	std	Y+4, r24	; 0x04
     bde:	1a 83       	std	Y+2, r17	; 0x02
     be0:	09 83       	std	Y+1, r16	; 0x01
     be2:	8f ef       	ldi	r24, 0xFF	; 255
     be4:	9f e7       	ldi	r25, 0x7F	; 127
     be6:	9e 83       	std	Y+6, r25	; 0x06
     be8:	8d 83       	std	Y+5, r24	; 0x05
     bea:	ae 01       	movw	r20, r28
     bec:	47 5e       	subi	r20, 0xE7	; 231
     bee:	5f 4f       	sbci	r21, 0xFF	; 255
     bf0:	6f 89       	ldd	r22, Y+23	; 0x17
     bf2:	78 8d       	ldd	r23, Y+24	; 0x18
     bf4:	ce 01       	movw	r24, r28
     bf6:	01 96       	adiw	r24, 0x01	; 1
     bf8:	10 d0       	rcall	.+32     	; 0xc1a <vfprintf>
     bfa:	ef 81       	ldd	r30, Y+7	; 0x07
     bfc:	f8 85       	ldd	r31, Y+8	; 0x08
     bfe:	e0 0f       	add	r30, r16
     c00:	f1 1f       	adc	r31, r17
     c02:	10 82       	st	Z, r1
     c04:	2e 96       	adiw	r28, 0x0e	; 14
     c06:	0f b6       	in	r0, 0x3f	; 63
     c08:	f8 94       	cli
     c0a:	de bf       	out	0x3e, r29	; 62
     c0c:	0f be       	out	0x3f, r0	; 63
     c0e:	cd bf       	out	0x3d, r28	; 61
     c10:	df 91       	pop	r29
     c12:	cf 91       	pop	r28
     c14:	1f 91       	pop	r17
     c16:	0f 91       	pop	r16
     c18:	08 95       	ret

00000c1a <vfprintf>:
     c1a:	2f 92       	push	r2
     c1c:	3f 92       	push	r3
     c1e:	4f 92       	push	r4
     c20:	5f 92       	push	r5
     c22:	6f 92       	push	r6
     c24:	7f 92       	push	r7
     c26:	8f 92       	push	r8
     c28:	9f 92       	push	r9
     c2a:	af 92       	push	r10
     c2c:	bf 92       	push	r11
     c2e:	cf 92       	push	r12
     c30:	df 92       	push	r13
     c32:	ef 92       	push	r14
     c34:	ff 92       	push	r15
     c36:	0f 93       	push	r16
     c38:	1f 93       	push	r17
     c3a:	cf 93       	push	r28
     c3c:	df 93       	push	r29
     c3e:	cd b7       	in	r28, 0x3d	; 61
     c40:	de b7       	in	r29, 0x3e	; 62
     c42:	2b 97       	sbiw	r28, 0x0b	; 11
     c44:	0f b6       	in	r0, 0x3f	; 63
     c46:	f8 94       	cli
     c48:	de bf       	out	0x3e, r29	; 62
     c4a:	0f be       	out	0x3f, r0	; 63
     c4c:	cd bf       	out	0x3d, r28	; 61
     c4e:	6c 01       	movw	r12, r24
     c50:	7b 01       	movw	r14, r22
     c52:	8a 01       	movw	r16, r20
     c54:	fc 01       	movw	r30, r24
     c56:	17 82       	std	Z+7, r1	; 0x07
     c58:	16 82       	std	Z+6, r1	; 0x06
     c5a:	83 81       	ldd	r24, Z+3	; 0x03
     c5c:	81 ff       	sbrs	r24, 1
     c5e:	bf c1       	rjmp	.+894    	; 0xfde <vfprintf+0x3c4>
     c60:	ce 01       	movw	r24, r28
     c62:	01 96       	adiw	r24, 0x01	; 1
     c64:	3c 01       	movw	r6, r24
     c66:	f6 01       	movw	r30, r12
     c68:	93 81       	ldd	r25, Z+3	; 0x03
     c6a:	f7 01       	movw	r30, r14
     c6c:	93 fd       	sbrc	r25, 3
     c6e:	85 91       	lpm	r24, Z+
     c70:	93 ff       	sbrs	r25, 3
     c72:	81 91       	ld	r24, Z+
     c74:	7f 01       	movw	r14, r30
     c76:	88 23       	and	r24, r24
     c78:	09 f4       	brne	.+2      	; 0xc7c <vfprintf+0x62>
     c7a:	ad c1       	rjmp	.+858    	; 0xfd6 <vfprintf+0x3bc>
     c7c:	85 32       	cpi	r24, 0x25	; 37
     c7e:	39 f4       	brne	.+14     	; 0xc8e <vfprintf+0x74>
     c80:	93 fd       	sbrc	r25, 3
     c82:	85 91       	lpm	r24, Z+
     c84:	93 ff       	sbrs	r25, 3
     c86:	81 91       	ld	r24, Z+
     c88:	7f 01       	movw	r14, r30
     c8a:	85 32       	cpi	r24, 0x25	; 37
     c8c:	21 f4       	brne	.+8      	; 0xc96 <vfprintf+0x7c>
     c8e:	b6 01       	movw	r22, r12
     c90:	90 e0       	ldi	r25, 0x00	; 0
     c92:	d6 d1       	rcall	.+940    	; 0x1040 <fputc>
     c94:	e8 cf       	rjmp	.-48     	; 0xc66 <vfprintf+0x4c>
     c96:	91 2c       	mov	r9, r1
     c98:	21 2c       	mov	r2, r1
     c9a:	31 2c       	mov	r3, r1
     c9c:	ff e1       	ldi	r31, 0x1F	; 31
     c9e:	f3 15       	cp	r31, r3
     ca0:	d8 f0       	brcs	.+54     	; 0xcd8 <vfprintf+0xbe>
     ca2:	8b 32       	cpi	r24, 0x2B	; 43
     ca4:	79 f0       	breq	.+30     	; 0xcc4 <vfprintf+0xaa>
     ca6:	38 f4       	brcc	.+14     	; 0xcb6 <vfprintf+0x9c>
     ca8:	80 32       	cpi	r24, 0x20	; 32
     caa:	79 f0       	breq	.+30     	; 0xcca <vfprintf+0xb0>
     cac:	83 32       	cpi	r24, 0x23	; 35
     cae:	a1 f4       	brne	.+40     	; 0xcd8 <vfprintf+0xbe>
     cb0:	23 2d       	mov	r18, r3
     cb2:	20 61       	ori	r18, 0x10	; 16
     cb4:	1d c0       	rjmp	.+58     	; 0xcf0 <vfprintf+0xd6>
     cb6:	8d 32       	cpi	r24, 0x2D	; 45
     cb8:	61 f0       	breq	.+24     	; 0xcd2 <vfprintf+0xb8>
     cba:	80 33       	cpi	r24, 0x30	; 48
     cbc:	69 f4       	brne	.+26     	; 0xcd8 <vfprintf+0xbe>
     cbe:	23 2d       	mov	r18, r3
     cc0:	21 60       	ori	r18, 0x01	; 1
     cc2:	16 c0       	rjmp	.+44     	; 0xcf0 <vfprintf+0xd6>
     cc4:	83 2d       	mov	r24, r3
     cc6:	82 60       	ori	r24, 0x02	; 2
     cc8:	38 2e       	mov	r3, r24
     cca:	e3 2d       	mov	r30, r3
     ccc:	e4 60       	ori	r30, 0x04	; 4
     cce:	3e 2e       	mov	r3, r30
     cd0:	2a c0       	rjmp	.+84     	; 0xd26 <vfprintf+0x10c>
     cd2:	f3 2d       	mov	r31, r3
     cd4:	f8 60       	ori	r31, 0x08	; 8
     cd6:	1d c0       	rjmp	.+58     	; 0xd12 <vfprintf+0xf8>
     cd8:	37 fc       	sbrc	r3, 7
     cda:	2d c0       	rjmp	.+90     	; 0xd36 <vfprintf+0x11c>
     cdc:	20 ed       	ldi	r18, 0xD0	; 208
     cde:	28 0f       	add	r18, r24
     ce0:	2a 30       	cpi	r18, 0x0A	; 10
     ce2:	40 f0       	brcs	.+16     	; 0xcf4 <vfprintf+0xda>
     ce4:	8e 32       	cpi	r24, 0x2E	; 46
     ce6:	b9 f4       	brne	.+46     	; 0xd16 <vfprintf+0xfc>
     ce8:	36 fc       	sbrc	r3, 6
     cea:	75 c1       	rjmp	.+746    	; 0xfd6 <vfprintf+0x3bc>
     cec:	23 2d       	mov	r18, r3
     cee:	20 64       	ori	r18, 0x40	; 64
     cf0:	32 2e       	mov	r3, r18
     cf2:	19 c0       	rjmp	.+50     	; 0xd26 <vfprintf+0x10c>
     cf4:	36 fe       	sbrs	r3, 6
     cf6:	06 c0       	rjmp	.+12     	; 0xd04 <vfprintf+0xea>
     cf8:	8a e0       	ldi	r24, 0x0A	; 10
     cfa:	98 9e       	mul	r9, r24
     cfc:	20 0d       	add	r18, r0
     cfe:	11 24       	eor	r1, r1
     d00:	92 2e       	mov	r9, r18
     d02:	11 c0       	rjmp	.+34     	; 0xd26 <vfprintf+0x10c>
     d04:	ea e0       	ldi	r30, 0x0A	; 10
     d06:	2e 9e       	mul	r2, r30
     d08:	20 0d       	add	r18, r0
     d0a:	11 24       	eor	r1, r1
     d0c:	22 2e       	mov	r2, r18
     d0e:	f3 2d       	mov	r31, r3
     d10:	f0 62       	ori	r31, 0x20	; 32
     d12:	3f 2e       	mov	r3, r31
     d14:	08 c0       	rjmp	.+16     	; 0xd26 <vfprintf+0x10c>
     d16:	8c 36       	cpi	r24, 0x6C	; 108
     d18:	21 f4       	brne	.+8      	; 0xd22 <vfprintf+0x108>
     d1a:	83 2d       	mov	r24, r3
     d1c:	80 68       	ori	r24, 0x80	; 128
     d1e:	38 2e       	mov	r3, r24
     d20:	02 c0       	rjmp	.+4      	; 0xd26 <vfprintf+0x10c>
     d22:	88 36       	cpi	r24, 0x68	; 104
     d24:	41 f4       	brne	.+16     	; 0xd36 <vfprintf+0x11c>
     d26:	f7 01       	movw	r30, r14
     d28:	93 fd       	sbrc	r25, 3
     d2a:	85 91       	lpm	r24, Z+
     d2c:	93 ff       	sbrs	r25, 3
     d2e:	81 91       	ld	r24, Z+
     d30:	7f 01       	movw	r14, r30
     d32:	81 11       	cpse	r24, r1
     d34:	b3 cf       	rjmp	.-154    	; 0xc9c <vfprintf+0x82>
     d36:	98 2f       	mov	r25, r24
     d38:	9f 7d       	andi	r25, 0xDF	; 223
     d3a:	95 54       	subi	r25, 0x45	; 69
     d3c:	93 30       	cpi	r25, 0x03	; 3
     d3e:	28 f4       	brcc	.+10     	; 0xd4a <vfprintf+0x130>
     d40:	0c 5f       	subi	r16, 0xFC	; 252
     d42:	1f 4f       	sbci	r17, 0xFF	; 255
     d44:	9f e3       	ldi	r25, 0x3F	; 63
     d46:	99 83       	std	Y+1, r25	; 0x01
     d48:	0d c0       	rjmp	.+26     	; 0xd64 <vfprintf+0x14a>
     d4a:	83 36       	cpi	r24, 0x63	; 99
     d4c:	31 f0       	breq	.+12     	; 0xd5a <vfprintf+0x140>
     d4e:	83 37       	cpi	r24, 0x73	; 115
     d50:	71 f0       	breq	.+28     	; 0xd6e <vfprintf+0x154>
     d52:	83 35       	cpi	r24, 0x53	; 83
     d54:	09 f0       	breq	.+2      	; 0xd58 <vfprintf+0x13e>
     d56:	55 c0       	rjmp	.+170    	; 0xe02 <vfprintf+0x1e8>
     d58:	20 c0       	rjmp	.+64     	; 0xd9a <vfprintf+0x180>
     d5a:	f8 01       	movw	r30, r16
     d5c:	80 81       	ld	r24, Z
     d5e:	89 83       	std	Y+1, r24	; 0x01
     d60:	0e 5f       	subi	r16, 0xFE	; 254
     d62:	1f 4f       	sbci	r17, 0xFF	; 255
     d64:	88 24       	eor	r8, r8
     d66:	83 94       	inc	r8
     d68:	91 2c       	mov	r9, r1
     d6a:	53 01       	movw	r10, r6
     d6c:	12 c0       	rjmp	.+36     	; 0xd92 <vfprintf+0x178>
     d6e:	28 01       	movw	r4, r16
     d70:	f2 e0       	ldi	r31, 0x02	; 2
     d72:	4f 0e       	add	r4, r31
     d74:	51 1c       	adc	r5, r1
     d76:	f8 01       	movw	r30, r16
     d78:	a0 80       	ld	r10, Z
     d7a:	b1 80       	ldd	r11, Z+1	; 0x01
     d7c:	36 fe       	sbrs	r3, 6
     d7e:	03 c0       	rjmp	.+6      	; 0xd86 <vfprintf+0x16c>
     d80:	69 2d       	mov	r22, r9
     d82:	70 e0       	ldi	r23, 0x00	; 0
     d84:	02 c0       	rjmp	.+4      	; 0xd8a <vfprintf+0x170>
     d86:	6f ef       	ldi	r22, 0xFF	; 255
     d88:	7f ef       	ldi	r23, 0xFF	; 255
     d8a:	c5 01       	movw	r24, r10
     d8c:	4e d1       	rcall	.+668    	; 0x102a <strnlen>
     d8e:	4c 01       	movw	r8, r24
     d90:	82 01       	movw	r16, r4
     d92:	f3 2d       	mov	r31, r3
     d94:	ff 77       	andi	r31, 0x7F	; 127
     d96:	3f 2e       	mov	r3, r31
     d98:	15 c0       	rjmp	.+42     	; 0xdc4 <vfprintf+0x1aa>
     d9a:	28 01       	movw	r4, r16
     d9c:	22 e0       	ldi	r18, 0x02	; 2
     d9e:	42 0e       	add	r4, r18
     da0:	51 1c       	adc	r5, r1
     da2:	f8 01       	movw	r30, r16
     da4:	a0 80       	ld	r10, Z
     da6:	b1 80       	ldd	r11, Z+1	; 0x01
     da8:	36 fe       	sbrs	r3, 6
     daa:	03 c0       	rjmp	.+6      	; 0xdb2 <vfprintf+0x198>
     dac:	69 2d       	mov	r22, r9
     dae:	70 e0       	ldi	r23, 0x00	; 0
     db0:	02 c0       	rjmp	.+4      	; 0xdb6 <vfprintf+0x19c>
     db2:	6f ef       	ldi	r22, 0xFF	; 255
     db4:	7f ef       	ldi	r23, 0xFF	; 255
     db6:	c5 01       	movw	r24, r10
     db8:	2d d1       	rcall	.+602    	; 0x1014 <strnlen_P>
     dba:	4c 01       	movw	r8, r24
     dbc:	f3 2d       	mov	r31, r3
     dbe:	f0 68       	ori	r31, 0x80	; 128
     dc0:	3f 2e       	mov	r3, r31
     dc2:	82 01       	movw	r16, r4
     dc4:	33 fc       	sbrc	r3, 3
     dc6:	19 c0       	rjmp	.+50     	; 0xdfa <vfprintf+0x1e0>
     dc8:	82 2d       	mov	r24, r2
     dca:	90 e0       	ldi	r25, 0x00	; 0
     dcc:	88 16       	cp	r8, r24
     dce:	99 06       	cpc	r9, r25
     dd0:	a0 f4       	brcc	.+40     	; 0xdfa <vfprintf+0x1e0>
     dd2:	b6 01       	movw	r22, r12
     dd4:	80 e2       	ldi	r24, 0x20	; 32
     dd6:	90 e0       	ldi	r25, 0x00	; 0
     dd8:	33 d1       	rcall	.+614    	; 0x1040 <fputc>
     dda:	2a 94       	dec	r2
     ddc:	f5 cf       	rjmp	.-22     	; 0xdc8 <vfprintf+0x1ae>
     dde:	f5 01       	movw	r30, r10
     de0:	37 fc       	sbrc	r3, 7
     de2:	85 91       	lpm	r24, Z+
     de4:	37 fe       	sbrs	r3, 7
     de6:	81 91       	ld	r24, Z+
     de8:	5f 01       	movw	r10, r30
     dea:	b6 01       	movw	r22, r12
     dec:	90 e0       	ldi	r25, 0x00	; 0
     dee:	28 d1       	rcall	.+592    	; 0x1040 <fputc>
     df0:	21 10       	cpse	r2, r1
     df2:	2a 94       	dec	r2
     df4:	21 e0       	ldi	r18, 0x01	; 1
     df6:	82 1a       	sub	r8, r18
     df8:	91 08       	sbc	r9, r1
     dfa:	81 14       	cp	r8, r1
     dfc:	91 04       	cpc	r9, r1
     dfe:	79 f7       	brne	.-34     	; 0xdde <vfprintf+0x1c4>
     e00:	e1 c0       	rjmp	.+450    	; 0xfc4 <vfprintf+0x3aa>
     e02:	84 36       	cpi	r24, 0x64	; 100
     e04:	11 f0       	breq	.+4      	; 0xe0a <vfprintf+0x1f0>
     e06:	89 36       	cpi	r24, 0x69	; 105
     e08:	39 f5       	brne	.+78     	; 0xe58 <vfprintf+0x23e>
     e0a:	f8 01       	movw	r30, r16
     e0c:	37 fe       	sbrs	r3, 7
     e0e:	07 c0       	rjmp	.+14     	; 0xe1e <vfprintf+0x204>
     e10:	60 81       	ld	r22, Z
     e12:	71 81       	ldd	r23, Z+1	; 0x01
     e14:	82 81       	ldd	r24, Z+2	; 0x02
     e16:	93 81       	ldd	r25, Z+3	; 0x03
     e18:	0c 5f       	subi	r16, 0xFC	; 252
     e1a:	1f 4f       	sbci	r17, 0xFF	; 255
     e1c:	08 c0       	rjmp	.+16     	; 0xe2e <vfprintf+0x214>
     e1e:	60 81       	ld	r22, Z
     e20:	71 81       	ldd	r23, Z+1	; 0x01
     e22:	07 2e       	mov	r0, r23
     e24:	00 0c       	add	r0, r0
     e26:	88 0b       	sbc	r24, r24
     e28:	99 0b       	sbc	r25, r25
     e2a:	0e 5f       	subi	r16, 0xFE	; 254
     e2c:	1f 4f       	sbci	r17, 0xFF	; 255
     e2e:	f3 2d       	mov	r31, r3
     e30:	ff 76       	andi	r31, 0x6F	; 111
     e32:	3f 2e       	mov	r3, r31
     e34:	97 ff       	sbrs	r25, 7
     e36:	09 c0       	rjmp	.+18     	; 0xe4a <vfprintf+0x230>
     e38:	90 95       	com	r25
     e3a:	80 95       	com	r24
     e3c:	70 95       	com	r23
     e3e:	61 95       	neg	r22
     e40:	7f 4f       	sbci	r23, 0xFF	; 255
     e42:	8f 4f       	sbci	r24, 0xFF	; 255
     e44:	9f 4f       	sbci	r25, 0xFF	; 255
     e46:	f0 68       	ori	r31, 0x80	; 128
     e48:	3f 2e       	mov	r3, r31
     e4a:	2a e0       	ldi	r18, 0x0A	; 10
     e4c:	30 e0       	ldi	r19, 0x00	; 0
     e4e:	a3 01       	movw	r20, r6
     e50:	33 d1       	rcall	.+614    	; 0x10b8 <__ultoa_invert>
     e52:	88 2e       	mov	r8, r24
     e54:	86 18       	sub	r8, r6
     e56:	44 c0       	rjmp	.+136    	; 0xee0 <vfprintf+0x2c6>
     e58:	85 37       	cpi	r24, 0x75	; 117
     e5a:	31 f4       	brne	.+12     	; 0xe68 <vfprintf+0x24e>
     e5c:	23 2d       	mov	r18, r3
     e5e:	2f 7e       	andi	r18, 0xEF	; 239
     e60:	b2 2e       	mov	r11, r18
     e62:	2a e0       	ldi	r18, 0x0A	; 10
     e64:	30 e0       	ldi	r19, 0x00	; 0
     e66:	25 c0       	rjmp	.+74     	; 0xeb2 <vfprintf+0x298>
     e68:	93 2d       	mov	r25, r3
     e6a:	99 7f       	andi	r25, 0xF9	; 249
     e6c:	b9 2e       	mov	r11, r25
     e6e:	8f 36       	cpi	r24, 0x6F	; 111
     e70:	c1 f0       	breq	.+48     	; 0xea2 <vfprintf+0x288>
     e72:	18 f4       	brcc	.+6      	; 0xe7a <vfprintf+0x260>
     e74:	88 35       	cpi	r24, 0x58	; 88
     e76:	79 f0       	breq	.+30     	; 0xe96 <vfprintf+0x27c>
     e78:	ae c0       	rjmp	.+348    	; 0xfd6 <vfprintf+0x3bc>
     e7a:	80 37       	cpi	r24, 0x70	; 112
     e7c:	19 f0       	breq	.+6      	; 0xe84 <vfprintf+0x26a>
     e7e:	88 37       	cpi	r24, 0x78	; 120
     e80:	21 f0       	breq	.+8      	; 0xe8a <vfprintf+0x270>
     e82:	a9 c0       	rjmp	.+338    	; 0xfd6 <vfprintf+0x3bc>
     e84:	e9 2f       	mov	r30, r25
     e86:	e0 61       	ori	r30, 0x10	; 16
     e88:	be 2e       	mov	r11, r30
     e8a:	b4 fe       	sbrs	r11, 4
     e8c:	0d c0       	rjmp	.+26     	; 0xea8 <vfprintf+0x28e>
     e8e:	fb 2d       	mov	r31, r11
     e90:	f4 60       	ori	r31, 0x04	; 4
     e92:	bf 2e       	mov	r11, r31
     e94:	09 c0       	rjmp	.+18     	; 0xea8 <vfprintf+0x28e>
     e96:	34 fe       	sbrs	r3, 4
     e98:	0a c0       	rjmp	.+20     	; 0xeae <vfprintf+0x294>
     e9a:	29 2f       	mov	r18, r25
     e9c:	26 60       	ori	r18, 0x06	; 6
     e9e:	b2 2e       	mov	r11, r18
     ea0:	06 c0       	rjmp	.+12     	; 0xeae <vfprintf+0x294>
     ea2:	28 e0       	ldi	r18, 0x08	; 8
     ea4:	30 e0       	ldi	r19, 0x00	; 0
     ea6:	05 c0       	rjmp	.+10     	; 0xeb2 <vfprintf+0x298>
     ea8:	20 e1       	ldi	r18, 0x10	; 16
     eaa:	30 e0       	ldi	r19, 0x00	; 0
     eac:	02 c0       	rjmp	.+4      	; 0xeb2 <vfprintf+0x298>
     eae:	20 e1       	ldi	r18, 0x10	; 16
     eb0:	32 e0       	ldi	r19, 0x02	; 2
     eb2:	f8 01       	movw	r30, r16
     eb4:	b7 fe       	sbrs	r11, 7
     eb6:	07 c0       	rjmp	.+14     	; 0xec6 <vfprintf+0x2ac>
     eb8:	60 81       	ld	r22, Z
     eba:	71 81       	ldd	r23, Z+1	; 0x01
     ebc:	82 81       	ldd	r24, Z+2	; 0x02
     ebe:	93 81       	ldd	r25, Z+3	; 0x03
     ec0:	0c 5f       	subi	r16, 0xFC	; 252
     ec2:	1f 4f       	sbci	r17, 0xFF	; 255
     ec4:	06 c0       	rjmp	.+12     	; 0xed2 <vfprintf+0x2b8>
     ec6:	60 81       	ld	r22, Z
     ec8:	71 81       	ldd	r23, Z+1	; 0x01
     eca:	80 e0       	ldi	r24, 0x00	; 0
     ecc:	90 e0       	ldi	r25, 0x00	; 0
     ece:	0e 5f       	subi	r16, 0xFE	; 254
     ed0:	1f 4f       	sbci	r17, 0xFF	; 255
     ed2:	a3 01       	movw	r20, r6
     ed4:	f1 d0       	rcall	.+482    	; 0x10b8 <__ultoa_invert>
     ed6:	88 2e       	mov	r8, r24
     ed8:	86 18       	sub	r8, r6
     eda:	fb 2d       	mov	r31, r11
     edc:	ff 77       	andi	r31, 0x7F	; 127
     ede:	3f 2e       	mov	r3, r31
     ee0:	36 fe       	sbrs	r3, 6
     ee2:	0d c0       	rjmp	.+26     	; 0xefe <vfprintf+0x2e4>
     ee4:	23 2d       	mov	r18, r3
     ee6:	2e 7f       	andi	r18, 0xFE	; 254
     ee8:	a2 2e       	mov	r10, r18
     eea:	89 14       	cp	r8, r9
     eec:	58 f4       	brcc	.+22     	; 0xf04 <vfprintf+0x2ea>
     eee:	34 fe       	sbrs	r3, 4
     ef0:	0b c0       	rjmp	.+22     	; 0xf08 <vfprintf+0x2ee>
     ef2:	32 fc       	sbrc	r3, 2
     ef4:	09 c0       	rjmp	.+18     	; 0xf08 <vfprintf+0x2ee>
     ef6:	83 2d       	mov	r24, r3
     ef8:	8e 7e       	andi	r24, 0xEE	; 238
     efa:	a8 2e       	mov	r10, r24
     efc:	05 c0       	rjmp	.+10     	; 0xf08 <vfprintf+0x2ee>
     efe:	b8 2c       	mov	r11, r8
     f00:	a3 2c       	mov	r10, r3
     f02:	03 c0       	rjmp	.+6      	; 0xf0a <vfprintf+0x2f0>
     f04:	b8 2c       	mov	r11, r8
     f06:	01 c0       	rjmp	.+2      	; 0xf0a <vfprintf+0x2f0>
     f08:	b9 2c       	mov	r11, r9
     f0a:	a4 fe       	sbrs	r10, 4
     f0c:	0f c0       	rjmp	.+30     	; 0xf2c <vfprintf+0x312>
     f0e:	fe 01       	movw	r30, r28
     f10:	e8 0d       	add	r30, r8
     f12:	f1 1d       	adc	r31, r1
     f14:	80 81       	ld	r24, Z
     f16:	80 33       	cpi	r24, 0x30	; 48
     f18:	21 f4       	brne	.+8      	; 0xf22 <vfprintf+0x308>
     f1a:	9a 2d       	mov	r25, r10
     f1c:	99 7e       	andi	r25, 0xE9	; 233
     f1e:	a9 2e       	mov	r10, r25
     f20:	09 c0       	rjmp	.+18     	; 0xf34 <vfprintf+0x31a>
     f22:	a2 fe       	sbrs	r10, 2
     f24:	06 c0       	rjmp	.+12     	; 0xf32 <vfprintf+0x318>
     f26:	b3 94       	inc	r11
     f28:	b3 94       	inc	r11
     f2a:	04 c0       	rjmp	.+8      	; 0xf34 <vfprintf+0x31a>
     f2c:	8a 2d       	mov	r24, r10
     f2e:	86 78       	andi	r24, 0x86	; 134
     f30:	09 f0       	breq	.+2      	; 0xf34 <vfprintf+0x31a>
     f32:	b3 94       	inc	r11
     f34:	a3 fc       	sbrc	r10, 3
     f36:	10 c0       	rjmp	.+32     	; 0xf58 <vfprintf+0x33e>
     f38:	a0 fe       	sbrs	r10, 0
     f3a:	06 c0       	rjmp	.+12     	; 0xf48 <vfprintf+0x32e>
     f3c:	b2 14       	cp	r11, r2
     f3e:	80 f4       	brcc	.+32     	; 0xf60 <vfprintf+0x346>
     f40:	28 0c       	add	r2, r8
     f42:	92 2c       	mov	r9, r2
     f44:	9b 18       	sub	r9, r11
     f46:	0d c0       	rjmp	.+26     	; 0xf62 <vfprintf+0x348>
     f48:	b2 14       	cp	r11, r2
     f4a:	58 f4       	brcc	.+22     	; 0xf62 <vfprintf+0x348>
     f4c:	b6 01       	movw	r22, r12
     f4e:	80 e2       	ldi	r24, 0x20	; 32
     f50:	90 e0       	ldi	r25, 0x00	; 0
     f52:	76 d0       	rcall	.+236    	; 0x1040 <fputc>
     f54:	b3 94       	inc	r11
     f56:	f8 cf       	rjmp	.-16     	; 0xf48 <vfprintf+0x32e>
     f58:	b2 14       	cp	r11, r2
     f5a:	18 f4       	brcc	.+6      	; 0xf62 <vfprintf+0x348>
     f5c:	2b 18       	sub	r2, r11
     f5e:	02 c0       	rjmp	.+4      	; 0xf64 <vfprintf+0x34a>
     f60:	98 2c       	mov	r9, r8
     f62:	21 2c       	mov	r2, r1
     f64:	a4 fe       	sbrs	r10, 4
     f66:	0f c0       	rjmp	.+30     	; 0xf86 <vfprintf+0x36c>
     f68:	b6 01       	movw	r22, r12
     f6a:	80 e3       	ldi	r24, 0x30	; 48
     f6c:	90 e0       	ldi	r25, 0x00	; 0
     f6e:	68 d0       	rcall	.+208    	; 0x1040 <fputc>
     f70:	a2 fe       	sbrs	r10, 2
     f72:	16 c0       	rjmp	.+44     	; 0xfa0 <vfprintf+0x386>
     f74:	a1 fc       	sbrc	r10, 1
     f76:	03 c0       	rjmp	.+6      	; 0xf7e <vfprintf+0x364>
     f78:	88 e7       	ldi	r24, 0x78	; 120
     f7a:	90 e0       	ldi	r25, 0x00	; 0
     f7c:	02 c0       	rjmp	.+4      	; 0xf82 <vfprintf+0x368>
     f7e:	88 e5       	ldi	r24, 0x58	; 88
     f80:	90 e0       	ldi	r25, 0x00	; 0
     f82:	b6 01       	movw	r22, r12
     f84:	0c c0       	rjmp	.+24     	; 0xf9e <vfprintf+0x384>
     f86:	8a 2d       	mov	r24, r10
     f88:	86 78       	andi	r24, 0x86	; 134
     f8a:	51 f0       	breq	.+20     	; 0xfa0 <vfprintf+0x386>
     f8c:	a1 fe       	sbrs	r10, 1
     f8e:	02 c0       	rjmp	.+4      	; 0xf94 <vfprintf+0x37a>
     f90:	8b e2       	ldi	r24, 0x2B	; 43
     f92:	01 c0       	rjmp	.+2      	; 0xf96 <vfprintf+0x37c>
     f94:	80 e2       	ldi	r24, 0x20	; 32
     f96:	a7 fc       	sbrc	r10, 7
     f98:	8d e2       	ldi	r24, 0x2D	; 45
     f9a:	b6 01       	movw	r22, r12
     f9c:	90 e0       	ldi	r25, 0x00	; 0
     f9e:	50 d0       	rcall	.+160    	; 0x1040 <fputc>
     fa0:	89 14       	cp	r8, r9
     fa2:	30 f4       	brcc	.+12     	; 0xfb0 <vfprintf+0x396>
     fa4:	b6 01       	movw	r22, r12
     fa6:	80 e3       	ldi	r24, 0x30	; 48
     fa8:	90 e0       	ldi	r25, 0x00	; 0
     faa:	4a d0       	rcall	.+148    	; 0x1040 <fputc>
     fac:	9a 94       	dec	r9
     fae:	f8 cf       	rjmp	.-16     	; 0xfa0 <vfprintf+0x386>
     fb0:	8a 94       	dec	r8
     fb2:	f3 01       	movw	r30, r6
     fb4:	e8 0d       	add	r30, r8
     fb6:	f1 1d       	adc	r31, r1
     fb8:	80 81       	ld	r24, Z
     fba:	b6 01       	movw	r22, r12
     fbc:	90 e0       	ldi	r25, 0x00	; 0
     fbe:	40 d0       	rcall	.+128    	; 0x1040 <fputc>
     fc0:	81 10       	cpse	r8, r1
     fc2:	f6 cf       	rjmp	.-20     	; 0xfb0 <vfprintf+0x396>
     fc4:	22 20       	and	r2, r2
     fc6:	09 f4       	brne	.+2      	; 0xfca <vfprintf+0x3b0>
     fc8:	4e ce       	rjmp	.-868    	; 0xc66 <vfprintf+0x4c>
     fca:	b6 01       	movw	r22, r12
     fcc:	80 e2       	ldi	r24, 0x20	; 32
     fce:	90 e0       	ldi	r25, 0x00	; 0
     fd0:	37 d0       	rcall	.+110    	; 0x1040 <fputc>
     fd2:	2a 94       	dec	r2
     fd4:	f7 cf       	rjmp	.-18     	; 0xfc4 <vfprintf+0x3aa>
     fd6:	f6 01       	movw	r30, r12
     fd8:	86 81       	ldd	r24, Z+6	; 0x06
     fda:	97 81       	ldd	r25, Z+7	; 0x07
     fdc:	02 c0       	rjmp	.+4      	; 0xfe2 <vfprintf+0x3c8>
     fde:	8f ef       	ldi	r24, 0xFF	; 255
     fe0:	9f ef       	ldi	r25, 0xFF	; 255
     fe2:	2b 96       	adiw	r28, 0x0b	; 11
     fe4:	0f b6       	in	r0, 0x3f	; 63
     fe6:	f8 94       	cli
     fe8:	de bf       	out	0x3e, r29	; 62
     fea:	0f be       	out	0x3f, r0	; 63
     fec:	cd bf       	out	0x3d, r28	; 61
     fee:	df 91       	pop	r29
     ff0:	cf 91       	pop	r28
     ff2:	1f 91       	pop	r17
     ff4:	0f 91       	pop	r16
     ff6:	ff 90       	pop	r15
     ff8:	ef 90       	pop	r14
     ffa:	df 90       	pop	r13
     ffc:	cf 90       	pop	r12
     ffe:	bf 90       	pop	r11
    1000:	af 90       	pop	r10
    1002:	9f 90       	pop	r9
    1004:	8f 90       	pop	r8
    1006:	7f 90       	pop	r7
    1008:	6f 90       	pop	r6
    100a:	5f 90       	pop	r5
    100c:	4f 90       	pop	r4
    100e:	3f 90       	pop	r3
    1010:	2f 90       	pop	r2
    1012:	08 95       	ret

00001014 <strnlen_P>:
    1014:	fc 01       	movw	r30, r24
    1016:	05 90       	lpm	r0, Z+
    1018:	61 50       	subi	r22, 0x01	; 1
    101a:	70 40       	sbci	r23, 0x00	; 0
    101c:	01 10       	cpse	r0, r1
    101e:	d8 f7       	brcc	.-10     	; 0x1016 <strnlen_P+0x2>
    1020:	80 95       	com	r24
    1022:	90 95       	com	r25
    1024:	8e 0f       	add	r24, r30
    1026:	9f 1f       	adc	r25, r31
    1028:	08 95       	ret

0000102a <strnlen>:
    102a:	fc 01       	movw	r30, r24
    102c:	61 50       	subi	r22, 0x01	; 1
    102e:	70 40       	sbci	r23, 0x00	; 0
    1030:	01 90       	ld	r0, Z+
    1032:	01 10       	cpse	r0, r1
    1034:	d8 f7       	brcc	.-10     	; 0x102c <strnlen+0x2>
    1036:	80 95       	com	r24
    1038:	90 95       	com	r25
    103a:	8e 0f       	add	r24, r30
    103c:	9f 1f       	adc	r25, r31
    103e:	08 95       	ret

00001040 <fputc>:
    1040:	0f 93       	push	r16
    1042:	1f 93       	push	r17
    1044:	cf 93       	push	r28
    1046:	df 93       	push	r29
    1048:	fb 01       	movw	r30, r22
    104a:	23 81       	ldd	r18, Z+3	; 0x03
    104c:	21 fd       	sbrc	r18, 1
    104e:	03 c0       	rjmp	.+6      	; 0x1056 <fputc+0x16>
    1050:	8f ef       	ldi	r24, 0xFF	; 255
    1052:	9f ef       	ldi	r25, 0xFF	; 255
    1054:	2c c0       	rjmp	.+88     	; 0x10ae <fputc+0x6e>
    1056:	22 ff       	sbrs	r18, 2
    1058:	16 c0       	rjmp	.+44     	; 0x1086 <fputc+0x46>
    105a:	46 81       	ldd	r20, Z+6	; 0x06
    105c:	57 81       	ldd	r21, Z+7	; 0x07
    105e:	24 81       	ldd	r18, Z+4	; 0x04
    1060:	35 81       	ldd	r19, Z+5	; 0x05
    1062:	42 17       	cp	r20, r18
    1064:	53 07       	cpc	r21, r19
    1066:	44 f4       	brge	.+16     	; 0x1078 <fputc+0x38>
    1068:	a0 81       	ld	r26, Z
    106a:	b1 81       	ldd	r27, Z+1	; 0x01
    106c:	9d 01       	movw	r18, r26
    106e:	2f 5f       	subi	r18, 0xFF	; 255
    1070:	3f 4f       	sbci	r19, 0xFF	; 255
    1072:	31 83       	std	Z+1, r19	; 0x01
    1074:	20 83       	st	Z, r18
    1076:	8c 93       	st	X, r24
    1078:	26 81       	ldd	r18, Z+6	; 0x06
    107a:	37 81       	ldd	r19, Z+7	; 0x07
    107c:	2f 5f       	subi	r18, 0xFF	; 255
    107e:	3f 4f       	sbci	r19, 0xFF	; 255
    1080:	37 83       	std	Z+7, r19	; 0x07
    1082:	26 83       	std	Z+6, r18	; 0x06
    1084:	14 c0       	rjmp	.+40     	; 0x10ae <fputc+0x6e>
    1086:	8b 01       	movw	r16, r22
    1088:	ec 01       	movw	r28, r24
    108a:	fb 01       	movw	r30, r22
    108c:	00 84       	ldd	r0, Z+8	; 0x08
    108e:	f1 85       	ldd	r31, Z+9	; 0x09
    1090:	e0 2d       	mov	r30, r0
    1092:	09 95       	icall
    1094:	89 2b       	or	r24, r25
    1096:	e1 f6       	brne	.-72     	; 0x1050 <fputc+0x10>
    1098:	d8 01       	movw	r26, r16
    109a:	16 96       	adiw	r26, 0x06	; 6
    109c:	8d 91       	ld	r24, X+
    109e:	9c 91       	ld	r25, X
    10a0:	17 97       	sbiw	r26, 0x07	; 7
    10a2:	01 96       	adiw	r24, 0x01	; 1
    10a4:	17 96       	adiw	r26, 0x07	; 7
    10a6:	9c 93       	st	X, r25
    10a8:	8e 93       	st	-X, r24
    10aa:	16 97       	sbiw	r26, 0x06	; 6
    10ac:	ce 01       	movw	r24, r28
    10ae:	df 91       	pop	r29
    10b0:	cf 91       	pop	r28
    10b2:	1f 91       	pop	r17
    10b4:	0f 91       	pop	r16
    10b6:	08 95       	ret

000010b8 <__ultoa_invert>:
    10b8:	fa 01       	movw	r30, r20
    10ba:	aa 27       	eor	r26, r26
    10bc:	28 30       	cpi	r18, 0x08	; 8
    10be:	51 f1       	breq	.+84     	; 0x1114 <__stack+0x15>
    10c0:	20 31       	cpi	r18, 0x10	; 16
    10c2:	81 f1       	breq	.+96     	; 0x1124 <__stack+0x25>
    10c4:	e8 94       	clt
    10c6:	6f 93       	push	r22
    10c8:	6e 7f       	andi	r22, 0xFE	; 254
    10ca:	6e 5f       	subi	r22, 0xFE	; 254
    10cc:	7f 4f       	sbci	r23, 0xFF	; 255
    10ce:	8f 4f       	sbci	r24, 0xFF	; 255
    10d0:	9f 4f       	sbci	r25, 0xFF	; 255
    10d2:	af 4f       	sbci	r26, 0xFF	; 255
    10d4:	b1 e0       	ldi	r27, 0x01	; 1
    10d6:	3e d0       	rcall	.+124    	; 0x1154 <__stack+0x55>
    10d8:	b4 e0       	ldi	r27, 0x04	; 4
    10da:	3c d0       	rcall	.+120    	; 0x1154 <__stack+0x55>
    10dc:	67 0f       	add	r22, r23
    10de:	78 1f       	adc	r23, r24
    10e0:	89 1f       	adc	r24, r25
    10e2:	9a 1f       	adc	r25, r26
    10e4:	a1 1d       	adc	r26, r1
    10e6:	68 0f       	add	r22, r24
    10e8:	79 1f       	adc	r23, r25
    10ea:	8a 1f       	adc	r24, r26
    10ec:	91 1d       	adc	r25, r1
    10ee:	a1 1d       	adc	r26, r1
    10f0:	6a 0f       	add	r22, r26
    10f2:	71 1d       	adc	r23, r1
    10f4:	81 1d       	adc	r24, r1
    10f6:	91 1d       	adc	r25, r1
    10f8:	a1 1d       	adc	r26, r1
    10fa:	20 d0       	rcall	.+64     	; 0x113c <__stack+0x3d>
    10fc:	09 f4       	brne	.+2      	; 0x1100 <__stack+0x1>
    10fe:	68 94       	set
    1100:	3f 91       	pop	r19
    1102:	2a e0       	ldi	r18, 0x0A	; 10
    1104:	26 9f       	mul	r18, r22
    1106:	11 24       	eor	r1, r1
    1108:	30 19       	sub	r19, r0
    110a:	30 5d       	subi	r19, 0xD0	; 208
    110c:	31 93       	st	Z+, r19
    110e:	de f6       	brtc	.-74     	; 0x10c6 <__ultoa_invert+0xe>
    1110:	cf 01       	movw	r24, r30
    1112:	08 95       	ret
    1114:	46 2f       	mov	r20, r22
    1116:	47 70       	andi	r20, 0x07	; 7
    1118:	40 5d       	subi	r20, 0xD0	; 208
    111a:	41 93       	st	Z+, r20
    111c:	b3 e0       	ldi	r27, 0x03	; 3
    111e:	0f d0       	rcall	.+30     	; 0x113e <__stack+0x3f>
    1120:	c9 f7       	brne	.-14     	; 0x1114 <__stack+0x15>
    1122:	f6 cf       	rjmp	.-20     	; 0x1110 <__stack+0x11>
    1124:	46 2f       	mov	r20, r22
    1126:	4f 70       	andi	r20, 0x0F	; 15
    1128:	40 5d       	subi	r20, 0xD0	; 208
    112a:	4a 33       	cpi	r20, 0x3A	; 58
    112c:	18 f0       	brcs	.+6      	; 0x1134 <__stack+0x35>
    112e:	49 5d       	subi	r20, 0xD9	; 217
    1130:	31 fd       	sbrc	r19, 1
    1132:	40 52       	subi	r20, 0x20	; 32
    1134:	41 93       	st	Z+, r20
    1136:	02 d0       	rcall	.+4      	; 0x113c <__stack+0x3d>
    1138:	a9 f7       	brne	.-22     	; 0x1124 <__stack+0x25>
    113a:	ea cf       	rjmp	.-44     	; 0x1110 <__stack+0x11>
    113c:	b4 e0       	ldi	r27, 0x04	; 4
    113e:	a6 95       	lsr	r26
    1140:	97 95       	ror	r25
    1142:	87 95       	ror	r24
    1144:	77 95       	ror	r23
    1146:	67 95       	ror	r22
    1148:	ba 95       	dec	r27
    114a:	c9 f7       	brne	.-14     	; 0x113e <__stack+0x3f>
    114c:	00 97       	sbiw	r24, 0x00	; 0
    114e:	61 05       	cpc	r22, r1
    1150:	71 05       	cpc	r23, r1
    1152:	08 95       	ret
    1154:	9b 01       	movw	r18, r22
    1156:	ac 01       	movw	r20, r24
    1158:	0a 2e       	mov	r0, r26
    115a:	06 94       	lsr	r0
    115c:	57 95       	ror	r21
    115e:	47 95       	ror	r20
    1160:	37 95       	ror	r19
    1162:	27 95       	ror	r18
    1164:	ba 95       	dec	r27
    1166:	c9 f7       	brne	.-14     	; 0x115a <__stack+0x5b>
    1168:	62 0f       	add	r22, r18
    116a:	73 1f       	adc	r23, r19
    116c:	84 1f       	adc	r24, r20
    116e:	95 1f       	adc	r25, r21
    1170:	a0 1d       	adc	r26, r0
    1172:	08 95       	ret

00001174 <_exit>:
    1174:	f8 94       	cli

00001176 <__stop_program>:
    1176:	ff cf       	rjmp	.-2      	; 0x1176 <__stop_program>
