
10. MY_DS1302.elf:     file format elf32-avr

Sections:
Idx Name          Size      VMA       LMA       File off  Algn
  0 .data         0000005e  00800100  000012e0  00001374  2**0
                  CONTENTS, ALLOC, LOAD, DATA
  1 .text         000012e0  00000000  00000000  00000094  2**1
                  CONTENTS, ALLOC, LOAD, READONLY, CODE
  2 .bss          0000096e  0080015e  0080015e  000013d2  2**0
                  ALLOC
  3 .comment      0000005c  00000000  00000000  000013d2  2**0
                  CONTENTS, READONLY
  4 .note.gnu.avr.deviceinfo 00000040  00000000  00000000  00001430  2**2
                  CONTENTS, READONLY
  5 .debug_aranges 000000e8  00000000  00000000  00001470  2**0
                  CONTENTS, READONLY, DEBUGGING
  6 .debug_info   000013ed  00000000  00000000  00001558  2**0
                  CONTENTS, READONLY, DEBUGGING
  7 .debug_abbrev 00000bd3  00000000  00000000  00002945  2**0
                  CONTENTS, READONLY, DEBUGGING
  8 .debug_line   0000080b  00000000  00000000  00003518  2**0
                  CONTENTS, READONLY, DEBUGGING
  9 .debug_frame  000002bc  00000000  00000000  00003d24  2**2
                  CONTENTS, READONLY, DEBUGGING
 10 .debug_str    000005d3  00000000  00000000  00003fe0  2**0
                  CONTENTS, READONLY, DEBUGGING
 11 .debug_loc    0000075f  00000000  00000000  000045b3  2**0
                  CONTENTS, READONLY, DEBUGGING
 12 .debug_ranges 000000d0  00000000  00000000  00004d12  2**0
                  CONTENTS, READONLY, DEBUGGING

Disassembly of section .text:

00000000 <__vectors>:
       0:	4b c0       	rjmp	.+150    	; 0x98 <__ctors_end>
       2:	00 00       	nop
       4:	67 c0       	rjmp	.+206    	; 0xd4 <__bad_interrupt>
       6:	00 00       	nop
       8:	65 c0       	rjmp	.+202    	; 0xd4 <__bad_interrupt>
       a:	00 00       	nop
       c:	63 c0       	rjmp	.+198    	; 0xd4 <__bad_interrupt>
       e:	00 00       	nop
      10:	61 c0       	rjmp	.+194    	; 0xd4 <__bad_interrupt>
      12:	00 00       	nop
      14:	5f c0       	rjmp	.+190    	; 0xd4 <__bad_interrupt>
      16:	00 00       	nop
      18:	5d c0       	rjmp	.+186    	; 0xd4 <__bad_interrupt>
      1a:	00 00       	nop
      1c:	5b c0       	rjmp	.+182    	; 0xd4 <__bad_interrupt>
      1e:	00 00       	nop
      20:	59 c0       	rjmp	.+178    	; 0xd4 <__bad_interrupt>
      22:	00 00       	nop
      24:	57 c0       	rjmp	.+174    	; 0xd4 <__bad_interrupt>
      26:	00 00       	nop
      28:	55 c0       	rjmp	.+170    	; 0xd4 <__bad_interrupt>
      2a:	00 00       	nop
      2c:	53 c0       	rjmp	.+166    	; 0xd4 <__bad_interrupt>
      2e:	00 00       	nop
      30:	51 c0       	rjmp	.+162    	; 0xd4 <__bad_interrupt>
      32:	00 00       	nop
      34:	4f c0       	rjmp	.+158    	; 0xd4 <__bad_interrupt>
      36:	00 00       	nop
      38:	4d c0       	rjmp	.+154    	; 0xd4 <__bad_interrupt>
      3a:	00 00       	nop
      3c:	4b c0       	rjmp	.+150    	; 0xd4 <__bad_interrupt>
      3e:	00 00       	nop
      40:	49 c0       	rjmp	.+146    	; 0xd4 <__bad_interrupt>
      42:	00 00       	nop
      44:	47 c0       	rjmp	.+142    	; 0xd4 <__bad_interrupt>
      46:	00 00       	nop
      48:	c1 c1       	rjmp	.+898    	; 0x3cc <__vector_18>
      4a:	00 00       	nop
      4c:	43 c0       	rjmp	.+134    	; 0xd4 <__bad_interrupt>
      4e:	00 00       	nop
      50:	41 c0       	rjmp	.+130    	; 0xd4 <__bad_interrupt>
      52:	00 00       	nop
      54:	3f c0       	rjmp	.+126    	; 0xd4 <__bad_interrupt>
      56:	00 00       	nop
      58:	3d c0       	rjmp	.+122    	; 0xd4 <__bad_interrupt>
      5a:	00 00       	nop
      5c:	3b c0       	rjmp	.+118    	; 0xd4 <__bad_interrupt>
      5e:	00 00       	nop
      60:	39 c0       	rjmp	.+114    	; 0xd4 <__bad_interrupt>
      62:	00 00       	nop
      64:	37 c0       	rjmp	.+110    	; 0xd4 <__bad_interrupt>
      66:	00 00       	nop
      68:	35 c0       	rjmp	.+106    	; 0xd4 <__bad_interrupt>
      6a:	00 00       	nop
      6c:	33 c0       	rjmp	.+102    	; 0xd4 <__bad_interrupt>
      6e:	00 00       	nop
      70:	31 c0       	rjmp	.+98     	; 0xd4 <__bad_interrupt>
      72:	00 00       	nop
      74:	2f c0       	rjmp	.+94     	; 0xd4 <__bad_interrupt>
      76:	00 00       	nop
      78:	2d c0       	rjmp	.+90     	; 0xd4 <__bad_interrupt>
      7a:	00 00       	nop
      7c:	2b c0       	rjmp	.+86     	; 0xd4 <__bad_interrupt>
      7e:	00 00       	nop
      80:	29 c0       	rjmp	.+82     	; 0xd4 <__bad_interrupt>
      82:	00 00       	nop
      84:	27 c0       	rjmp	.+78     	; 0xd4 <__bad_interrupt>
      86:	00 00       	nop
      88:	25 c0       	rjmp	.+74     	; 0xd4 <__bad_interrupt>
	...

0000008c <__trampolines_end>:
      8c:	63 64       	ori	r22, 0x43	; 67
      8e:	69 6e       	ori	r22, 0xE9	; 233
      90:	6f 70       	andi	r22, 0x0F	; 15
      92:	73 75       	andi	r23, 0x53	; 83
      94:	78 58       	subi	r23, 0x88	; 136
      96:	5b 00       	.word	0x005b	; ????

00000098 <__ctors_end>:
      98:	11 24       	eor	r1, r1
      9a:	1f be       	out	0x3f, r1	; 63
      9c:	cf ef       	ldi	r28, 0xFF	; 255
      9e:	d0 e1       	ldi	r29, 0x10	; 16
      a0:	de bf       	out	0x3e, r29	; 62
      a2:	cd bf       	out	0x3d, r28	; 61

000000a4 <__do_copy_data>:
      a4:	11 e0       	ldi	r17, 0x01	; 1
      a6:	a0 e0       	ldi	r26, 0x00	; 0
      a8:	b1 e0       	ldi	r27, 0x01	; 1
      aa:	e0 ee       	ldi	r30, 0xE0	; 224
      ac:	f2 e1       	ldi	r31, 0x12	; 18
      ae:	00 e0       	ldi	r16, 0x00	; 0
      b0:	0b bf       	out	0x3b, r16	; 59
      b2:	02 c0       	rjmp	.+4      	; 0xb8 <__do_copy_data+0x14>
      b4:	07 90       	elpm	r0, Z+
      b6:	0d 92       	st	X+, r0
      b8:	ae 35       	cpi	r26, 0x5E	; 94
      ba:	b1 07       	cpc	r27, r17
      bc:	d9 f7       	brne	.-10     	; 0xb4 <__do_copy_data+0x10>

000000be <__do_clear_bss>:
      be:	2a e0       	ldi	r18, 0x0A	; 10
      c0:	ae e5       	ldi	r26, 0x5E	; 94
      c2:	b1 e0       	ldi	r27, 0x01	; 1
      c4:	01 c0       	rjmp	.+2      	; 0xc8 <.do_clear_bss_start>

000000c6 <.do_clear_bss_loop>:
      c6:	1d 92       	st	X+, r1

000000c8 <.do_clear_bss_start>:
      c8:	ac 3c       	cpi	r26, 0xCC	; 204
      ca:	b2 07       	cpc	r27, r18
      cc:	e1 f7       	brne	.-8      	; 0xc6 <.do_clear_bss_loop>
      ce:	72 d1       	rcall	.+740    	; 0x3b4 <main>
      d0:	0c 94 6e 09 	jmp	0x12dc	; 0x12dc <_exit>

000000d4 <__bad_interrupt>:
      d4:	95 cf       	rjmp	.-214    	; 0x0 <__vectors>

000000d6 <rx_ds1302>:

void read_time_ds1302(t_ds1302* ds1302) {
	ds1302->seconds = read_ds1302(ADDR_SECONDS);
	ds1302->minutes = read_ds1302(ADDR_MINUTES);
	ds1302->hours = read_ds1302(ADDR_HOUR);
}
      d6:	dc 01       	movw	r26, r24
      d8:	e1 e6       	ldi	r30, 0x61	; 97
      da:	f0 e0       	ldi	r31, 0x00	; 0
      dc:	90 81       	ld	r25, Z
      de:	9d 7f       	andi	r25, 0xFD	; 253
      e0:	90 83       	st	Z, r25
      e2:	20 e0       	ldi	r18, 0x00	; 0
      e4:	30 e0       	ldi	r19, 0x00	; 0
      e6:	60 e0       	ldi	r22, 0x00	; 0
      e8:	15 c0       	rjmp	.+42     	; 0x114 <rx_ds1302+0x3e>
      ea:	e2 e6       	ldi	r30, 0x62	; 98
      ec:	f0 e0       	ldi	r31, 0x00	; 0
      ee:	90 81       	ld	r25, Z
      f0:	91 60       	ori	r25, 0x01	; 1
      f2:	90 83       	st	Z, r25
      f4:	90 81       	ld	r25, Z
      f6:	9e 7f       	andi	r25, 0xFE	; 254
      f8:	90 83       	st	Z, r25
      fa:	01 9b       	sbis	0x00, 1	; 0
      fc:	09 c0       	rjmp	.+18     	; 0x110 <rx_ds1302+0x3a>
      fe:	41 e0       	ldi	r20, 0x01	; 1
     100:	50 e0       	ldi	r21, 0x00	; 0
     102:	02 2e       	mov	r0, r18
     104:	02 c0       	rjmp	.+4      	; 0x10a <rx_ds1302+0x34>
     106:	44 0f       	add	r20, r20
     108:	55 1f       	adc	r21, r21
     10a:	0a 94       	dec	r0
     10c:	e2 f7       	brpl	.-8      	; 0x106 <rx_ds1302+0x30>
     10e:	64 2b       	or	r22, r20
     110:	2f 5f       	subi	r18, 0xFF	; 255
     112:	3f 4f       	sbci	r19, 0xFF	; 255
     114:	28 30       	cpi	r18, 0x08	; 8
     116:	31 05       	cpc	r19, r1
     118:	44 f3       	brlt	.-48     	; 0xea <rx_ds1302+0x14>
     11a:	6c 93       	st	X, r22
     11c:	08 95       	ret

0000011e <dec2bcd>:
     11e:	9d ec       	ldi	r25, 0xCD	; 205
     120:	89 9f       	mul	r24, r25
     122:	91 2d       	mov	r25, r1
     124:	11 24       	eor	r1, r1
     126:	96 95       	lsr	r25
     128:	96 95       	lsr	r25
     12a:	96 95       	lsr	r25
     12c:	39 2f       	mov	r19, r25
     12e:	33 0f       	add	r19, r19
     130:	23 2f       	mov	r18, r19
     132:	22 0f       	add	r18, r18
     134:	22 0f       	add	r18, r18
     136:	23 0f       	add	r18, r19
     138:	82 1b       	sub	r24, r18
     13a:	30 e1       	ldi	r19, 0x10	; 16
     13c:	93 9f       	mul	r25, r19
     13e:	80 0d       	add	r24, r0
     140:	11 24       	eor	r1, r1
     142:	08 95       	ret

00000144 <bcd2dec>:
     144:	38 2f       	mov	r19, r24
     146:	3f 70       	andi	r19, 0x0F	; 15
     148:	98 2f       	mov	r25, r24
     14a:	92 95       	swap	r25
     14c:	9f 70       	andi	r25, 0x0F	; 15
     14e:	99 0f       	add	r25, r25
     150:	29 2f       	mov	r18, r25
     152:	22 0f       	add	r18, r18
     154:	22 0f       	add	r18, r18
     156:	89 2f       	mov	r24, r25
     158:	82 0f       	add	r24, r18
     15a:	83 0f       	add	r24, r19
     15c:	08 95       	ret

0000015e <init_ddr_ds1302>:
     15e:	e1 e6       	ldi	r30, 0x61	; 97
     160:	f0 e0       	ldi	r31, 0x00	; 0
     162:	80 81       	ld	r24, Z
     164:	88 7f       	andi	r24, 0xF8	; 248
     166:	80 83       	st	Z, r24
     168:	80 81       	ld	r24, Z
     16a:	87 60       	ori	r24, 0x07	; 7
     16c:	80 83       	st	Z, r24
     16e:	08 95       	ret

00000170 <clock_ds1302>:
     170:	e2 e6       	ldi	r30, 0x62	; 98
     172:	f0 e0       	ldi	r31, 0x00	; 0
     174:	80 81       	ld	r24, Z
     176:	8e 7f       	andi	r24, 0xFE	; 254
     178:	80 83       	st	Z, r24
     17a:	80 81       	ld	r24, Z
     17c:	81 60       	ori	r24, 0x01	; 1
     17e:	80 83       	st	Z, r24
     180:	80 81       	ld	r24, Z
     182:	8e 7f       	andi	r24, 0xFE	; 254
     184:	80 83       	st	Z, r24
     186:	08 95       	ret

00000188 <tx_ds1302>:
     188:	1f 93       	push	r17
     18a:	cf 93       	push	r28
     18c:	df 93       	push	r29
     18e:	18 2f       	mov	r17, r24
     190:	e1 e6       	ldi	r30, 0x61	; 97
     192:	f0 e0       	ldi	r31, 0x00	; 0
     194:	80 81       	ld	r24, Z
     196:	82 60       	ori	r24, 0x02	; 2
     198:	80 83       	st	Z, r24
     19a:	c0 e0       	ldi	r28, 0x00	; 0
     19c:	d0 e0       	ldi	r29, 0x00	; 0
     19e:	17 c0       	rjmp	.+46     	; 0x1ce <tx_ds1302+0x46>
     1a0:	81 2f       	mov	r24, r17
     1a2:	90 e0       	ldi	r25, 0x00	; 0
     1a4:	0c 2e       	mov	r0, r28
     1a6:	02 c0       	rjmp	.+4      	; 0x1ac <tx_ds1302+0x24>
     1a8:	95 95       	asr	r25
     1aa:	87 95       	ror	r24
     1ac:	0a 94       	dec	r0
     1ae:	e2 f7       	brpl	.-8      	; 0x1a8 <tx_ds1302+0x20>
     1b0:	80 ff       	sbrs	r24, 0
     1b2:	06 c0       	rjmp	.+12     	; 0x1c0 <tx_ds1302+0x38>
     1b4:	e2 e6       	ldi	r30, 0x62	; 98
     1b6:	f0 e0       	ldi	r31, 0x00	; 0
     1b8:	80 81       	ld	r24, Z
     1ba:	82 60       	ori	r24, 0x02	; 2
     1bc:	80 83       	st	Z, r24
     1be:	05 c0       	rjmp	.+10     	; 0x1ca <tx_ds1302+0x42>
     1c0:	e2 e6       	ldi	r30, 0x62	; 98
     1c2:	f0 e0       	ldi	r31, 0x00	; 0
     1c4:	80 81       	ld	r24, Z
     1c6:	8d 7f       	andi	r24, 0xFD	; 253
     1c8:	80 83       	st	Z, r24
     1ca:	d2 df       	rcall	.-92     	; 0x170 <clock_ds1302>
     1cc:	21 96       	adiw	r28, 0x01	; 1
     1ce:	c8 30       	cpi	r28, 0x08	; 8
     1d0:	d1 05       	cpc	r29, r1
     1d2:	34 f3       	brlt	.-52     	; 0x1a0 <tx_ds1302+0x18>
     1d4:	df 91       	pop	r29
     1d6:	cf 91       	pop	r28
     1d8:	1f 91       	pop	r17
     1da:	08 95       	ret

000001dc <write_ds1302>:
	high = (data >> 4) * 10;	
	
	return (high+low);
}

void write_ds1302(uint8_t addr, uint8_t data) {
     1dc:	1f 93       	push	r17
     1de:	cf 93       	push	r28
     1e0:	df 93       	push	r29
     1e2:	16 2f       	mov	r17, r22
	// 1. CE low --> HIGH
	DS1302_RST_PORT |= 1 << DS1302_RST;
     1e4:	c2 e6       	ldi	r28, 0x62	; 98
     1e6:	d0 e0       	ldi	r29, 0x00	; 0
     1e8:	98 81       	ld	r25, Y
     1ea:	94 60       	ori	r25, 0x04	; 4
     1ec:	98 83       	st	Y, r25
	// 2. ADDR 전송
	tx_ds1302(addr);
     1ee:	cc df       	rcall	.-104    	; 0x188 <tx_ds1302>
	// 3. DATA 전송
	tx_ds1302(dec2bcd(data));
     1f0:	81 2f       	mov	r24, r17
     1f2:	95 df       	rcall	.-214    	; 0x11e <dec2bcd>
     1f4:	c9 df       	rcall	.-110    	; 0x188 <tx_ds1302>
	// 4. CE HIGH --> LOW
	DS1302_RST_PORT &= ~(1 << DS1302_RST);
     1f6:	88 81       	ld	r24, Y
     1f8:	8b 7f       	andi	r24, 0xFB	; 251
     1fa:	88 83       	st	Y, r24
}
     1fc:	df 91       	pop	r29
     1fe:	cf 91       	pop	r28
     200:	1f 91       	pop	r17
     202:	08 95       	ret

00000204 <init_ds1302>:
	ds1302->seconds = read_ds1302(ADDR_SECONDS);
	ds1302->minutes = read_ds1302(ADDR_MINUTES);
	ds1302->hours = read_ds1302(ADDR_HOUR);
}

void init_ds1302(t_ds1302* ds1302) {
     204:	cf 93       	push	r28
     206:	df 93       	push	r29
     208:	ec 01       	movw	r28, r24
	write_ds1302(ADDR_SECONDS, ds1302->seconds);
     20a:	68 81       	ld	r22, Y
     20c:	80 e8       	ldi	r24, 0x80	; 128
     20e:	e6 df       	rcall	.-52     	; 0x1dc <write_ds1302>
	write_ds1302(ADDR_MINUTES, ds1302->minutes);
     210:	69 81       	ldd	r22, Y+1	; 0x01
     212:	82 e8       	ldi	r24, 0x82	; 130
     214:	e3 df       	rcall	.-58     	; 0x1dc <write_ds1302>
	write_ds1302(ADDR_HOUR, ds1302->hours);
     216:	6a 81       	ldd	r22, Y+2	; 0x02
     218:	84 e8       	ldi	r24, 0x84	; 132
     21a:	e0 df       	rcall	.-64     	; 0x1dc <write_ds1302>
	write_ds1302(ADDR_DATE, ds1302->date);
     21c:	6b 81       	ldd	r22, Y+3	; 0x03
     21e:	86 e8       	ldi	r24, 0x86	; 134
     220:	dd df       	rcall	.-70     	; 0x1dc <write_ds1302>
	write_ds1302(ADDR_MONTH, ds1302->month);
     222:	6c 81       	ldd	r22, Y+4	; 0x04
     224:	88 e8       	ldi	r24, 0x88	; 136
     226:	da df       	rcall	.-76     	; 0x1dc <write_ds1302>
	write_ds1302(ADDR_DAYOFWEEK, ds1302->dayofweek);
     228:	6d 81       	ldd	r22, Y+5	; 0x05
     22a:	8a e8       	ldi	r24, 0x8A	; 138
     22c:	d7 df       	rcall	.-82     	; 0x1dc <write_ds1302>
	write_ds1302(ADDR_YEAR, ds1302->year);
     22e:	6e 81       	ldd	r22, Y+6	; 0x06
     230:	8c e8       	ldi	r24, 0x8C	; 140
     232:	d4 df       	rcall	.-88     	; 0x1dc <write_ds1302>
     234:	df 91       	pop	r29
}
     236:	cf 91       	pop	r28
     238:	08 95       	ret

0000023a <init_gpio_ds1302>:
     23a:	e2 e6       	ldi	r30, 0x62	; 98
	DS1302_CLK_PORT |= 1 << DS1302_CLK;
	DS1302_CLK_PORT &= ~(1 << DS1302_CLK);
}

void init_gpio_ds1302(void){
	DS1302_CLK_PORT &= ~(1 << DS1302_CLK | 1 << DS1302_DAT | 1 << DS1302_RST);
     23c:	f0 e0       	ldi	r31, 0x00	; 0
     23e:	80 81       	ld	r24, Z
     240:	88 7f       	andi	r24, 0xF8	; 248
     242:	80 83       	st	Z, r24
	#else
		//round up by default
		__ticks_dc = (uint32_t)(ceil(fabs(__tmp)));
	#endif

	__builtin_avr_delay_cycles(__ticks_dc);
     244:	8f e3       	ldi	r24, 0x3F	; 63
     246:	9f e1       	ldi	r25, 0x1F	; 31
     248:	01 97       	sbiw	r24, 0x01	; 1
     24a:	f1 f7       	brne	.-4      	; 0x248 <init_gpio_ds1302+0xe>
     24c:	00 c0       	rjmp	.+0      	; 0x24e <init_gpio_ds1302+0x14>
     24e:	00 00       	nop
     250:	08 95       	ret

00000252 <init_date_time>:
	_delay_ms(2);
}

// 이 init을 comport master로 처리하라.
void init_date_time(t_ds1302* ds1302) {
     252:	fc 01       	movw	r30, r24
	ds1302->year = 26;
     254:	9a e1       	ldi	r25, 0x1A	; 26
     256:	96 83       	std	Z+6, r25	; 0x06
	ds1302->month = 06;
     258:	86 e0       	ldi	r24, 0x06	; 6
     25a:	84 83       	std	Z+4, r24	; 0x04
	ds1302->date = 26;
     25c:	93 83       	std	Z+3, r25	; 0x03
	ds1302->dayofweek = 06; // Fri
     25e:	85 83       	std	Z+5, r24	; 0x05
	ds1302->hours = 15;
     260:	8f e0       	ldi	r24, 0x0F	; 15
     262:	82 83       	std	Z+2, r24	; 0x02
	ds1302->minutes = 20;
     264:	84 e1       	ldi	r24, 0x14	; 20
     266:	81 83       	std	Z+1, r24	; 0x01
	ds1302->seconds = 00;
     268:	10 82       	st	Z, r1
     26a:	08 95       	ret

0000026c <read_burst_mode_des1302>:
}

// burst 모드 > 한번 읽기 시작하면, 연속해서 7번 더 읽어들인다.
void read_burst_mode_des1302(t_ds1302* ds1302)
{
     26c:	ef 92       	push	r14
     26e:	ff 92       	push	r15
     270:	0f 93       	push	r16
     272:	1f 93       	push	r17
     274:	cf 93       	push	r28
     276:	df 93       	push	r29
     278:	1f 92       	push	r1
     27a:	cd b7       	in	r28, 0x3d	; 61
     27c:	de b7       	in	r29, 0x3e	; 62
     27e:	8c 01       	movw	r16, r24
	uint8_t temp;
	
	// 1. high모드 (통신 시작할 것임을 의미)
	DS1302_RST_PORT |= (1 << DS1302_RST);
     280:	0f 2e       	mov	r0, r31
     282:	f2 e6       	ldi	r31, 0x62	; 98
     284:	ef 2e       	mov	r14, r31
     286:	f1 2c       	mov	r15, r1
     288:	f0 2d       	mov	r31, r0
     28a:	f7 01       	movw	r30, r14
     28c:	80 81       	ld	r24, Z
     28e:	84 60       	ori	r24, 0x04	; 4
     290:	80 83       	st	Z, r24
	
	// 2. BURST 모드
	tx_ds1302(0xBF);	// 0xBF: read mode / 0xBE: write mode
     292:	8f eb       	ldi	r24, 0xBF	; 191
     294:	79 df       	rcall	.-270    	; 0x188 <tx_ds1302>
	
	rx_ds1302(&temp); ds1302->seconds = bcd2dec(temp);
     296:	ce 01       	movw	r24, r28
     298:	01 96       	adiw	r24, 0x01	; 1
     29a:	1d df       	rcall	.-454    	; 0xd6 <rx_ds1302>
     29c:	89 81       	ldd	r24, Y+1	; 0x01
     29e:	52 df       	rcall	.-348    	; 0x144 <bcd2dec>
     2a0:	f8 01       	movw	r30, r16
     2a2:	80 83       	st	Z, r24
	rx_ds1302(&temp); ds1302->minutes = bcd2dec(temp);
     2a4:	ce 01       	movw	r24, r28
     2a6:	01 96       	adiw	r24, 0x01	; 1
     2a8:	16 df       	rcall	.-468    	; 0xd6 <rx_ds1302>
     2aa:	89 81       	ldd	r24, Y+1	; 0x01
     2ac:	4b df       	rcall	.-362    	; 0x144 <bcd2dec>
     2ae:	f8 01       	movw	r30, r16
     2b0:	81 83       	std	Z+1, r24	; 0x01
	rx_ds1302(&temp); ds1302->hours   = bcd2dec(temp);
     2b2:	ce 01       	movw	r24, r28
     2b4:	01 96       	adiw	r24, 0x01	; 1
     2b6:	0f df       	rcall	.-482    	; 0xd6 <rx_ds1302>
     2b8:	89 81       	ldd	r24, Y+1	; 0x01
     2ba:	44 df       	rcall	.-376    	; 0x144 <bcd2dec>
     2bc:	f8 01       	movw	r30, r16
     2be:	82 83       	std	Z+2, r24	; 0x02
	rx_ds1302(&temp); ds1302->date    = bcd2dec(temp);
     2c0:	ce 01       	movw	r24, r28
     2c2:	01 96       	adiw	r24, 0x01	; 1
     2c4:	08 df       	rcall	.-496    	; 0xd6 <rx_ds1302>
     2c6:	89 81       	ldd	r24, Y+1	; 0x01
     2c8:	3d df       	rcall	.-390    	; 0x144 <bcd2dec>
     2ca:	f8 01       	movw	r30, r16
     2cc:	83 83       	std	Z+3, r24	; 0x03
	rx_ds1302(&temp); ds1302->month   = bcd2dec(temp);
     2ce:	ce 01       	movw	r24, r28
     2d0:	01 96       	adiw	r24, 0x01	; 1
     2d2:	01 df       	rcall	.-510    	; 0xd6 <rx_ds1302>
     2d4:	89 81       	ldd	r24, Y+1	; 0x01
     2d6:	36 df       	rcall	.-404    	; 0x144 <bcd2dec>
     2d8:	f8 01       	movw	r30, r16
     2da:	84 83       	std	Z+4, r24	; 0x04
	rx_ds1302(&temp); ds1302->dayofweek = bcd2dec(temp);
     2dc:	ce 01       	movw	r24, r28
     2de:	01 96       	adiw	r24, 0x01	; 1
     2e0:	fa de       	rcall	.-524    	; 0xd6 <rx_ds1302>
     2e2:	89 81       	ldd	r24, Y+1	; 0x01
     2e4:	2f df       	rcall	.-418    	; 0x144 <bcd2dec>
     2e6:	f8 01       	movw	r30, r16
     2e8:	85 83       	std	Z+5, r24	; 0x05
	rx_ds1302(&temp); ds1302->year    = bcd2dec(temp);
     2ea:	ce 01       	movw	r24, r28
     2ec:	01 96       	adiw	r24, 0x01	; 1
     2ee:	f3 de       	rcall	.-538    	; 0xd6 <rx_ds1302>
     2f0:	89 81       	ldd	r24, Y+1	; 0x01
     2f2:	28 df       	rcall	.-432    	; 0x144 <bcd2dec>
     2f4:	f8 01       	movw	r30, r16
     2f6:	86 83       	std	Z+6, r24	; 0x06
     2f8:	80 e0       	ldi	r24, 0x00	; 0
     2fa:	46 df       	rcall	.-372    	; 0x188 <tx_ds1302>
    tx_ds1302(0x00); 
     2fc:	f7 01       	movw	r30, r14
     2fe:	80 81       	ld	r24, Z
     300:	8b 7f       	andi	r24, 0xFB	; 251
	
	// 4. low (통신 끝
	DS1302_RST_PORT &= ~(1 << DS1302_RST);
     302:	80 83       	st	Z, r24
     304:	0f 90       	pop	r0
     306:	df 91       	pop	r29
     308:	cf 91       	pop	r28
     30a:	1f 91       	pop	r17
     30c:	0f 91       	pop	r16
     30e:	ff 90       	pop	r15
     310:	ef 90       	pop	r14
     312:	08 95       	ret

00000314 <ds1302_main>:
     314:	cf 93       	push	r28
     316:	df 93       	push	r29
     318:	cd b7       	in	r28, 0x3d	; 61
void read_burst_mode_des1302(t_ds1302* t_ds1302);

extern void pc_command_processing(t_ds1302* ds1302);
extern volatile int rtc_update_flag;

void ds1302_main(void) {
     31a:	de b7       	in	r29, 0x3e	; 62
     31c:	29 97       	sbiw	r28, 0x09	; 9
     31e:	0f b6       	in	r0, 0x3f	; 63
     320:	f8 94       	cli
     322:	de bf       	out	0x3e, r29	; 62
     324:	0f be       	out	0x3f, r0	; 63
     326:	cd bf       	out	0x3d, r28	; 61
	// 쓰레기값이 있으니까, 초기화하는 걸로 작업 시작
	t_ds1302 data;
	t_ds1302 *ds1302 = &data;
	
	// 각 parameter에는 주소값이 전달되어야 고쳐지지
	init_date_time(ds1302);
     328:	ce 01       	movw	r24, r28
     32a:	01 96       	adiw	r24, 0x01	; 1
     32c:	92 df       	rcall	.-220    	; 0x252 <init_date_time>
	init_ddr_ds1302();
     32e:	17 df       	rcall	.-466    	; 0x15e <init_ddr_ds1302>
	init_gpio_ds1302(); // all LOW로 설정
     330:	84 df       	rcall	.-248    	; 0x23a <init_gpio_ds1302>


	init_ds1302(ds1302);   // 초기 1회 write
     332:	ce 01       	movw	r24, r28
     334:	01 96       	adiw	r24, 0x01	; 1
     336:	66 df       	rcall	.-308    	; 0x204 <init_ds1302>

	while(1)
	{
		// 1. UART 처리 → RAM 반영
		pc_command_processing(ds1302);
     338:	ce 01       	movw	r24, r28
     33a:	01 96       	adiw	r24, 0x01	; 1
     33c:	f3 d0       	rcall	.+486    	; 0x524 <pc_command_processing>
     33e:	80 91 60 01 	lds	r24, 0x0160	; 0x800160 <rtc_update_flag>

		// 2. DS1302 write (UART 명령 있을 때만)
		if (rtc_update_flag)
     342:	90 91 61 01 	lds	r25, 0x0161	; 0x800161 <rtc_update_flag+0x1>
     346:	89 2b       	or	r24, r25
     348:	39 f0       	breq	.+14     	; 0x358 <ds1302_main+0x44>
		{
			init_ds1302(ds1302);   // DS1302에 실제 반영
     34a:	ce 01       	movw	r24, r28
     34c:	01 96       	adiw	r24, 0x01	; 1
     34e:	5a df       	rcall	.-332    	; 0x204 <init_ds1302>
     350:	10 92 61 01 	sts	0x0161, r1	; 0x800161 <rtc_update_flag+0x1>
			rtc_update_flag = 0;
     354:	10 92 60 01 	sts	0x0160, r1	; 0x800160 <rtc_update_flag>
		//read_time_ds1302(ds1302);
		//// 2. read date
		//read_date_ds1302(ds1302);
		
		// burst mode..
		read_burst_mode_des1302(ds1302);
     358:	ce 01       	movw	r24, r28
     35a:	01 96       	adiw	r24, 0x01	; 1
     35c:	87 df       	rcall	.-242    	; 0x26c <read_burst_mode_des1302>
     35e:	2c 81       	ldd	r18, Y+4	; 0x04
		
		// 3. printf date & time
		printf("DATE: %d-%d-%d\n", ds1302->year, ds1302->month, ds1302->date);
     360:	9d 81       	ldd	r25, Y+5	; 0x05
     362:	8f 81       	ldd	r24, Y+7	; 0x07
     364:	1f 92       	push	r1
     366:	2f 93       	push	r18
     368:	1f 92       	push	r1
     36a:	9f 93       	push	r25
     36c:	1f 92       	push	r1
     36e:	8f 93       	push	r24
     370:	8e e0       	ldi	r24, 0x0E	; 14
     372:	91 e0       	ldi	r25, 0x01	; 1
     374:	9f 93       	push	r25
     376:	8f 93       	push	r24
     378:	9a d1       	rcall	.+820    	; 0x6ae <printf>
     37a:	29 81       	ldd	r18, Y+1	; 0x01
		printf("TIME: %d-%d-%d\n", ds1302->hours, ds1302->minutes, ds1302->seconds);
     37c:	9a 81       	ldd	r25, Y+2	; 0x02
     37e:	8b 81       	ldd	r24, Y+3	; 0x03
     380:	1f 92       	push	r1
     382:	2f 93       	push	r18
     384:	1f 92       	push	r1
     386:	9f 93       	push	r25
     388:	1f 92       	push	r1
     38a:	8f 93       	push	r24
     38c:	8e e1       	ldi	r24, 0x1E	; 30
     38e:	91 e0       	ldi	r25, 0x01	; 1
     390:	9f 93       	push	r25
     392:	8f 93       	push	r24
     394:	8c d1       	rcall	.+792    	; 0x6ae <printf>
     396:	2f ef       	ldi	r18, 0xFF	; 255
     398:	83 ed       	ldi	r24, 0xD3	; 211
     39a:	90 e3       	ldi	r25, 0x30	; 48
     39c:	21 50       	subi	r18, 0x01	; 1
     39e:	80 40       	sbci	r24, 0x00	; 0
     3a0:	90 40       	sbci	r25, 0x00	; 0
     3a2:	e1 f7       	brne	.-8      	; 0x39c <ds1302_main+0x88>
     3a4:	00 c0       	rjmp	.+0      	; 0x3a6 <ds1302_main+0x92>
     3a6:	00 00       	nop
     3a8:	0f b6       	in	r0, 0x3f	; 63
     3aa:	f8 94       	cli
     3ac:	de bf       	out	0x3e, r29	; 62
     3ae:	0f be       	out	0x3f, r0	; 63
     3b0:	cd bf       	out	0x3d, r28	; 61
     3b2:	c2 cf       	rjmp	.-124    	; 0x338 <ds1302_main+0x24>

000003b4 <main>:
 FILE OUTPUT = FDEV_SETUP_STREAM(UART0_transmit, NULL, _FDEV_SETUP_WRITE);	// printf 사용..


 int main(void)
 {
	 init_uart0();
     3b4:	a8 d0       	rcall	.+336    	; 0x506 <init_uart0>
	 stdout = &OUTPUT;	// 송수신이 하나에서 이뤄지니까..
     3b6:	80 e0       	ldi	r24, 0x00	; 0
     3b8:	91 e0       	ldi	r25, 0x01	; 1
     3ba:	90 93 c9 0a 	sts	0x0AC9, r25	; 0x800ac9 <__iob+0x3>
     3be:	80 93 c8 0a 	sts	0x0AC8, r24	; 0x800ac8 <__iob+0x2>
	
     sei();
		
 	 ds1302_main();
     3c2:	78 94       	sei
     3c4:	a7 df       	rcall	.-178    	; 0x314 <ds1302_main>
 
 }
     3c6:	80 e0       	ldi	r24, 0x00	; 0
     3c8:	90 e0       	ldi	r25, 0x00	; 0
     3ca:	08 95       	ret

000003cc <__vector_18>:

// p278 표 12-3
// PC로부터 1byte가 들어오면 자동적으로 이곳으로 진입한다.
// led_all_on\n 이면, 11번 이곳으로 진입한다.
ISR(USART0_RX_vect)
{
     3cc:	1f 92       	push	r1
     3ce:	0f 92       	push	r0
     3d0:	0f b6       	in	r0, 0x3f	; 63
     3d2:	0f 92       	push	r0
     3d4:	11 24       	eor	r1, r1
     3d6:	0b b6       	in	r0, 0x3b	; 59
     3d8:	0f 92       	push	r0
     3da:	2f 93       	push	r18
     3dc:	3f 93       	push	r19
     3de:	4f 93       	push	r20
     3e0:	5f 93       	push	r21
     3e2:	6f 93       	push	r22
     3e4:	7f 93       	push	r23
     3e6:	8f 93       	push	r24
     3e8:	9f 93       	push	r25
     3ea:	af 93       	push	r26
     3ec:	bf 93       	push	r27
     3ee:	ef 93       	push	r30
     3f0:	ff 93       	push	r31
     3f2:	cf 93       	push	r28
     3f4:	df 93       	push	r29
     3f6:	1f 92       	push	r1
     3f8:	cd b7       	in	r28, 0x3d	; 61
     3fa:	de b7       	in	r29, 0x3e	; 62
	volatile uint8_t data;
	volatile static int i=0;
	
	data = UDR0;		// UDR0의 내용이 data에 복사된 후, UDR0의 내용은 빈 상태로 된다.
     3fc:	8c b1       	in	r24, 0x0c	; 12
     3fe:	89 83       	std	Y+1, r24	; 0x01
	
	if(data == '\n' || data == '\r')
     400:	89 81       	ldd	r24, Y+1	; 0x01
     402:	8a 30       	cpi	r24, 0x0A	; 10
     404:	19 f0       	breq	.+6      	; 0x40c <__LOCK_REGION_LENGTH__+0xc>
     406:	89 81       	ldd	r24, Y+1	; 0x01
     408:	8d 30       	cpi	r24, 0x0D	; 13
     40a:	c1 f5       	brne	.+112    	; 0x47c <__LOCK_REGION_LENGTH__+0x7c>
	{
		if( (rear + 1) % QUEUE_SIZE == front % QUEUE_SIZE)
     40c:	80 91 64 01 	lds	r24, 0x0164	; 0x800164 <rear>
     410:	90 91 65 01 	lds	r25, 0x0165	; 0x800165 <rear+0x1>
     414:	01 96       	adiw	r24, 0x01	; 1
     416:	2e e1       	ldi	r18, 0x1E	; 30
     418:	30 e0       	ldi	r19, 0x00	; 0
     41a:	b9 01       	movw	r22, r18
     41c:	13 d1       	rcall	.+550    	; 0x644 <__divmodhi4>
     41e:	fc 01       	movw	r30, r24
     420:	80 91 62 01 	lds	r24, 0x0162	; 0x800162 <front>
     424:	90 91 63 01 	lds	r25, 0x0163	; 0x800163 <front+0x1>
     428:	b9 01       	movw	r22, r18
     42a:	0c d1       	rcall	.+536    	; 0x644 <__divmodhi4>
     42c:	e8 17       	cp	r30, r24
     42e:	f9 07       	cpc	r31, r25
     430:	09 f4       	brne	.+2      	; 0x434 <__LOCK_REGION_LENGTH__+0x34>
     432:	53 c0       	rjmp	.+166    	; 0x4da <__LOCK_REGION_LENGTH__+0xda>
			return;	//	queue full 상태
			
		rx_buff[rear][i] = '\0';	// 문장의 끝인 null을 넣는다.
     434:	20 91 64 01 	lds	r18, 0x0164	; 0x800164 <rear>
     438:	30 91 65 01 	lds	r19, 0x0165	; 0x800165 <rear+0x1>
     43c:	80 91 5e 01 	lds	r24, 0x015E	; 0x80015e <__data_end>
     440:	90 91 5f 01 	lds	r25, 0x015F	; 0x80015f <__data_end+0x1>
     444:	40 e5       	ldi	r20, 0x50	; 80
     446:	42 9f       	mul	r20, r18
     448:	f0 01       	movw	r30, r0
     44a:	43 9f       	mul	r20, r19
     44c:	f0 0d       	add	r31, r0
     44e:	11 24       	eor	r1, r1
     450:	ea 59       	subi	r30, 0x9A	; 154
     452:	fe 4f       	sbci	r31, 0xFE	; 254
     454:	e8 0f       	add	r30, r24
     456:	f9 1f       	adc	r31, r25
     458:	10 82       	st	Z, r1
		i=0;	// 다음 string을 저장하기 위해 i=0으로 할당한다.
     45a:	10 92 5f 01 	sts	0x015F, r1	; 0x80015f <__data_end+0x1>
     45e:	10 92 5e 01 	sts	0x015E, r1	; 0x80015e <__data_end>
		rear = (rear + 1) % QUEUE_SIZE;	// 0 ~ 9
     462:	80 91 64 01 	lds	r24, 0x0164	; 0x800164 <rear>
     466:	90 91 65 01 	lds	r25, 0x0165	; 0x800165 <rear+0x1>
     46a:	01 96       	adiw	r24, 0x01	; 1
     46c:	6e e1       	ldi	r22, 0x1E	; 30
     46e:	70 e0       	ldi	r23, 0x00	; 0
     470:	e9 d0       	rcall	.+466    	; 0x644 <__divmodhi4>
     472:	90 93 65 01 	sts	0x0165, r25	; 0x800165 <rear+0x1>
     476:	80 93 64 01 	sts	0x0164, r24	; 0x800164 <rear>
     47a:	2f c0       	rjmp	.+94     	; 0x4da <__LOCK_REGION_LENGTH__+0xda>
	}
	else
	{
		if( (rear + 1) % QUEUE_SIZE == front % QUEUE_SIZE)
     47c:	80 91 64 01 	lds	r24, 0x0164	; 0x800164 <rear>
     480:	90 91 65 01 	lds	r25, 0x0165	; 0x800165 <rear+0x1>
     484:	01 96       	adiw	r24, 0x01	; 1
     486:	2e e1       	ldi	r18, 0x1E	; 30
     488:	30 e0       	ldi	r19, 0x00	; 0
     48a:	b9 01       	movw	r22, r18
     48c:	db d0       	rcall	.+438    	; 0x644 <__divmodhi4>
     48e:	fc 01       	movw	r30, r24
     490:	80 91 62 01 	lds	r24, 0x0162	; 0x800162 <front>
     494:	90 91 63 01 	lds	r25, 0x0163	; 0x800163 <front+0x1>
     498:	b9 01       	movw	r22, r18
     49a:	d4 d0       	rcall	.+424    	; 0x644 <__divmodhi4>
     49c:	e8 17       	cp	r30, r24
     49e:	f9 07       	cpc	r31, r25
     4a0:	e1 f0       	breq	.+56     	; 0x4da <__LOCK_REGION_LENGTH__+0xda>
			return;	//	queue full 상태
		
		rx_buff[rear][i++] = data;
     4a2:	60 91 64 01 	lds	r22, 0x0164	; 0x800164 <rear>
     4a6:	70 91 65 01 	lds	r23, 0x0165	; 0x800165 <rear+0x1>
     4aa:	80 91 5e 01 	lds	r24, 0x015E	; 0x80015e <__data_end>
     4ae:	90 91 5f 01 	lds	r25, 0x015F	; 0x80015f <__data_end+0x1>
     4b2:	9c 01       	movw	r18, r24
     4b4:	2f 5f       	subi	r18, 0xFF	; 255
     4b6:	3f 4f       	sbci	r19, 0xFF	; 255
     4b8:	30 93 5f 01 	sts	0x015F, r19	; 0x80015f <__data_end+0x1>
     4bc:	20 93 5e 01 	sts	0x015E, r18	; 0x80015e <__data_end>
     4c0:	49 81       	ldd	r20, Y+1	; 0x01
     4c2:	50 e5       	ldi	r21, 0x50	; 80
     4c4:	56 9f       	mul	r21, r22
     4c6:	90 01       	movw	r18, r0
     4c8:	57 9f       	mul	r21, r23
     4ca:	30 0d       	add	r19, r0
     4cc:	11 24       	eor	r1, r1
     4ce:	2a 59       	subi	r18, 0x9A	; 154
     4d0:	3e 4f       	sbci	r19, 0xFE	; 254
     4d2:	f9 01       	movw	r30, r18
     4d4:	e8 0f       	add	r30, r24
     4d6:	f9 1f       	adc	r31, r25
     4d8:	40 83       	st	Z, r20
	}
}
     4da:	0f 90       	pop	r0
     4dc:	df 91       	pop	r29
     4de:	cf 91       	pop	r28
     4e0:	ff 91       	pop	r31
     4e2:	ef 91       	pop	r30
     4e4:	bf 91       	pop	r27
     4e6:	af 91       	pop	r26
     4e8:	9f 91       	pop	r25
     4ea:	8f 91       	pop	r24
     4ec:	7f 91       	pop	r23
     4ee:	6f 91       	pop	r22
     4f0:	5f 91       	pop	r21
     4f2:	4f 91       	pop	r20
     4f4:	3f 91       	pop	r19
     4f6:	2f 91       	pop	r18
     4f8:	0f 90       	pop	r0
     4fa:	0b be       	out	0x3b, r0	; 59
     4fc:	0f 90       	pop	r0
     4fe:	0f be       	out	0x3f, r0	; 63
     500:	0f 90       	pop	r0
     502:	1f 90       	pop	r1
     504:	18 95       	reti

00000506 <init_uart0>:
2. start / stop 비트 
3. RX(수신): interrupt로 설정
*/
void init_uart0(void)
{
	UBRR0H = 0x00;
     506:	10 92 90 00 	sts	0x0090, r1	; 0x800090 <__TEXT_REGION_LENGTH__+0x7e0090>
	UBRR0L = 207;  // 9600bps (표8-9)
     50a:	8f ec       	ldi	r24, 0xCF	; 207
     50c:	89 b9       	out	0x09, r24	; 9
	UCSR0A |= 1 << U2X0;  // 2배속 설정 (sampling 8)
     50e:	8b b1       	in	r24, 0x0b	; 11
     510:	82 60       	ori	r24, 0x02	; 2
     512:	8b b9       	out	0x0b, r24	; 11
	// UART0 를 송신, 수신이 다 가능하고 RX INT 가 가능하도록 설정한다.
	UCSR0B |= 1 << RXEN0 | 1 << TXEN0 | 1 << RXCIE0;
     514:	8a b1       	in	r24, 0x0a	; 10
     516:	88 69       	ori	r24, 0x98	; 152
     518:	8a b9       	out	0x0a, r24	; 10
     51a:	08 95       	ret

0000051c <UART0_transmit>:
}

// UART0로 1byte 전송하는 함수
void UART0_transmit(uint8_t data)
{
	while(!(UCSR0A & (1 << UDRE0)))	// data가 송신 중이면, 송신이 끝날때까지 기다림.	
     51c:	5d 9b       	sbis	0x0b, 5	; 11
     51e:	fe cf       	rjmp	.-4      	; 0x51c <UART0_transmit>
	{
		;	// no operation
	}
	
	UDR0 = data;  // HW 전송 register에 data 송신한다.
     520:	8c b9       	out	0x0c, r24	; 12
     522:	08 95       	ret

00000524 <pc_command_processing>:
}

void pc_command_processing(t_ds1302* ds1302)
{
     524:	1f 93       	push	r17
     526:	cf 93       	push	r28
     528:	df 93       	push	r29
	if (front != rear)    // data가 rx_buff에 존재 하는지 check
     52a:	40 91 62 01 	lds	r20, 0x0162	; 0x800162 <front>
     52e:	50 91 63 01 	lds	r21, 0x0163	; 0x800163 <front+0x1>
     532:	20 91 64 01 	lds	r18, 0x0164	; 0x800164 <rear>
     536:	30 91 65 01 	lds	r19, 0x0165	; 0x800165 <rear+0x1>
     53a:	42 17       	cp	r20, r18
     53c:	53 07       	cpc	r21, r19
     53e:	09 f4       	brne	.+2      	; 0x542 <pc_command_processing+0x1e>
     540:	7d c0       	rjmp	.+250    	; 0x63c <pc_command_processing+0x118>
     542:	ec 01       	movw	r28, r24
	{
		printf("%s", rx_buff[front]);  // printf("%s", &rx_buff[front][0])
     544:	20 91 62 01 	lds	r18, 0x0162	; 0x800162 <front>
     548:	30 91 63 01 	lds	r19, 0x0163	; 0x800163 <front+0x1>
     54c:	10 e5       	ldi	r17, 0x50	; 80
     54e:	12 9f       	mul	r17, r18
     550:	c0 01       	movw	r24, r0
     552:	13 9f       	mul	r17, r19
     554:	90 0d       	add	r25, r0
     556:	11 24       	eor	r1, r1
     558:	8a 59       	subi	r24, 0x9A	; 154
     55a:	9e 4f       	sbci	r25, 0xFE	; 254
     55c:	9f 93       	push	r25
     55e:	8f 93       	push	r24
     560:	8e e2       	ldi	r24, 0x2E	; 46
     562:	91 e0       	ldi	r25, 0x01	; 1
     564:	9f 93       	push	r25
     566:	8f 93       	push	r24
     568:	a2 d0       	rcall	.+324    	; 0x6ae <printf>
		if (strncmp((char *) rx_buff[front], "setrst", 6) == 0)
     56a:	20 91 62 01 	lds	r18, 0x0162	; 0x800162 <front>
     56e:	30 91 63 01 	lds	r19, 0x0163	; 0x800163 <front+0x1>
     572:	12 9f       	mul	r17, r18
     574:	c0 01       	movw	r24, r0
     576:	13 9f       	mul	r17, r19
     578:	90 0d       	add	r25, r0
     57a:	11 24       	eor	r1, r1
     57c:	46 e0       	ldi	r20, 0x06	; 6
     57e:	50 e0       	ldi	r21, 0x00	; 0
     580:	61 e3       	ldi	r22, 0x31	; 49
     582:	71 e0       	ldi	r23, 0x01	; 1
     584:	8a 59       	subi	r24, 0x9A	; 154
     586:	9e 4f       	sbci	r25, 0xFE	; 254
     588:	84 d0       	rcall	.+264    	; 0x692 <strncmp>
     58a:	0f 90       	pop	r0
     58c:	0f 90       	pop	r0
     58e:	0f 90       	pop	r0
     590:	0f 90       	pop	r0
     592:	89 2b       	or	r24, r25
     594:	b9 f5       	brne	.+110    	; 0x604 <pc_command_processing+0xe0>
		{
			sscanf(rx_buff[front], "setrst%2hhu%2hhu%2hhu%2hhu%2hhu%2hhu",
     596:	20 91 62 01 	lds	r18, 0x0162	; 0x800162 <front>
     59a:	30 91 63 01 	lds	r19, 0x0163	; 0x800163 <front+0x1>
     59e:	40 e5       	ldi	r20, 0x50	; 80
     5a0:	42 9f       	mul	r20, r18
     5a2:	c0 01       	movw	r24, r0
     5a4:	43 9f       	mul	r20, r19
     5a6:	90 0d       	add	r25, r0
     5a8:	11 24       	eor	r1, r1
     5aa:	8a 59       	subi	r24, 0x9A	; 154
     5ac:	9e 4f       	sbci	r25, 0xFE	; 254
     5ae:	df 93       	push	r29
     5b0:	cf 93       	push	r28
     5b2:	9e 01       	movw	r18, r28
     5b4:	2f 5f       	subi	r18, 0xFF	; 255
     5b6:	3f 4f       	sbci	r19, 0xFF	; 255
     5b8:	3f 93       	push	r19
     5ba:	2f 93       	push	r18
     5bc:	2f 5f       	subi	r18, 0xFF	; 255
     5be:	3f 4f       	sbci	r19, 0xFF	; 255
     5c0:	3f 93       	push	r19
     5c2:	2f 93       	push	r18
     5c4:	2f 5f       	subi	r18, 0xFF	; 255
     5c6:	3f 4f       	sbci	r19, 0xFF	; 255
     5c8:	3f 93       	push	r19
     5ca:	2f 93       	push	r18
     5cc:	2f 5f       	subi	r18, 0xFF	; 255
     5ce:	3f 4f       	sbci	r19, 0xFF	; 255
     5d0:	3f 93       	push	r19
     5d2:	2f 93       	push	r18
     5d4:	26 96       	adiw	r28, 0x06	; 6
     5d6:	df 93       	push	r29
     5d8:	cf 93       	push	r28
     5da:	28 e3       	ldi	r18, 0x38	; 56
     5dc:	31 e0       	ldi	r19, 0x01	; 1
     5de:	3f 93       	push	r19
     5e0:	2f 93       	push	r18
     5e2:	9f 93       	push	r25
     5e4:	8f 93       	push	r24
     5e6:	76 d0       	rcall	.+236    	; 0x6d4 <sscanf>
			&ds1302->date,
			&ds1302->hours,
			&ds1302->minutes,
			&ds1302->seconds);

			rtc_update_flag = 1;
     5e8:	81 e0       	ldi	r24, 0x01	; 1
     5ea:	90 e0       	ldi	r25, 0x00	; 0
     5ec:	90 93 61 01 	sts	0x0161, r25	; 0x800161 <rtc_update_flag+0x1>
     5f0:	80 93 60 01 	sts	0x0160, r24	; 0x800160 <rtc_update_flag>
     5f4:	8d b7       	in	r24, 0x3d	; 61
     5f6:	9e b7       	in	r25, 0x3e	; 62
     5f8:	40 96       	adiw	r24, 0x10	; 16
     5fa:	0f b6       	in	r0, 0x3f	; 63
     5fc:	f8 94       	cli
     5fe:	9e bf       	out	0x3e, r25	; 62
     600:	0f be       	out	0x3f, r0	; 63
     602:	8d bf       	out	0x3d, r24	; 61
		}

		memset(rx_buff[front], 0, sizeof(rx_buff[front]));
     604:	20 91 62 01 	lds	r18, 0x0162	; 0x800162 <front>
     608:	30 91 63 01 	lds	r19, 0x0163	; 0x800163 <front+0x1>
     60c:	80 e5       	ldi	r24, 0x50	; 80
     60e:	82 9f       	mul	r24, r18
     610:	f0 01       	movw	r30, r0
     612:	83 9f       	mul	r24, r19
     614:	f0 0d       	add	r31, r0
     616:	11 24       	eor	r1, r1
     618:	ea 59       	subi	r30, 0x9A	; 154
     61a:	fe 4f       	sbci	r31, 0xFE	; 254
     61c:	df 01       	movw	r26, r30
     61e:	1d 92       	st	X+, r1
     620:	8a 95       	dec	r24
     622:	e9 f7       	brne	.-6      	; 0x61e <pc_command_processing+0xfa>
        
		front = (front + 1) % QUEUE_SIZE;  
     624:	80 91 62 01 	lds	r24, 0x0162	; 0x800162 <front>
     628:	90 91 63 01 	lds	r25, 0x0163	; 0x800163 <front+0x1>
     62c:	01 96       	adiw	r24, 0x01	; 1
     62e:	6e e1       	ldi	r22, 0x1E	; 30
     630:	70 e0       	ldi	r23, 0x00	; 0
     632:	08 d0       	rcall	.+16     	; 0x644 <__divmodhi4>
     634:	90 93 63 01 	sts	0x0163, r25	; 0x800163 <front+0x1>
     638:	80 93 62 01 	sts	0x0162, r24	; 0x800162 <front>
	}
}
     63c:	df 91       	pop	r29
     63e:	cf 91       	pop	r28
     640:	1f 91       	pop	r17
     642:	08 95       	ret

00000644 <__divmodhi4>:
     644:	97 fb       	bst	r25, 7
     646:	07 2e       	mov	r0, r23
     648:	16 f4       	brtc	.+4      	; 0x64e <__divmodhi4+0xa>
     64a:	00 94       	com	r0
     64c:	06 d0       	rcall	.+12     	; 0x65a <__divmodhi4_neg1>
     64e:	77 fd       	sbrc	r23, 7
     650:	08 d0       	rcall	.+16     	; 0x662 <__divmodhi4_neg2>
     652:	0b d0       	rcall	.+22     	; 0x66a <__udivmodhi4>
     654:	07 fc       	sbrc	r0, 7
     656:	05 d0       	rcall	.+10     	; 0x662 <__divmodhi4_neg2>
     658:	3e f4       	brtc	.+14     	; 0x668 <__divmodhi4_exit>

0000065a <__divmodhi4_neg1>:
     65a:	90 95       	com	r25
     65c:	81 95       	neg	r24
     65e:	9f 4f       	sbci	r25, 0xFF	; 255
     660:	08 95       	ret

00000662 <__divmodhi4_neg2>:
     662:	70 95       	com	r23
     664:	61 95       	neg	r22
     666:	7f 4f       	sbci	r23, 0xFF	; 255

00000668 <__divmodhi4_exit>:
     668:	08 95       	ret

0000066a <__udivmodhi4>:
     66a:	aa 1b       	sub	r26, r26
     66c:	bb 1b       	sub	r27, r27
     66e:	51 e1       	ldi	r21, 0x11	; 17
     670:	07 c0       	rjmp	.+14     	; 0x680 <__udivmodhi4_ep>

00000672 <__udivmodhi4_loop>:
     672:	aa 1f       	adc	r26, r26
     674:	bb 1f       	adc	r27, r27
     676:	a6 17       	cp	r26, r22
     678:	b7 07       	cpc	r27, r23
     67a:	10 f0       	brcs	.+4      	; 0x680 <__udivmodhi4_ep>
     67c:	a6 1b       	sub	r26, r22
     67e:	b7 0b       	sbc	r27, r23

00000680 <__udivmodhi4_ep>:
     680:	88 1f       	adc	r24, r24
     682:	99 1f       	adc	r25, r25
     684:	5a 95       	dec	r21
     686:	a9 f7       	brne	.-22     	; 0x672 <__udivmodhi4_loop>
     688:	80 95       	com	r24
     68a:	90 95       	com	r25
     68c:	bc 01       	movw	r22, r24
     68e:	cd 01       	movw	r24, r26
     690:	08 95       	ret

00000692 <strncmp>:
     692:	fb 01       	movw	r30, r22
     694:	dc 01       	movw	r26, r24
     696:	41 50       	subi	r20, 0x01	; 1
     698:	50 40       	sbci	r21, 0x00	; 0
     69a:	30 f0       	brcs	.+12     	; 0x6a8 <strncmp+0x16>
     69c:	8d 91       	ld	r24, X+
     69e:	01 90       	ld	r0, Z+
     6a0:	80 19       	sub	r24, r0
     6a2:	19 f4       	brne	.+6      	; 0x6aa <strncmp+0x18>
     6a4:	00 20       	and	r0, r0
     6a6:	b9 f7       	brne	.-18     	; 0x696 <strncmp+0x4>
     6a8:	88 1b       	sub	r24, r24
     6aa:	99 0b       	sbc	r25, r25
     6ac:	08 95       	ret

000006ae <printf>:
     6ae:	cf 93       	push	r28
     6b0:	df 93       	push	r29
     6b2:	cd b7       	in	r28, 0x3d	; 61
     6b4:	de b7       	in	r29, 0x3e	; 62
     6b6:	ae 01       	movw	r20, r28
     6b8:	4b 5f       	subi	r20, 0xFB	; 251
     6ba:	5f 4f       	sbci	r21, 0xFF	; 255
     6bc:	fa 01       	movw	r30, r20
     6be:	61 91       	ld	r22, Z+
     6c0:	71 91       	ld	r23, Z+
     6c2:	af 01       	movw	r20, r30
     6c4:	80 91 c8 0a 	lds	r24, 0x0AC8	; 0x800ac8 <__iob+0x2>
     6c8:	90 91 c9 0a 	lds	r25, 0x0AC9	; 0x800ac9 <__iob+0x3>
     6cc:	24 d0       	rcall	.+72     	; 0x716 <vfprintf>
     6ce:	df 91       	pop	r29
     6d0:	cf 91       	pop	r28
     6d2:	08 95       	ret

000006d4 <sscanf>:
     6d4:	cf 93       	push	r28
     6d6:	df 93       	push	r29
     6d8:	cd b7       	in	r28, 0x3d	; 61
     6da:	de b7       	in	r29, 0x3e	; 62
     6dc:	2e 97       	sbiw	r28, 0x0e	; 14
     6de:	0f b6       	in	r0, 0x3f	; 63
     6e0:	f8 94       	cli
     6e2:	de bf       	out	0x3e, r29	; 62
     6e4:	0f be       	out	0x3f, r0	; 63
     6e6:	cd bf       	out	0x3d, r28	; 61
     6e8:	85 e0       	ldi	r24, 0x05	; 5
     6ea:	8c 83       	std	Y+4, r24	; 0x04
     6ec:	8b 89       	ldd	r24, Y+19	; 0x13
     6ee:	9c 89       	ldd	r25, Y+20	; 0x14
     6f0:	9a 83       	std	Y+2, r25	; 0x02
     6f2:	89 83       	std	Y+1, r24	; 0x01
     6f4:	ae 01       	movw	r20, r28
     6f6:	49 5e       	subi	r20, 0xE9	; 233
     6f8:	5f 4f       	sbci	r21, 0xFF	; 255
     6fa:	6d 89       	ldd	r22, Y+21	; 0x15
     6fc:	7e 89       	ldd	r23, Y+22	; 0x16
     6fe:	ce 01       	movw	r24, r28
     700:	01 96       	adiw	r24, 0x01	; 1
     702:	b8 d3       	rcall	.+1904   	; 0xe74 <vfscanf>
     704:	2e 96       	adiw	r28, 0x0e	; 14
     706:	0f b6       	in	r0, 0x3f	; 63
     708:	f8 94       	cli
     70a:	de bf       	out	0x3e, r29	; 62
     70c:	0f be       	out	0x3f, r0	; 63
     70e:	cd bf       	out	0x3d, r28	; 61
     710:	df 91       	pop	r29
     712:	cf 91       	pop	r28
     714:	08 95       	ret

00000716 <vfprintf>:
     716:	2f 92       	push	r2
     718:	3f 92       	push	r3
     71a:	4f 92       	push	r4
     71c:	5f 92       	push	r5
     71e:	6f 92       	push	r6
     720:	7f 92       	push	r7
     722:	8f 92       	push	r8
     724:	9f 92       	push	r9
     726:	af 92       	push	r10
     728:	bf 92       	push	r11
     72a:	cf 92       	push	r12
     72c:	df 92       	push	r13
     72e:	ef 92       	push	r14
     730:	ff 92       	push	r15
     732:	0f 93       	push	r16
     734:	1f 93       	push	r17
     736:	cf 93       	push	r28
     738:	df 93       	push	r29
     73a:	cd b7       	in	r28, 0x3d	; 61
     73c:	de b7       	in	r29, 0x3e	; 62
     73e:	2b 97       	sbiw	r28, 0x0b	; 11
     740:	0f b6       	in	r0, 0x3f	; 63
     742:	f8 94       	cli
     744:	de bf       	out	0x3e, r29	; 62
     746:	0f be       	out	0x3f, r0	; 63
     748:	cd bf       	out	0x3d, r28	; 61
     74a:	6c 01       	movw	r12, r24
     74c:	7b 01       	movw	r14, r22
     74e:	8a 01       	movw	r16, r20
     750:	fc 01       	movw	r30, r24
     752:	17 82       	std	Z+7, r1	; 0x07
     754:	16 82       	std	Z+6, r1	; 0x06
     756:	83 81       	ldd	r24, Z+3	; 0x03
     758:	81 ff       	sbrs	r24, 1
     75a:	bf c1       	rjmp	.+894    	; 0xada <vfprintf+0x3c4>
     75c:	ce 01       	movw	r24, r28
     75e:	01 96       	adiw	r24, 0x01	; 1
     760:	3c 01       	movw	r6, r24
     762:	f6 01       	movw	r30, r12
     764:	93 81       	ldd	r25, Z+3	; 0x03
     766:	f7 01       	movw	r30, r14
     768:	93 fd       	sbrc	r25, 3
     76a:	85 91       	lpm	r24, Z+
     76c:	93 ff       	sbrs	r25, 3
     76e:	81 91       	ld	r24, Z+
     770:	7f 01       	movw	r14, r30
     772:	88 23       	and	r24, r24
     774:	09 f4       	brne	.+2      	; 0x778 <vfprintf+0x62>
     776:	ad c1       	rjmp	.+858    	; 0xad2 <vfprintf+0x3bc>
     778:	85 32       	cpi	r24, 0x25	; 37
     77a:	39 f4       	brne	.+14     	; 0x78a <vfprintf+0x74>
     77c:	93 fd       	sbrc	r25, 3
     77e:	85 91       	lpm	r24, Z+
     780:	93 ff       	sbrs	r25, 3
     782:	81 91       	ld	r24, Z+
     784:	7f 01       	movw	r14, r30
     786:	85 32       	cpi	r24, 0x25	; 37
     788:	21 f4       	brne	.+8      	; 0x792 <vfprintf+0x7c>
     78a:	b6 01       	movw	r22, r12
     78c:	90 e0       	ldi	r25, 0x00	; 0
     78e:	f0 d4       	rcall	.+2528   	; 0x1170 <fputc>
     790:	e8 cf       	rjmp	.-48     	; 0x762 <vfprintf+0x4c>
     792:	91 2c       	mov	r9, r1
     794:	21 2c       	mov	r2, r1
     796:	31 2c       	mov	r3, r1
     798:	ff e1       	ldi	r31, 0x1F	; 31
     79a:	f3 15       	cp	r31, r3
     79c:	d8 f0       	brcs	.+54     	; 0x7d4 <vfprintf+0xbe>
     79e:	8b 32       	cpi	r24, 0x2B	; 43
     7a0:	79 f0       	breq	.+30     	; 0x7c0 <vfprintf+0xaa>
     7a2:	38 f4       	brcc	.+14     	; 0x7b2 <vfprintf+0x9c>
     7a4:	80 32       	cpi	r24, 0x20	; 32
     7a6:	79 f0       	breq	.+30     	; 0x7c6 <vfprintf+0xb0>
     7a8:	83 32       	cpi	r24, 0x23	; 35
     7aa:	a1 f4       	brne	.+40     	; 0x7d4 <vfprintf+0xbe>
     7ac:	23 2d       	mov	r18, r3
     7ae:	20 61       	ori	r18, 0x10	; 16
     7b0:	1d c0       	rjmp	.+58     	; 0x7ec <vfprintf+0xd6>
     7b2:	8d 32       	cpi	r24, 0x2D	; 45
     7b4:	61 f0       	breq	.+24     	; 0x7ce <vfprintf+0xb8>
     7b6:	80 33       	cpi	r24, 0x30	; 48
     7b8:	69 f4       	brne	.+26     	; 0x7d4 <vfprintf+0xbe>
     7ba:	23 2d       	mov	r18, r3
     7bc:	21 60       	ori	r18, 0x01	; 1
     7be:	16 c0       	rjmp	.+44     	; 0x7ec <vfprintf+0xd6>
     7c0:	83 2d       	mov	r24, r3
     7c2:	82 60       	ori	r24, 0x02	; 2
     7c4:	38 2e       	mov	r3, r24
     7c6:	e3 2d       	mov	r30, r3
     7c8:	e4 60       	ori	r30, 0x04	; 4
     7ca:	3e 2e       	mov	r3, r30
     7cc:	2a c0       	rjmp	.+84     	; 0x822 <vfprintf+0x10c>
     7ce:	f3 2d       	mov	r31, r3
     7d0:	f8 60       	ori	r31, 0x08	; 8
     7d2:	1d c0       	rjmp	.+58     	; 0x80e <vfprintf+0xf8>
     7d4:	37 fc       	sbrc	r3, 7
     7d6:	2d c0       	rjmp	.+90     	; 0x832 <vfprintf+0x11c>
     7d8:	20 ed       	ldi	r18, 0xD0	; 208
     7da:	28 0f       	add	r18, r24
     7dc:	2a 30       	cpi	r18, 0x0A	; 10
     7de:	40 f0       	brcs	.+16     	; 0x7f0 <vfprintf+0xda>
     7e0:	8e 32       	cpi	r24, 0x2E	; 46
     7e2:	b9 f4       	brne	.+46     	; 0x812 <vfprintf+0xfc>
     7e4:	36 fc       	sbrc	r3, 6
     7e6:	75 c1       	rjmp	.+746    	; 0xad2 <vfprintf+0x3bc>
     7e8:	23 2d       	mov	r18, r3
     7ea:	20 64       	ori	r18, 0x40	; 64
     7ec:	32 2e       	mov	r3, r18
     7ee:	19 c0       	rjmp	.+50     	; 0x822 <vfprintf+0x10c>
     7f0:	36 fe       	sbrs	r3, 6
     7f2:	06 c0       	rjmp	.+12     	; 0x800 <vfprintf+0xea>
     7f4:	8a e0       	ldi	r24, 0x0A	; 10
     7f6:	98 9e       	mul	r9, r24
     7f8:	20 0d       	add	r18, r0
     7fa:	11 24       	eor	r1, r1
     7fc:	92 2e       	mov	r9, r18
     7fe:	11 c0       	rjmp	.+34     	; 0x822 <vfprintf+0x10c>
     800:	ea e0       	ldi	r30, 0x0A	; 10
     802:	2e 9e       	mul	r2, r30
     804:	20 0d       	add	r18, r0
     806:	11 24       	eor	r1, r1
     808:	22 2e       	mov	r2, r18
     80a:	f3 2d       	mov	r31, r3
     80c:	f0 62       	ori	r31, 0x20	; 32
     80e:	3f 2e       	mov	r3, r31
     810:	08 c0       	rjmp	.+16     	; 0x822 <vfprintf+0x10c>
     812:	8c 36       	cpi	r24, 0x6C	; 108
     814:	21 f4       	brne	.+8      	; 0x81e <vfprintf+0x108>
     816:	83 2d       	mov	r24, r3
     818:	80 68       	ori	r24, 0x80	; 128
     81a:	38 2e       	mov	r3, r24
     81c:	02 c0       	rjmp	.+4      	; 0x822 <vfprintf+0x10c>
     81e:	88 36       	cpi	r24, 0x68	; 104
     820:	41 f4       	brne	.+16     	; 0x832 <vfprintf+0x11c>
     822:	f7 01       	movw	r30, r14
     824:	93 fd       	sbrc	r25, 3
     826:	85 91       	lpm	r24, Z+
     828:	93 ff       	sbrs	r25, 3
     82a:	81 91       	ld	r24, Z+
     82c:	7f 01       	movw	r14, r30
     82e:	81 11       	cpse	r24, r1
     830:	b3 cf       	rjmp	.-154    	; 0x798 <vfprintf+0x82>
     832:	98 2f       	mov	r25, r24
     834:	9f 7d       	andi	r25, 0xDF	; 223
     836:	95 54       	subi	r25, 0x45	; 69
     838:	93 30       	cpi	r25, 0x03	; 3
     83a:	28 f4       	brcc	.+10     	; 0x846 <vfprintf+0x130>
     83c:	0c 5f       	subi	r16, 0xFC	; 252
     83e:	1f 4f       	sbci	r17, 0xFF	; 255
     840:	9f e3       	ldi	r25, 0x3F	; 63
     842:	99 83       	std	Y+1, r25	; 0x01
     844:	0d c0       	rjmp	.+26     	; 0x860 <vfprintf+0x14a>
     846:	83 36       	cpi	r24, 0x63	; 99
     848:	31 f0       	breq	.+12     	; 0x856 <vfprintf+0x140>
     84a:	83 37       	cpi	r24, 0x73	; 115
     84c:	71 f0       	breq	.+28     	; 0x86a <vfprintf+0x154>
     84e:	83 35       	cpi	r24, 0x53	; 83
     850:	09 f0       	breq	.+2      	; 0x854 <vfprintf+0x13e>
     852:	55 c0       	rjmp	.+170    	; 0x8fe <vfprintf+0x1e8>
     854:	20 c0       	rjmp	.+64     	; 0x896 <vfprintf+0x180>
     856:	f8 01       	movw	r30, r16
     858:	80 81       	ld	r24, Z
     85a:	89 83       	std	Y+1, r24	; 0x01
     85c:	0e 5f       	subi	r16, 0xFE	; 254
     85e:	1f 4f       	sbci	r17, 0xFF	; 255
     860:	88 24       	eor	r8, r8
     862:	83 94       	inc	r8
     864:	91 2c       	mov	r9, r1
     866:	53 01       	movw	r10, r6
     868:	12 c0       	rjmp	.+36     	; 0x88e <vfprintf+0x178>
     86a:	28 01       	movw	r4, r16
     86c:	f2 e0       	ldi	r31, 0x02	; 2
     86e:	4f 0e       	add	r4, r31
     870:	51 1c       	adc	r5, r1
     872:	f8 01       	movw	r30, r16
     874:	a0 80       	ld	r10, Z
     876:	b1 80       	ldd	r11, Z+1	; 0x01
     878:	36 fe       	sbrs	r3, 6
     87a:	03 c0       	rjmp	.+6      	; 0x882 <vfprintf+0x16c>
     87c:	69 2d       	mov	r22, r9
     87e:	70 e0       	ldi	r23, 0x00	; 0
     880:	02 c0       	rjmp	.+4      	; 0x886 <vfprintf+0x170>
     882:	6f ef       	ldi	r22, 0xFF	; 255
     884:	7f ef       	ldi	r23, 0xFF	; 255
     886:	c5 01       	movw	r24, r10
     888:	2a d4       	rcall	.+2132   	; 0x10de <strnlen>
     88a:	4c 01       	movw	r8, r24
     88c:	82 01       	movw	r16, r4
     88e:	f3 2d       	mov	r31, r3
     890:	ff 77       	andi	r31, 0x7F	; 127
     892:	3f 2e       	mov	r3, r31
     894:	15 c0       	rjmp	.+42     	; 0x8c0 <vfprintf+0x1aa>
     896:	28 01       	movw	r4, r16
     898:	22 e0       	ldi	r18, 0x02	; 2
     89a:	42 0e       	add	r4, r18
     89c:	51 1c       	adc	r5, r1
     89e:	f8 01       	movw	r30, r16
     8a0:	a0 80       	ld	r10, Z
     8a2:	b1 80       	ldd	r11, Z+1	; 0x01
     8a4:	36 fe       	sbrs	r3, 6
     8a6:	03 c0       	rjmp	.+6      	; 0x8ae <vfprintf+0x198>
     8a8:	69 2d       	mov	r22, r9
     8aa:	70 e0       	ldi	r23, 0x00	; 0
     8ac:	02 c0       	rjmp	.+4      	; 0x8b2 <vfprintf+0x19c>
     8ae:	6f ef       	ldi	r22, 0xFF	; 255
     8b0:	7f ef       	ldi	r23, 0xFF	; 255
     8b2:	c5 01       	movw	r24, r10
     8b4:	09 d4       	rcall	.+2066   	; 0x10c8 <strnlen_P>
     8b6:	4c 01       	movw	r8, r24
     8b8:	f3 2d       	mov	r31, r3
     8ba:	f0 68       	ori	r31, 0x80	; 128
     8bc:	3f 2e       	mov	r3, r31
     8be:	82 01       	movw	r16, r4
     8c0:	33 fc       	sbrc	r3, 3
     8c2:	19 c0       	rjmp	.+50     	; 0x8f6 <vfprintf+0x1e0>
     8c4:	82 2d       	mov	r24, r2
     8c6:	90 e0       	ldi	r25, 0x00	; 0
     8c8:	88 16       	cp	r8, r24
     8ca:	99 06       	cpc	r9, r25
     8cc:	a0 f4       	brcc	.+40     	; 0x8f6 <vfprintf+0x1e0>
     8ce:	b6 01       	movw	r22, r12
     8d0:	80 e2       	ldi	r24, 0x20	; 32
     8d2:	90 e0       	ldi	r25, 0x00	; 0
     8d4:	4d d4       	rcall	.+2202   	; 0x1170 <fputc>
     8d6:	2a 94       	dec	r2
     8d8:	f5 cf       	rjmp	.-22     	; 0x8c4 <vfprintf+0x1ae>
     8da:	f5 01       	movw	r30, r10
     8dc:	37 fc       	sbrc	r3, 7
     8de:	85 91       	lpm	r24, Z+
     8e0:	37 fe       	sbrs	r3, 7
     8e2:	81 91       	ld	r24, Z+
     8e4:	5f 01       	movw	r10, r30
     8e6:	b6 01       	movw	r22, r12
     8e8:	90 e0       	ldi	r25, 0x00	; 0
     8ea:	42 d4       	rcall	.+2180   	; 0x1170 <fputc>
     8ec:	21 10       	cpse	r2, r1
     8ee:	2a 94       	dec	r2
     8f0:	21 e0       	ldi	r18, 0x01	; 1
     8f2:	82 1a       	sub	r8, r18
     8f4:	91 08       	sbc	r9, r1
     8f6:	81 14       	cp	r8, r1
     8f8:	91 04       	cpc	r9, r1
     8fa:	79 f7       	brne	.-34     	; 0x8da <vfprintf+0x1c4>
     8fc:	e1 c0       	rjmp	.+450    	; 0xac0 <vfprintf+0x3aa>
     8fe:	84 36       	cpi	r24, 0x64	; 100
     900:	11 f0       	breq	.+4      	; 0x906 <vfprintf+0x1f0>
     902:	89 36       	cpi	r24, 0x69	; 105
     904:	39 f5       	brne	.+78     	; 0x954 <vfprintf+0x23e>
     906:	f8 01       	movw	r30, r16
     908:	37 fe       	sbrs	r3, 7
     90a:	07 c0       	rjmp	.+14     	; 0x91a <vfprintf+0x204>
     90c:	60 81       	ld	r22, Z
     90e:	71 81       	ldd	r23, Z+1	; 0x01
     910:	82 81       	ldd	r24, Z+2	; 0x02
     912:	93 81       	ldd	r25, Z+3	; 0x03
     914:	0c 5f       	subi	r16, 0xFC	; 252
     916:	1f 4f       	sbci	r17, 0xFF	; 255
     918:	08 c0       	rjmp	.+16     	; 0x92a <vfprintf+0x214>
     91a:	60 81       	ld	r22, Z
     91c:	71 81       	ldd	r23, Z+1	; 0x01
     91e:	07 2e       	mov	r0, r23
     920:	00 0c       	add	r0, r0
     922:	88 0b       	sbc	r24, r24
     924:	99 0b       	sbc	r25, r25
     926:	0e 5f       	subi	r16, 0xFE	; 254
     928:	1f 4f       	sbci	r17, 0xFF	; 255
     92a:	f3 2d       	mov	r31, r3
     92c:	ff 76       	andi	r31, 0x6F	; 111
     92e:	3f 2e       	mov	r3, r31
     930:	97 ff       	sbrs	r25, 7
     932:	09 c0       	rjmp	.+18     	; 0x946 <vfprintf+0x230>
     934:	90 95       	com	r25
     936:	80 95       	com	r24
     938:	70 95       	com	r23
     93a:	61 95       	neg	r22
     93c:	7f 4f       	sbci	r23, 0xFF	; 255
     93e:	8f 4f       	sbci	r24, 0xFF	; 255
     940:	9f 4f       	sbci	r25, 0xFF	; 255
     942:	f0 68       	ori	r31, 0x80	; 128
     944:	3f 2e       	mov	r3, r31
     946:	2a e0       	ldi	r18, 0x0A	; 10
     948:	30 e0       	ldi	r19, 0x00	; 0
     94a:	a3 01       	movw	r20, r6
     94c:	66 d4       	rcall	.+2252   	; 0x121a <__ultoa_invert>
     94e:	88 2e       	mov	r8, r24
     950:	86 18       	sub	r8, r6
     952:	44 c0       	rjmp	.+136    	; 0x9dc <vfprintf+0x2c6>
     954:	85 37       	cpi	r24, 0x75	; 117
     956:	31 f4       	brne	.+12     	; 0x964 <vfprintf+0x24e>
     958:	23 2d       	mov	r18, r3
     95a:	2f 7e       	andi	r18, 0xEF	; 239
     95c:	b2 2e       	mov	r11, r18
     95e:	2a e0       	ldi	r18, 0x0A	; 10
     960:	30 e0       	ldi	r19, 0x00	; 0
     962:	25 c0       	rjmp	.+74     	; 0x9ae <vfprintf+0x298>
     964:	93 2d       	mov	r25, r3
     966:	99 7f       	andi	r25, 0xF9	; 249
     968:	b9 2e       	mov	r11, r25
     96a:	8f 36       	cpi	r24, 0x6F	; 111
     96c:	c1 f0       	breq	.+48     	; 0x99e <vfprintf+0x288>
     96e:	18 f4       	brcc	.+6      	; 0x976 <vfprintf+0x260>
     970:	88 35       	cpi	r24, 0x58	; 88
     972:	79 f0       	breq	.+30     	; 0x992 <vfprintf+0x27c>
     974:	ae c0       	rjmp	.+348    	; 0xad2 <vfprintf+0x3bc>
     976:	80 37       	cpi	r24, 0x70	; 112
     978:	19 f0       	breq	.+6      	; 0x980 <vfprintf+0x26a>
     97a:	88 37       	cpi	r24, 0x78	; 120
     97c:	21 f0       	breq	.+8      	; 0x986 <vfprintf+0x270>
     97e:	a9 c0       	rjmp	.+338    	; 0xad2 <vfprintf+0x3bc>
     980:	e9 2f       	mov	r30, r25
     982:	e0 61       	ori	r30, 0x10	; 16
     984:	be 2e       	mov	r11, r30
     986:	b4 fe       	sbrs	r11, 4
     988:	0d c0       	rjmp	.+26     	; 0x9a4 <vfprintf+0x28e>
     98a:	fb 2d       	mov	r31, r11
     98c:	f4 60       	ori	r31, 0x04	; 4
     98e:	bf 2e       	mov	r11, r31
     990:	09 c0       	rjmp	.+18     	; 0x9a4 <vfprintf+0x28e>
     992:	34 fe       	sbrs	r3, 4
     994:	0a c0       	rjmp	.+20     	; 0x9aa <vfprintf+0x294>
     996:	29 2f       	mov	r18, r25
     998:	26 60       	ori	r18, 0x06	; 6
     99a:	b2 2e       	mov	r11, r18
     99c:	06 c0       	rjmp	.+12     	; 0x9aa <vfprintf+0x294>
     99e:	28 e0       	ldi	r18, 0x08	; 8
     9a0:	30 e0       	ldi	r19, 0x00	; 0
     9a2:	05 c0       	rjmp	.+10     	; 0x9ae <vfprintf+0x298>
     9a4:	20 e1       	ldi	r18, 0x10	; 16
     9a6:	30 e0       	ldi	r19, 0x00	; 0
     9a8:	02 c0       	rjmp	.+4      	; 0x9ae <vfprintf+0x298>
     9aa:	20 e1       	ldi	r18, 0x10	; 16
     9ac:	32 e0       	ldi	r19, 0x02	; 2
     9ae:	f8 01       	movw	r30, r16
     9b0:	b7 fe       	sbrs	r11, 7
     9b2:	07 c0       	rjmp	.+14     	; 0x9c2 <vfprintf+0x2ac>
     9b4:	60 81       	ld	r22, Z
     9b6:	71 81       	ldd	r23, Z+1	; 0x01
     9b8:	82 81       	ldd	r24, Z+2	; 0x02
     9ba:	93 81       	ldd	r25, Z+3	; 0x03
     9bc:	0c 5f       	subi	r16, 0xFC	; 252
     9be:	1f 4f       	sbci	r17, 0xFF	; 255
     9c0:	06 c0       	rjmp	.+12     	; 0x9ce <vfprintf+0x2b8>
     9c2:	60 81       	ld	r22, Z
     9c4:	71 81       	ldd	r23, Z+1	; 0x01
     9c6:	80 e0       	ldi	r24, 0x00	; 0
     9c8:	90 e0       	ldi	r25, 0x00	; 0
     9ca:	0e 5f       	subi	r16, 0xFE	; 254
     9cc:	1f 4f       	sbci	r17, 0xFF	; 255
     9ce:	a3 01       	movw	r20, r6
     9d0:	24 d4       	rcall	.+2120   	; 0x121a <__ultoa_invert>
     9d2:	88 2e       	mov	r8, r24
     9d4:	86 18       	sub	r8, r6
     9d6:	fb 2d       	mov	r31, r11
     9d8:	ff 77       	andi	r31, 0x7F	; 127
     9da:	3f 2e       	mov	r3, r31
     9dc:	36 fe       	sbrs	r3, 6
     9de:	0d c0       	rjmp	.+26     	; 0x9fa <vfprintf+0x2e4>
     9e0:	23 2d       	mov	r18, r3
     9e2:	2e 7f       	andi	r18, 0xFE	; 254
     9e4:	a2 2e       	mov	r10, r18
     9e6:	89 14       	cp	r8, r9
     9e8:	58 f4       	brcc	.+22     	; 0xa00 <vfprintf+0x2ea>
     9ea:	34 fe       	sbrs	r3, 4
     9ec:	0b c0       	rjmp	.+22     	; 0xa04 <vfprintf+0x2ee>
     9ee:	32 fc       	sbrc	r3, 2
     9f0:	09 c0       	rjmp	.+18     	; 0xa04 <vfprintf+0x2ee>
     9f2:	83 2d       	mov	r24, r3
     9f4:	8e 7e       	andi	r24, 0xEE	; 238
     9f6:	a8 2e       	mov	r10, r24
     9f8:	05 c0       	rjmp	.+10     	; 0xa04 <vfprintf+0x2ee>
     9fa:	b8 2c       	mov	r11, r8
     9fc:	a3 2c       	mov	r10, r3
     9fe:	03 c0       	rjmp	.+6      	; 0xa06 <vfprintf+0x2f0>
     a00:	b8 2c       	mov	r11, r8
     a02:	01 c0       	rjmp	.+2      	; 0xa06 <vfprintf+0x2f0>
     a04:	b9 2c       	mov	r11, r9
     a06:	a4 fe       	sbrs	r10, 4
     a08:	0f c0       	rjmp	.+30     	; 0xa28 <vfprintf+0x312>
     a0a:	fe 01       	movw	r30, r28
     a0c:	e8 0d       	add	r30, r8
     a0e:	f1 1d       	adc	r31, r1
     a10:	80 81       	ld	r24, Z
     a12:	80 33       	cpi	r24, 0x30	; 48
     a14:	21 f4       	brne	.+8      	; 0xa1e <vfprintf+0x308>
     a16:	9a 2d       	mov	r25, r10
     a18:	99 7e       	andi	r25, 0xE9	; 233
     a1a:	a9 2e       	mov	r10, r25
     a1c:	09 c0       	rjmp	.+18     	; 0xa30 <vfprintf+0x31a>
     a1e:	a2 fe       	sbrs	r10, 2
     a20:	06 c0       	rjmp	.+12     	; 0xa2e <vfprintf+0x318>
     a22:	b3 94       	inc	r11
     a24:	b3 94       	inc	r11
     a26:	04 c0       	rjmp	.+8      	; 0xa30 <vfprintf+0x31a>
     a28:	8a 2d       	mov	r24, r10
     a2a:	86 78       	andi	r24, 0x86	; 134
     a2c:	09 f0       	breq	.+2      	; 0xa30 <vfprintf+0x31a>
     a2e:	b3 94       	inc	r11
     a30:	a3 fc       	sbrc	r10, 3
     a32:	10 c0       	rjmp	.+32     	; 0xa54 <vfprintf+0x33e>
     a34:	a0 fe       	sbrs	r10, 0
     a36:	06 c0       	rjmp	.+12     	; 0xa44 <vfprintf+0x32e>
     a38:	b2 14       	cp	r11, r2
     a3a:	80 f4       	brcc	.+32     	; 0xa5c <vfprintf+0x346>
     a3c:	28 0c       	add	r2, r8
     a3e:	92 2c       	mov	r9, r2
     a40:	9b 18       	sub	r9, r11
     a42:	0d c0       	rjmp	.+26     	; 0xa5e <vfprintf+0x348>
     a44:	b2 14       	cp	r11, r2
     a46:	58 f4       	brcc	.+22     	; 0xa5e <vfprintf+0x348>
     a48:	b6 01       	movw	r22, r12
     a4a:	80 e2       	ldi	r24, 0x20	; 32
     a4c:	90 e0       	ldi	r25, 0x00	; 0
     a4e:	90 d3       	rcall	.+1824   	; 0x1170 <fputc>
     a50:	b3 94       	inc	r11
     a52:	f8 cf       	rjmp	.-16     	; 0xa44 <vfprintf+0x32e>
     a54:	b2 14       	cp	r11, r2
     a56:	18 f4       	brcc	.+6      	; 0xa5e <vfprintf+0x348>
     a58:	2b 18       	sub	r2, r11
     a5a:	02 c0       	rjmp	.+4      	; 0xa60 <vfprintf+0x34a>
     a5c:	98 2c       	mov	r9, r8
     a5e:	21 2c       	mov	r2, r1
     a60:	a4 fe       	sbrs	r10, 4
     a62:	0f c0       	rjmp	.+30     	; 0xa82 <vfprintf+0x36c>
     a64:	b6 01       	movw	r22, r12
     a66:	80 e3       	ldi	r24, 0x30	; 48
     a68:	90 e0       	ldi	r25, 0x00	; 0
     a6a:	82 d3       	rcall	.+1796   	; 0x1170 <fputc>
     a6c:	a2 fe       	sbrs	r10, 2
     a6e:	16 c0       	rjmp	.+44     	; 0xa9c <vfprintf+0x386>
     a70:	a1 fc       	sbrc	r10, 1
     a72:	03 c0       	rjmp	.+6      	; 0xa7a <vfprintf+0x364>
     a74:	88 e7       	ldi	r24, 0x78	; 120
     a76:	90 e0       	ldi	r25, 0x00	; 0
     a78:	02 c0       	rjmp	.+4      	; 0xa7e <vfprintf+0x368>
     a7a:	88 e5       	ldi	r24, 0x58	; 88
     a7c:	90 e0       	ldi	r25, 0x00	; 0
     a7e:	b6 01       	movw	r22, r12
     a80:	0c c0       	rjmp	.+24     	; 0xa9a <vfprintf+0x384>
     a82:	8a 2d       	mov	r24, r10
     a84:	86 78       	andi	r24, 0x86	; 134
     a86:	51 f0       	breq	.+20     	; 0xa9c <vfprintf+0x386>
     a88:	a1 fe       	sbrs	r10, 1
     a8a:	02 c0       	rjmp	.+4      	; 0xa90 <vfprintf+0x37a>
     a8c:	8b e2       	ldi	r24, 0x2B	; 43
     a8e:	01 c0       	rjmp	.+2      	; 0xa92 <vfprintf+0x37c>
     a90:	80 e2       	ldi	r24, 0x20	; 32
     a92:	a7 fc       	sbrc	r10, 7
     a94:	8d e2       	ldi	r24, 0x2D	; 45
     a96:	b6 01       	movw	r22, r12
     a98:	90 e0       	ldi	r25, 0x00	; 0
     a9a:	6a d3       	rcall	.+1748   	; 0x1170 <fputc>
     a9c:	89 14       	cp	r8, r9
     a9e:	30 f4       	brcc	.+12     	; 0xaac <vfprintf+0x396>
     aa0:	b6 01       	movw	r22, r12
     aa2:	80 e3       	ldi	r24, 0x30	; 48
     aa4:	90 e0       	ldi	r25, 0x00	; 0
     aa6:	64 d3       	rcall	.+1736   	; 0x1170 <fputc>
     aa8:	9a 94       	dec	r9
     aaa:	f8 cf       	rjmp	.-16     	; 0xa9c <vfprintf+0x386>
     aac:	8a 94       	dec	r8
     aae:	f3 01       	movw	r30, r6
     ab0:	e8 0d       	add	r30, r8
     ab2:	f1 1d       	adc	r31, r1
     ab4:	80 81       	ld	r24, Z
     ab6:	b6 01       	movw	r22, r12
     ab8:	90 e0       	ldi	r25, 0x00	; 0
     aba:	5a d3       	rcall	.+1716   	; 0x1170 <fputc>
     abc:	81 10       	cpse	r8, r1
     abe:	f6 cf       	rjmp	.-20     	; 0xaac <vfprintf+0x396>
     ac0:	22 20       	and	r2, r2
     ac2:	09 f4       	brne	.+2      	; 0xac6 <vfprintf+0x3b0>
     ac4:	4e ce       	rjmp	.-868    	; 0x762 <vfprintf+0x4c>
     ac6:	b6 01       	movw	r22, r12
     ac8:	80 e2       	ldi	r24, 0x20	; 32
     aca:	90 e0       	ldi	r25, 0x00	; 0
     acc:	51 d3       	rcall	.+1698   	; 0x1170 <fputc>
     ace:	2a 94       	dec	r2
     ad0:	f7 cf       	rjmp	.-18     	; 0xac0 <vfprintf+0x3aa>
     ad2:	f6 01       	movw	r30, r12
     ad4:	86 81       	ldd	r24, Z+6	; 0x06
     ad6:	97 81       	ldd	r25, Z+7	; 0x07
     ad8:	02 c0       	rjmp	.+4      	; 0xade <vfprintf+0x3c8>
     ada:	8f ef       	ldi	r24, 0xFF	; 255
     adc:	9f ef       	ldi	r25, 0xFF	; 255
     ade:	2b 96       	adiw	r28, 0x0b	; 11
     ae0:	0f b6       	in	r0, 0x3f	; 63
     ae2:	f8 94       	cli
     ae4:	de bf       	out	0x3e, r29	; 62
     ae6:	0f be       	out	0x3f, r0	; 63
     ae8:	cd bf       	out	0x3d, r28	; 61
     aea:	df 91       	pop	r29
     aec:	cf 91       	pop	r28
     aee:	1f 91       	pop	r17
     af0:	0f 91       	pop	r16
     af2:	ff 90       	pop	r15
     af4:	ef 90       	pop	r14
     af6:	df 90       	pop	r13
     af8:	cf 90       	pop	r12
     afa:	bf 90       	pop	r11
     afc:	af 90       	pop	r10
     afe:	9f 90       	pop	r9
     b00:	8f 90       	pop	r8
     b02:	7f 90       	pop	r7
     b04:	6f 90       	pop	r6
     b06:	5f 90       	pop	r5
     b08:	4f 90       	pop	r4
     b0a:	3f 90       	pop	r3
     b0c:	2f 90       	pop	r2
     b0e:	08 95       	ret

00000b10 <putval>:
     b10:	20 fd       	sbrc	r18, 0
     b12:	09 c0       	rjmp	.+18     	; 0xb26 <putval+0x16>
     b14:	fc 01       	movw	r30, r24
     b16:	23 fd       	sbrc	r18, 3
     b18:	05 c0       	rjmp	.+10     	; 0xb24 <putval+0x14>
     b1a:	22 ff       	sbrs	r18, 2
     b1c:	02 c0       	rjmp	.+4      	; 0xb22 <putval+0x12>
     b1e:	73 83       	std	Z+3, r23	; 0x03
     b20:	62 83       	std	Z+2, r22	; 0x02
     b22:	51 83       	std	Z+1, r21	; 0x01
     b24:	40 83       	st	Z, r20
     b26:	08 95       	ret

00000b28 <mulacc>:
     b28:	44 fd       	sbrc	r20, 4
     b2a:	17 c0       	rjmp	.+46     	; 0xb5a <mulacc+0x32>
     b2c:	46 fd       	sbrc	r20, 6
     b2e:	17 c0       	rjmp	.+46     	; 0xb5e <mulacc+0x36>
     b30:	ab 01       	movw	r20, r22
     b32:	bc 01       	movw	r22, r24
     b34:	da 01       	movw	r26, r20
     b36:	fb 01       	movw	r30, r22
     b38:	aa 0f       	add	r26, r26
     b3a:	bb 1f       	adc	r27, r27
     b3c:	ee 1f       	adc	r30, r30
     b3e:	ff 1f       	adc	r31, r31
     b40:	10 94       	com	r1
     b42:	d1 f7       	brne	.-12     	; 0xb38 <mulacc+0x10>
     b44:	4a 0f       	add	r20, r26
     b46:	5b 1f       	adc	r21, r27
     b48:	6e 1f       	adc	r22, r30
     b4a:	7f 1f       	adc	r23, r31
     b4c:	cb 01       	movw	r24, r22
     b4e:	ba 01       	movw	r22, r20
     b50:	66 0f       	add	r22, r22
     b52:	77 1f       	adc	r23, r23
     b54:	88 1f       	adc	r24, r24
     b56:	99 1f       	adc	r25, r25
     b58:	09 c0       	rjmp	.+18     	; 0xb6c <mulacc+0x44>
     b5a:	33 e0       	ldi	r19, 0x03	; 3
     b5c:	01 c0       	rjmp	.+2      	; 0xb60 <mulacc+0x38>
     b5e:	34 e0       	ldi	r19, 0x04	; 4
     b60:	66 0f       	add	r22, r22
     b62:	77 1f       	adc	r23, r23
     b64:	88 1f       	adc	r24, r24
     b66:	99 1f       	adc	r25, r25
     b68:	31 50       	subi	r19, 0x01	; 1
     b6a:	d1 f7       	brne	.-12     	; 0xb60 <mulacc+0x38>
     b6c:	62 0f       	add	r22, r18
     b6e:	71 1d       	adc	r23, r1
     b70:	81 1d       	adc	r24, r1
     b72:	91 1d       	adc	r25, r1
     b74:	08 95       	ret

00000b76 <skip_spaces>:
     b76:	0f 93       	push	r16
     b78:	1f 93       	push	r17
     b7a:	cf 93       	push	r28
     b7c:	df 93       	push	r29
     b7e:	8c 01       	movw	r16, r24
     b80:	c8 01       	movw	r24, r16
     b82:	b8 d2       	rcall	.+1392   	; 0x10f4 <fgetc>
     b84:	ec 01       	movw	r28, r24
     b86:	97 fd       	sbrc	r25, 7
     b88:	06 c0       	rjmp	.+12     	; 0xb96 <skip_spaces+0x20>
     b8a:	8b d2       	rcall	.+1302   	; 0x10a2 <isspace>
     b8c:	89 2b       	or	r24, r25
     b8e:	c1 f7       	brne	.-16     	; 0xb80 <skip_spaces+0xa>
     b90:	b8 01       	movw	r22, r16
     b92:	ce 01       	movw	r24, r28
     b94:	29 d3       	rcall	.+1618   	; 0x11e8 <ungetc>
     b96:	ce 01       	movw	r24, r28
     b98:	df 91       	pop	r29
     b9a:	cf 91       	pop	r28
     b9c:	1f 91       	pop	r17
     b9e:	0f 91       	pop	r16
     ba0:	08 95       	ret

00000ba2 <conv_int>:
     ba2:	8f 92       	push	r8
     ba4:	9f 92       	push	r9
     ba6:	af 92       	push	r10
     ba8:	bf 92       	push	r11
     baa:	ef 92       	push	r14
     bac:	ff 92       	push	r15
     bae:	0f 93       	push	r16
     bb0:	1f 93       	push	r17
     bb2:	cf 93       	push	r28
     bb4:	df 93       	push	r29
     bb6:	8c 01       	movw	r16, r24
     bb8:	d6 2f       	mov	r29, r22
     bba:	7a 01       	movw	r14, r20
     bbc:	b2 2e       	mov	r11, r18
     bbe:	9a d2       	rcall	.+1332   	; 0x10f4 <fgetc>
     bc0:	9c 01       	movw	r18, r24
     bc2:	33 27       	eor	r19, r19
     bc4:	2b 32       	cpi	r18, 0x2B	; 43
     bc6:	31 05       	cpc	r19, r1
     bc8:	31 f0       	breq	.+12     	; 0xbd6 <conv_int+0x34>
     bca:	2d 32       	cpi	r18, 0x2D	; 45
     bcc:	31 05       	cpc	r19, r1
     bce:	59 f4       	brne	.+22     	; 0xbe6 <conv_int+0x44>
     bd0:	8b 2d       	mov	r24, r11
     bd2:	80 68       	ori	r24, 0x80	; 128
     bd4:	b8 2e       	mov	r11, r24
     bd6:	d1 50       	subi	r29, 0x01	; 1
     bd8:	11 f4       	brne	.+4      	; 0xbde <conv_int+0x3c>
     bda:	80 e0       	ldi	r24, 0x00	; 0
     bdc:	61 c0       	rjmp	.+194    	; 0xca0 <conv_int+0xfe>
     bde:	c8 01       	movw	r24, r16
     be0:	89 d2       	rcall	.+1298   	; 0x10f4 <fgetc>
     be2:	97 fd       	sbrc	r25, 7
     be4:	fa cf       	rjmp	.-12     	; 0xbda <conv_int+0x38>
     be6:	cb 2d       	mov	r28, r11
     be8:	cd 7f       	andi	r28, 0xFD	; 253
     bea:	2b 2d       	mov	r18, r11
     bec:	20 73       	andi	r18, 0x30	; 48
     bee:	f9 f4       	brne	.+62     	; 0xc2e <conv_int+0x8c>
     bf0:	80 33       	cpi	r24, 0x30	; 48
     bf2:	e9 f4       	brne	.+58     	; 0xc2e <conv_int+0x8c>
     bf4:	aa 24       	eor	r10, r10
     bf6:	aa 94       	dec	r10
     bf8:	ad 0e       	add	r10, r29
     bfa:	09 f4       	brne	.+2      	; 0xbfe <conv_int+0x5c>
     bfc:	3e c0       	rjmp	.+124    	; 0xc7a <conv_int+0xd8>
     bfe:	c8 01       	movw	r24, r16
     c00:	79 d2       	rcall	.+1266   	; 0x10f4 <fgetc>
     c02:	97 fd       	sbrc	r25, 7
     c04:	3a c0       	rjmp	.+116    	; 0xc7a <conv_int+0xd8>
     c06:	9c 01       	movw	r18, r24
     c08:	2f 7d       	andi	r18, 0xDF	; 223
     c0a:	33 27       	eor	r19, r19
     c0c:	28 35       	cpi	r18, 0x58	; 88
     c0e:	31 05       	cpc	r19, r1
     c10:	41 f4       	brne	.+16     	; 0xc22 <conv_int+0x80>
     c12:	c2 64       	ori	r28, 0x42	; 66
     c14:	d2 50       	subi	r29, 0x02	; 2
     c16:	89 f1       	breq	.+98     	; 0xc7a <conv_int+0xd8>
     c18:	c8 01       	movw	r24, r16
     c1a:	6c d2       	rcall	.+1240   	; 0x10f4 <fgetc>
     c1c:	97 ff       	sbrs	r25, 7
     c1e:	07 c0       	rjmp	.+14     	; 0xc2e <conv_int+0x8c>
     c20:	2c c0       	rjmp	.+88     	; 0xc7a <conv_int+0xd8>
     c22:	b6 fe       	sbrs	r11, 6
     c24:	02 c0       	rjmp	.+4      	; 0xc2a <conv_int+0x88>
     c26:	c2 60       	ori	r28, 0x02	; 2
     c28:	01 c0       	rjmp	.+2      	; 0xc2c <conv_int+0x8a>
     c2a:	c2 61       	ori	r28, 0x12	; 18
     c2c:	da 2d       	mov	r29, r10
     c2e:	81 2c       	mov	r8, r1
     c30:	91 2c       	mov	r9, r1
     c32:	54 01       	movw	r10, r8
     c34:	20 ed       	ldi	r18, 0xD0	; 208
     c36:	28 0f       	add	r18, r24
     c38:	28 30       	cpi	r18, 0x08	; 8
     c3a:	78 f0       	brcs	.+30     	; 0xc5a <conv_int+0xb8>
     c3c:	c4 ff       	sbrs	r28, 4
     c3e:	03 c0       	rjmp	.+6      	; 0xc46 <conv_int+0xa4>
     c40:	b8 01       	movw	r22, r16
     c42:	d2 d2       	rcall	.+1444   	; 0x11e8 <ungetc>
     c44:	17 c0       	rjmp	.+46     	; 0xc74 <conv_int+0xd2>
     c46:	2a 30       	cpi	r18, 0x0A	; 10
     c48:	40 f0       	brcs	.+16     	; 0xc5a <conv_int+0xb8>
     c4a:	c6 ff       	sbrs	r28, 6
     c4c:	f9 cf       	rjmp	.-14     	; 0xc40 <conv_int+0x9e>
     c4e:	2f 7d       	andi	r18, 0xDF	; 223
     c50:	3f ee       	ldi	r19, 0xEF	; 239
     c52:	32 0f       	add	r19, r18
     c54:	36 30       	cpi	r19, 0x06	; 6
     c56:	a0 f7       	brcc	.-24     	; 0xc40 <conv_int+0x9e>
     c58:	27 50       	subi	r18, 0x07	; 7
     c5a:	4c 2f       	mov	r20, r28
     c5c:	c5 01       	movw	r24, r10
     c5e:	b4 01       	movw	r22, r8
     c60:	63 df       	rcall	.-314    	; 0xb28 <mulacc>
     c62:	4b 01       	movw	r8, r22
     c64:	5c 01       	movw	r10, r24
     c66:	c2 60       	ori	r28, 0x02	; 2
     c68:	d1 50       	subi	r29, 0x01	; 1
     c6a:	51 f0       	breq	.+20     	; 0xc80 <conv_int+0xde>
     c6c:	c8 01       	movw	r24, r16
     c6e:	42 d2       	rcall	.+1156   	; 0x10f4 <fgetc>
     c70:	97 ff       	sbrs	r25, 7
     c72:	e0 cf       	rjmp	.-64     	; 0xc34 <conv_int+0x92>
     c74:	c1 fd       	sbrc	r28, 1
     c76:	04 c0       	rjmp	.+8      	; 0xc80 <conv_int+0xde>
     c78:	b0 cf       	rjmp	.-160    	; 0xbda <conv_int+0x38>
     c7a:	81 2c       	mov	r8, r1
     c7c:	91 2c       	mov	r9, r1
     c7e:	54 01       	movw	r10, r8
     c80:	c7 ff       	sbrs	r28, 7
     c82:	08 c0       	rjmp	.+16     	; 0xc94 <conv_int+0xf2>
     c84:	b0 94       	com	r11
     c86:	a0 94       	com	r10
     c88:	90 94       	com	r9
     c8a:	80 94       	com	r8
     c8c:	81 1c       	adc	r8, r1
     c8e:	91 1c       	adc	r9, r1
     c90:	a1 1c       	adc	r10, r1
     c92:	b1 1c       	adc	r11, r1
     c94:	2c 2f       	mov	r18, r28
     c96:	b5 01       	movw	r22, r10
     c98:	a4 01       	movw	r20, r8
     c9a:	c7 01       	movw	r24, r14
     c9c:	39 df       	rcall	.-398    	; 0xb10 <putval>
     c9e:	81 e0       	ldi	r24, 0x01	; 1
     ca0:	df 91       	pop	r29
     ca2:	cf 91       	pop	r28
     ca4:	1f 91       	pop	r17
     ca6:	0f 91       	pop	r16
     ca8:	ff 90       	pop	r15
     caa:	ef 90       	pop	r14
     cac:	bf 90       	pop	r11
     cae:	af 90       	pop	r10
     cb0:	9f 90       	pop	r9
     cb2:	8f 90       	pop	r8
     cb4:	08 95       	ret

00000cb6 <conv_brk>:
     cb6:	5f 92       	push	r5
     cb8:	6f 92       	push	r6
     cba:	7f 92       	push	r7
     cbc:	8f 92       	push	r8
     cbe:	9f 92       	push	r9
     cc0:	af 92       	push	r10
     cc2:	bf 92       	push	r11
     cc4:	cf 92       	push	r12
     cc6:	df 92       	push	r13
     cc8:	ef 92       	push	r14
     cca:	ff 92       	push	r15
     ccc:	0f 93       	push	r16
     cce:	1f 93       	push	r17
     cd0:	cf 93       	push	r28
     cd2:	df 93       	push	r29
     cd4:	cd b7       	in	r28, 0x3d	; 61
     cd6:	de b7       	in	r29, 0x3e	; 62
     cd8:	a0 97       	sbiw	r28, 0x20	; 32
     cda:	0f b6       	in	r0, 0x3f	; 63
     cdc:	f8 94       	cli
     cde:	de bf       	out	0x3e, r29	; 62
     ce0:	0f be       	out	0x3f, r0	; 63
     ce2:	cd bf       	out	0x3d, r28	; 61
     ce4:	5c 01       	movw	r10, r24
     ce6:	96 2e       	mov	r9, r22
     ce8:	7a 01       	movw	r14, r20
     cea:	f9 01       	movw	r30, r18
     cec:	8e 01       	movw	r16, r28
     cee:	0f 5f       	subi	r16, 0xFF	; 255
     cf0:	1f 4f       	sbci	r17, 0xFF	; 255
     cf2:	68 01       	movw	r12, r16
     cf4:	80 e2       	ldi	r24, 0x20	; 32
     cf6:	d8 01       	movw	r26, r16
     cf8:	1d 92       	st	X+, r1
     cfa:	8a 95       	dec	r24
     cfc:	e9 f7       	brne	.-6      	; 0xcf8 <conv_brk+0x42>
     cfe:	d5 01       	movw	r26, r10
     d00:	13 96       	adiw	r26, 0x03	; 3
     d02:	8c 90       	ld	r8, X
     d04:	80 e0       	ldi	r24, 0x00	; 0
     d06:	90 e0       	ldi	r25, 0x00	; 0
     d08:	61 2c       	mov	r6, r1
     d0a:	71 2c       	mov	r7, r1
     d0c:	30 e0       	ldi	r19, 0x00	; 0
     d0e:	61 e0       	ldi	r22, 0x01	; 1
     d10:	70 e0       	ldi	r23, 0x00	; 0
     d12:	83 fc       	sbrc	r8, 3
     d14:	25 91       	lpm	r18, Z+
     d16:	83 fe       	sbrs	r8, 3
     d18:	21 91       	ld	r18, Z+
     d1a:	8f 01       	movw	r16, r30
     d1c:	52 2e       	mov	r5, r18
     d1e:	21 11       	cpse	r18, r1
     d20:	03 c0       	rjmp	.+6      	; 0xd28 <conv_brk+0x72>
     d22:	80 e0       	ldi	r24, 0x00	; 0
     d24:	90 e0       	ldi	r25, 0x00	; 0
     d26:	90 c0       	rjmp	.+288    	; 0xe48 <conv_brk+0x192>
     d28:	2e 35       	cpi	r18, 0x5E	; 94
     d2a:	11 f4       	brne	.+4      	; 0xd30 <conv_brk+0x7a>
     d2c:	00 97       	sbiw	r24, 0x00	; 0
     d2e:	51 f1       	breq	.+84     	; 0xd84 <conv_brk+0xce>
     d30:	43 2f       	mov	r20, r19
     d32:	50 e0       	ldi	r21, 0x00	; 0
     d34:	48 17       	cp	r20, r24
     d36:	59 07       	cpc	r21, r25
     d38:	3c f4       	brge	.+14     	; 0xd48 <conv_brk+0x92>
     d3a:	2d 35       	cpi	r18, 0x5D	; 93
     d3c:	59 f1       	breq	.+86     	; 0xd94 <conv_brk+0xde>
     d3e:	2d 32       	cpi	r18, 0x2D	; 45
     d40:	19 f4       	brne	.+6      	; 0xd48 <conv_brk+0x92>
     d42:	77 20       	and	r7, r7
     d44:	09 f1       	breq	.+66     	; 0xd88 <conv_brk+0xd2>
     d46:	03 c0       	rjmp	.+6      	; 0xd4e <conv_brk+0x98>
     d48:	77 20       	and	r7, r7
     d4a:	09 f4       	brne	.+2      	; 0xd4e <conv_brk+0x98>
     d4c:	68 c0       	rjmp	.+208    	; 0xe1e <conv_brk+0x168>
     d4e:	45 2d       	mov	r20, r5
     d50:	46 95       	lsr	r20
     d52:	46 95       	lsr	r20
     d54:	46 95       	lsr	r20
     d56:	d6 01       	movw	r26, r12
     d58:	a4 0f       	add	r26, r20
     d5a:	b1 1d       	adc	r27, r1
     d5c:	45 2d       	mov	r20, r5
     d5e:	47 70       	andi	r20, 0x07	; 7
     d60:	8b 01       	movw	r16, r22
     d62:	02 c0       	rjmp	.+4      	; 0xd68 <conv_brk+0xb2>
     d64:	00 0f       	add	r16, r16
     d66:	11 1f       	adc	r17, r17
     d68:	4a 95       	dec	r20
     d6a:	e2 f7       	brpl	.-8      	; 0xd64 <conv_brk+0xae>
     d6c:	a8 01       	movw	r20, r16
     d6e:	5c 91       	ld	r21, X
     d70:	45 2b       	or	r20, r21
     d72:	4c 93       	st	X, r20
     d74:	65 14       	cp	r6, r5
     d76:	59 f0       	breq	.+22     	; 0xd8e <conv_brk+0xd8>
     d78:	56 14       	cp	r5, r6
     d7a:	10 f4       	brcc	.+4      	; 0xd80 <conv_brk+0xca>
     d7c:	53 94       	inc	r5
     d7e:	e7 cf       	rjmp	.-50     	; 0xd4e <conv_brk+0x98>
     d80:	5a 94       	dec	r5
     d82:	e5 cf       	rjmp	.-54     	; 0xd4e <conv_brk+0x98>
     d84:	31 e0       	ldi	r19, 0x01	; 1
     d86:	04 c0       	rjmp	.+8      	; 0xd90 <conv_brk+0xda>
     d88:	77 24       	eor	r7, r7
     d8a:	73 94       	inc	r7
     d8c:	01 c0       	rjmp	.+2      	; 0xd90 <conv_brk+0xda>
     d8e:	71 2c       	mov	r7, r1
     d90:	01 96       	adiw	r24, 0x01	; 1
     d92:	bf cf       	rjmp	.-130    	; 0xd12 <conv_brk+0x5c>
     d94:	77 20       	and	r7, r7
     d96:	19 f0       	breq	.+6      	; 0xd9e <conv_brk+0xe8>
     d98:	8e 81       	ldd	r24, Y+6	; 0x06
     d9a:	80 62       	ori	r24, 0x20	; 32
     d9c:	8e 83       	std	Y+6, r24	; 0x06
     d9e:	31 11       	cpse	r19, r1
     da0:	03 c0       	rjmp	.+6      	; 0xda8 <conv_brk+0xf2>
     da2:	88 24       	eor	r8, r8
     da4:	83 94       	inc	r8
     da6:	17 c0       	rjmp	.+46     	; 0xdd6 <conv_brk+0x120>
     da8:	f6 01       	movw	r30, r12
     daa:	9e 01       	movw	r18, r28
     dac:	2f 5d       	subi	r18, 0xDF	; 223
     dae:	3f 4f       	sbci	r19, 0xFF	; 255
     db0:	80 81       	ld	r24, Z
     db2:	80 95       	com	r24
     db4:	81 93       	st	Z+, r24
     db6:	2e 17       	cp	r18, r30
     db8:	3f 07       	cpc	r19, r31
     dba:	d1 f7       	brne	.-12     	; 0xdb0 <conv_brk+0xfa>
     dbc:	f2 cf       	rjmp	.-28     	; 0xda2 <conv_brk+0xec>
     dbe:	e1 14       	cp	r14, r1
     dc0:	f1 04       	cpc	r15, r1
     dc2:	29 f0       	breq	.+10     	; 0xdce <conv_brk+0x118>
     dc4:	d7 01       	movw	r26, r14
     dc6:	8c 93       	st	X, r24
     dc8:	f7 01       	movw	r30, r14
     dca:	31 96       	adiw	r30, 0x01	; 1
     dcc:	7f 01       	movw	r14, r30
     dce:	9a 94       	dec	r9
     dd0:	81 2c       	mov	r8, r1
     dd2:	99 20       	and	r9, r9
     dd4:	e9 f0       	breq	.+58     	; 0xe10 <conv_brk+0x15a>
     dd6:	c5 01       	movw	r24, r10
     dd8:	8d d1       	rcall	.+794    	; 0x10f4 <fgetc>
     dda:	97 fd       	sbrc	r25, 7
     ddc:	17 c0       	rjmp	.+46     	; 0xe0c <conv_brk+0x156>
     dde:	fc 01       	movw	r30, r24
     de0:	ff 27       	eor	r31, r31
     de2:	23 e0       	ldi	r18, 0x03	; 3
     de4:	f5 95       	asr	r31
     de6:	e7 95       	ror	r30
     de8:	2a 95       	dec	r18
     dea:	e1 f7       	brne	.-8      	; 0xde4 <conv_brk+0x12e>
     dec:	ec 0d       	add	r30, r12
     dee:	fd 1d       	adc	r31, r13
     df0:	20 81       	ld	r18, Z
     df2:	30 e0       	ldi	r19, 0x00	; 0
     df4:	ac 01       	movw	r20, r24
     df6:	47 70       	andi	r20, 0x07	; 7
     df8:	55 27       	eor	r21, r21
     dfa:	02 c0       	rjmp	.+4      	; 0xe00 <conv_brk+0x14a>
     dfc:	35 95       	asr	r19
     dfe:	27 95       	ror	r18
     e00:	4a 95       	dec	r20
     e02:	e2 f7       	brpl	.-8      	; 0xdfc <conv_brk+0x146>
     e04:	20 fd       	sbrc	r18, 0
     e06:	db cf       	rjmp	.-74     	; 0xdbe <conv_brk+0x108>
     e08:	b5 01       	movw	r22, r10
     e0a:	ee d1       	rcall	.+988    	; 0x11e8 <ungetc>
     e0c:	81 10       	cpse	r8, r1
     e0e:	89 cf       	rjmp	.-238    	; 0xd22 <conv_brk+0x6c>
     e10:	e1 14       	cp	r14, r1
     e12:	f1 04       	cpc	r15, r1
     e14:	11 f0       	breq	.+4      	; 0xe1a <conv_brk+0x164>
     e16:	d7 01       	movw	r26, r14
     e18:	1c 92       	st	X, r1
     e1a:	c8 01       	movw	r24, r16
     e1c:	15 c0       	rjmp	.+42     	; 0xe48 <conv_brk+0x192>
     e1e:	42 2f       	mov	r20, r18
     e20:	46 95       	lsr	r20
     e22:	46 95       	lsr	r20
     e24:	46 95       	lsr	r20
     e26:	d6 01       	movw	r26, r12
     e28:	a4 0f       	add	r26, r20
     e2a:	b1 1d       	adc	r27, r1
     e2c:	42 2f       	mov	r20, r18
     e2e:	47 70       	andi	r20, 0x07	; 7
     e30:	8b 01       	movw	r16, r22
     e32:	02 c0       	rjmp	.+4      	; 0xe38 <conv_brk+0x182>
     e34:	00 0f       	add	r16, r16
     e36:	11 1f       	adc	r17, r17
     e38:	4a 95       	dec	r20
     e3a:	e2 f7       	brpl	.-8      	; 0xe34 <conv_brk+0x17e>
     e3c:	a8 01       	movw	r20, r16
     e3e:	5c 91       	ld	r21, X
     e40:	45 2b       	or	r20, r21
     e42:	4c 93       	st	X, r20
     e44:	62 2e       	mov	r6, r18
     e46:	a4 cf       	rjmp	.-184    	; 0xd90 <conv_brk+0xda>
     e48:	a0 96       	adiw	r28, 0x20	; 32
     e4a:	0f b6       	in	r0, 0x3f	; 63
     e4c:	f8 94       	cli
     e4e:	de bf       	out	0x3e, r29	; 62
     e50:	0f be       	out	0x3f, r0	; 63
     e52:	cd bf       	out	0x3d, r28	; 61
     e54:	df 91       	pop	r29
     e56:	cf 91       	pop	r28
     e58:	1f 91       	pop	r17
     e5a:	0f 91       	pop	r16
     e5c:	ff 90       	pop	r15
     e5e:	ef 90       	pop	r14
     e60:	df 90       	pop	r13
     e62:	cf 90       	pop	r12
     e64:	bf 90       	pop	r11
     e66:	af 90       	pop	r10
     e68:	9f 90       	pop	r9
     e6a:	8f 90       	pop	r8
     e6c:	7f 90       	pop	r7
     e6e:	6f 90       	pop	r6
     e70:	5f 90       	pop	r5
     e72:	08 95       	ret

00000e74 <vfscanf>:
     e74:	5f 92       	push	r5
     e76:	6f 92       	push	r6
     e78:	7f 92       	push	r7
     e7a:	8f 92       	push	r8
     e7c:	9f 92       	push	r9
     e7e:	af 92       	push	r10
     e80:	bf 92       	push	r11
     e82:	cf 92       	push	r12
     e84:	df 92       	push	r13
     e86:	ef 92       	push	r14
     e88:	ff 92       	push	r15
     e8a:	0f 93       	push	r16
     e8c:	1f 93       	push	r17
     e8e:	cf 93       	push	r28
     e90:	df 93       	push	r29
     e92:	6c 01       	movw	r12, r24
     e94:	eb 01       	movw	r28, r22
     e96:	5a 01       	movw	r10, r20
     e98:	fc 01       	movw	r30, r24
     e9a:	17 82       	std	Z+7, r1	; 0x07
     e9c:	16 82       	std	Z+6, r1	; 0x06
     e9e:	51 2c       	mov	r5, r1
     ea0:	f6 01       	movw	r30, r12
     ea2:	e3 80       	ldd	r14, Z+3	; 0x03
     ea4:	fe 01       	movw	r30, r28
     ea6:	e3 fc       	sbrc	r14, 3
     ea8:	85 91       	lpm	r24, Z+
     eaa:	e3 fe       	sbrs	r14, 3
     eac:	81 91       	ld	r24, Z+
     eae:	18 2f       	mov	r17, r24
     eb0:	ef 01       	movw	r28, r30
     eb2:	88 23       	and	r24, r24
     eb4:	09 f4       	brne	.+2      	; 0xeb8 <vfscanf+0x44>
     eb6:	e0 c0       	rjmp	.+448    	; 0x1078 <__DATA_REGION_LENGTH__+0x78>
     eb8:	90 e0       	ldi	r25, 0x00	; 0
     eba:	f3 d0       	rcall	.+486    	; 0x10a2 <isspace>
     ebc:	89 2b       	or	r24, r25
     ebe:	19 f0       	breq	.+6      	; 0xec6 <vfscanf+0x52>
     ec0:	c6 01       	movw	r24, r12
     ec2:	59 de       	rcall	.-846    	; 0xb76 <skip_spaces>
     ec4:	ed cf       	rjmp	.-38     	; 0xea0 <vfscanf+0x2c>
     ec6:	15 32       	cpi	r17, 0x25	; 37
     ec8:	41 f4       	brne	.+16     	; 0xeda <vfscanf+0x66>
     eca:	fe 01       	movw	r30, r28
     ecc:	e3 fc       	sbrc	r14, 3
     ece:	15 91       	lpm	r17, Z+
     ed0:	e3 fe       	sbrs	r14, 3
     ed2:	11 91       	ld	r17, Z+
     ed4:	ef 01       	movw	r28, r30
     ed6:	15 32       	cpi	r17, 0x25	; 37
     ed8:	71 f4       	brne	.+28     	; 0xef6 <vfscanf+0x82>
     eda:	c6 01       	movw	r24, r12
     edc:	0b d1       	rcall	.+534    	; 0x10f4 <fgetc>
     ede:	97 fd       	sbrc	r25, 7
     ee0:	c9 c0       	rjmp	.+402    	; 0x1074 <__DATA_REGION_LENGTH__+0x74>
     ee2:	41 2f       	mov	r20, r17
     ee4:	50 e0       	ldi	r21, 0x00	; 0
     ee6:	9c 01       	movw	r18, r24
     ee8:	33 27       	eor	r19, r19
     eea:	24 17       	cp	r18, r20
     eec:	35 07       	cpc	r19, r21
     eee:	c1 f2       	breq	.-80     	; 0xea0 <vfscanf+0x2c>
     ef0:	b6 01       	movw	r22, r12
     ef2:	7a d1       	rcall	.+756    	; 0x11e8 <ungetc>
     ef4:	c1 c0       	rjmp	.+386    	; 0x1078 <__DATA_REGION_LENGTH__+0x78>
     ef6:	1a 32       	cpi	r17, 0x2A	; 42
     ef8:	39 f4       	brne	.+14     	; 0xf08 <vfscanf+0x94>
     efa:	e3 fc       	sbrc	r14, 3
     efc:	15 91       	lpm	r17, Z+
     efe:	e3 fe       	sbrs	r14, 3
     f00:	11 91       	ld	r17, Z+
     f02:	ef 01       	movw	r28, r30
     f04:	01 e0       	ldi	r16, 0x01	; 1
     f06:	01 c0       	rjmp	.+2      	; 0xf0a <vfscanf+0x96>
     f08:	00 e0       	ldi	r16, 0x00	; 0
     f0a:	f1 2c       	mov	r15, r1
     f0c:	20 ed       	ldi	r18, 0xD0	; 208
     f0e:	21 0f       	add	r18, r17
     f10:	2a 30       	cpi	r18, 0x0A	; 10
     f12:	78 f4       	brcc	.+30     	; 0xf32 <vfscanf+0xbe>
     f14:	02 60       	ori	r16, 0x02	; 2
     f16:	6f 2d       	mov	r22, r15
     f18:	70 e0       	ldi	r23, 0x00	; 0
     f1a:	80 e0       	ldi	r24, 0x00	; 0
     f1c:	90 e0       	ldi	r25, 0x00	; 0
     f1e:	40 e2       	ldi	r20, 0x20	; 32
     f20:	03 de       	rcall	.-1018   	; 0xb28 <mulacc>
     f22:	f6 2e       	mov	r15, r22
     f24:	fe 01       	movw	r30, r28
     f26:	e3 fc       	sbrc	r14, 3
     f28:	15 91       	lpm	r17, Z+
     f2a:	e3 fe       	sbrs	r14, 3
     f2c:	11 91       	ld	r17, Z+
     f2e:	ef 01       	movw	r28, r30
     f30:	ed cf       	rjmp	.-38     	; 0xf0c <vfscanf+0x98>
     f32:	01 ff       	sbrs	r16, 1
     f34:	03 c0       	rjmp	.+6      	; 0xf3c <vfscanf+0xc8>
     f36:	f1 10       	cpse	r15, r1
     f38:	03 c0       	rjmp	.+6      	; 0xf40 <vfscanf+0xcc>
     f3a:	9e c0       	rjmp	.+316    	; 0x1078 <__DATA_REGION_LENGTH__+0x78>
     f3c:	ff 24       	eor	r15, r15
     f3e:	fa 94       	dec	r15
     f40:	18 36       	cpi	r17, 0x68	; 104
     f42:	19 f0       	breq	.+6      	; 0xf4a <vfscanf+0xd6>
     f44:	1c 36       	cpi	r17, 0x6C	; 108
     f46:	51 f0       	breq	.+20     	; 0xf5c <vfscanf+0xe8>
     f48:	10 c0       	rjmp	.+32     	; 0xf6a <vfscanf+0xf6>
     f4a:	fe 01       	movw	r30, r28
     f4c:	e3 fc       	sbrc	r14, 3
     f4e:	15 91       	lpm	r17, Z+
     f50:	e3 fe       	sbrs	r14, 3
     f52:	11 91       	ld	r17, Z+
     f54:	ef 01       	movw	r28, r30
     f56:	18 36       	cpi	r17, 0x68	; 104
     f58:	41 f4       	brne	.+16     	; 0xf6a <vfscanf+0xf6>
     f5a:	08 60       	ori	r16, 0x08	; 8
     f5c:	04 60       	ori	r16, 0x04	; 4
     f5e:	fe 01       	movw	r30, r28
     f60:	e3 fc       	sbrc	r14, 3
     f62:	15 91       	lpm	r17, Z+
     f64:	e3 fe       	sbrs	r14, 3
     f66:	11 91       	ld	r17, Z+
     f68:	ef 01       	movw	r28, r30
     f6a:	11 23       	and	r17, r17
     f6c:	09 f4       	brne	.+2      	; 0xf70 <vfscanf+0xfc>
     f6e:	84 c0       	rjmp	.+264    	; 0x1078 <__DATA_REGION_LENGTH__+0x78>
     f70:	61 2f       	mov	r22, r17
     f72:	70 e0       	ldi	r23, 0x00	; 0
     f74:	8c e8       	ldi	r24, 0x8C	; 140
     f76:	90 e0       	ldi	r25, 0x00	; 0
     f78:	9c d0       	rcall	.+312    	; 0x10b2 <strchr_P>
     f7a:	89 2b       	or	r24, r25
     f7c:	09 f4       	brne	.+2      	; 0xf80 <vfscanf+0x10c>
     f7e:	7c c0       	rjmp	.+248    	; 0x1078 <__DATA_REGION_LENGTH__+0x78>
     f80:	00 fd       	sbrc	r16, 0
     f82:	07 c0       	rjmp	.+14     	; 0xf92 <vfscanf+0x11e>
     f84:	f5 01       	movw	r30, r10
     f86:	80 80       	ld	r8, Z
     f88:	91 80       	ldd	r9, Z+1	; 0x01
     f8a:	c5 01       	movw	r24, r10
     f8c:	02 96       	adiw	r24, 0x02	; 2
     f8e:	5c 01       	movw	r10, r24
     f90:	02 c0       	rjmp	.+4      	; 0xf96 <vfscanf+0x122>
     f92:	81 2c       	mov	r8, r1
     f94:	91 2c       	mov	r9, r1
     f96:	1e 36       	cpi	r17, 0x6E	; 110
     f98:	49 f4       	brne	.+18     	; 0xfac <vfscanf+0x138>
     f9a:	f6 01       	movw	r30, r12
     f9c:	46 81       	ldd	r20, Z+6	; 0x06
     f9e:	57 81       	ldd	r21, Z+7	; 0x07
     fa0:	60 e0       	ldi	r22, 0x00	; 0
     fa2:	70 e0       	ldi	r23, 0x00	; 0
     fa4:	20 2f       	mov	r18, r16
     fa6:	c4 01       	movw	r24, r8
     fa8:	b3 dd       	rcall	.-1178   	; 0xb10 <putval>
     faa:	7a cf       	rjmp	.-268    	; 0xea0 <vfscanf+0x2c>
     fac:	13 36       	cpi	r17, 0x63	; 99
     fae:	a1 f4       	brne	.+40     	; 0xfd8 <vfscanf+0x164>
     fb0:	01 fd       	sbrc	r16, 1
     fb2:	02 c0       	rjmp	.+4      	; 0xfb8 <vfscanf+0x144>
     fb4:	ff 24       	eor	r15, r15
     fb6:	f3 94       	inc	r15
     fb8:	c6 01       	movw	r24, r12
     fba:	9c d0       	rcall	.+312    	; 0x10f4 <fgetc>
     fbc:	97 fd       	sbrc	r25, 7
     fbe:	5a c0       	rjmp	.+180    	; 0x1074 <__DATA_REGION_LENGTH__+0x74>
     fc0:	81 14       	cp	r8, r1
     fc2:	91 04       	cpc	r9, r1
     fc4:	29 f0       	breq	.+10     	; 0xfd0 <vfscanf+0x15c>
     fc6:	f4 01       	movw	r30, r8
     fc8:	80 83       	st	Z, r24
     fca:	c4 01       	movw	r24, r8
     fcc:	01 96       	adiw	r24, 0x01	; 1
     fce:	4c 01       	movw	r8, r24
     fd0:	fa 94       	dec	r15
     fd2:	f1 10       	cpse	r15, r1
     fd4:	f1 cf       	rjmp	.-30     	; 0xfb8 <vfscanf+0x144>
     fd6:	4a c0       	rjmp	.+148    	; 0x106c <__DATA_REGION_LENGTH__+0x6c>
     fd8:	1b 35       	cpi	r17, 0x5B	; 91
     fda:	51 f4       	brne	.+20     	; 0xff0 <vfscanf+0x17c>
     fdc:	9e 01       	movw	r18, r28
     fde:	a4 01       	movw	r20, r8
     fe0:	6f 2d       	mov	r22, r15
     fe2:	c6 01       	movw	r24, r12
     fe4:	68 de       	rcall	.-816    	; 0xcb6 <conv_brk>
     fe6:	ec 01       	movw	r28, r24
     fe8:	89 2b       	or	r24, r25
     fea:	09 f0       	breq	.+2      	; 0xfee <vfscanf+0x17a>
     fec:	3f c0       	rjmp	.+126    	; 0x106c <__DATA_REGION_LENGTH__+0x6c>
     fee:	39 c0       	rjmp	.+114    	; 0x1062 <__DATA_REGION_LENGTH__+0x62>
     ff0:	c6 01       	movw	r24, r12
     ff2:	c1 dd       	rcall	.-1150   	; 0xb76 <skip_spaces>
     ff4:	97 fd       	sbrc	r25, 7
     ff6:	3e c0       	rjmp	.+124    	; 0x1074 <__DATA_REGION_LENGTH__+0x74>
     ff8:	1f 36       	cpi	r17, 0x6F	; 111
     ffa:	49 f1       	breq	.+82     	; 0x104e <__DATA_REGION_LENGTH__+0x4e>
     ffc:	28 f4       	brcc	.+10     	; 0x1008 <__DATA_REGION_LENGTH__+0x8>
     ffe:	14 36       	cpi	r17, 0x64	; 100
    1000:	21 f1       	breq	.+72     	; 0x104a <__DATA_REGION_LENGTH__+0x4a>
    1002:	19 36       	cpi	r17, 0x69	; 105
    1004:	39 f1       	breq	.+78     	; 0x1054 <__DATA_REGION_LENGTH__+0x54>
    1006:	25 c0       	rjmp	.+74     	; 0x1052 <__DATA_REGION_LENGTH__+0x52>
    1008:	13 37       	cpi	r17, 0x73	; 115
    100a:	71 f0       	breq	.+28     	; 0x1028 <__DATA_REGION_LENGTH__+0x28>
    100c:	15 37       	cpi	r17, 0x75	; 117
    100e:	e9 f0       	breq	.+58     	; 0x104a <__DATA_REGION_LENGTH__+0x4a>
    1010:	20 c0       	rjmp	.+64     	; 0x1052 <__DATA_REGION_LENGTH__+0x52>
    1012:	81 14       	cp	r8, r1
    1014:	91 04       	cpc	r9, r1
    1016:	29 f0       	breq	.+10     	; 0x1022 <__DATA_REGION_LENGTH__+0x22>
    1018:	f4 01       	movw	r30, r8
    101a:	60 82       	st	Z, r6
    101c:	c4 01       	movw	r24, r8
    101e:	01 96       	adiw	r24, 0x01	; 1
    1020:	4c 01       	movw	r8, r24
    1022:	fa 94       	dec	r15
    1024:	ff 20       	and	r15, r15
    1026:	59 f0       	breq	.+22     	; 0x103e <__DATA_REGION_LENGTH__+0x3e>
    1028:	c6 01       	movw	r24, r12
    102a:	64 d0       	rcall	.+200    	; 0x10f4 <fgetc>
    102c:	3c 01       	movw	r6, r24
    102e:	97 fd       	sbrc	r25, 7
    1030:	06 c0       	rjmp	.+12     	; 0x103e <__DATA_REGION_LENGTH__+0x3e>
    1032:	37 d0       	rcall	.+110    	; 0x10a2 <isspace>
    1034:	89 2b       	or	r24, r25
    1036:	69 f3       	breq	.-38     	; 0x1012 <__DATA_REGION_LENGTH__+0x12>
    1038:	b6 01       	movw	r22, r12
    103a:	c3 01       	movw	r24, r6
    103c:	d5 d0       	rcall	.+426    	; 0x11e8 <ungetc>
    103e:	81 14       	cp	r8, r1
    1040:	91 04       	cpc	r9, r1
    1042:	a1 f0       	breq	.+40     	; 0x106c <__DATA_REGION_LENGTH__+0x6c>
    1044:	f4 01       	movw	r30, r8
    1046:	10 82       	st	Z, r1
    1048:	11 c0       	rjmp	.+34     	; 0x106c <__DATA_REGION_LENGTH__+0x6c>
    104a:	00 62       	ori	r16, 0x20	; 32
    104c:	03 c0       	rjmp	.+6      	; 0x1054 <__DATA_REGION_LENGTH__+0x54>
    104e:	00 61       	ori	r16, 0x10	; 16
    1050:	01 c0       	rjmp	.+2      	; 0x1054 <__DATA_REGION_LENGTH__+0x54>
    1052:	00 64       	ori	r16, 0x40	; 64
    1054:	20 2f       	mov	r18, r16
    1056:	a4 01       	movw	r20, r8
    1058:	6f 2d       	mov	r22, r15
    105a:	c6 01       	movw	r24, r12
    105c:	a2 dd       	rcall	.-1212   	; 0xba2 <conv_int>
    105e:	81 11       	cpse	r24, r1
    1060:	05 c0       	rjmp	.+10     	; 0x106c <__DATA_REGION_LENGTH__+0x6c>
    1062:	f6 01       	movw	r30, r12
    1064:	83 81       	ldd	r24, Z+3	; 0x03
    1066:	80 73       	andi	r24, 0x30	; 48
    1068:	29 f4       	brne	.+10     	; 0x1074 <__DATA_REGION_LENGTH__+0x74>
    106a:	06 c0       	rjmp	.+12     	; 0x1078 <__DATA_REGION_LENGTH__+0x78>
    106c:	00 fd       	sbrc	r16, 0
    106e:	18 cf       	rjmp	.-464    	; 0xea0 <vfscanf+0x2c>
    1070:	53 94       	inc	r5
    1072:	16 cf       	rjmp	.-468    	; 0xea0 <vfscanf+0x2c>
    1074:	55 20       	and	r5, r5
    1076:	19 f0       	breq	.+6      	; 0x107e <__DATA_REGION_LENGTH__+0x7e>
    1078:	85 2d       	mov	r24, r5
    107a:	90 e0       	ldi	r25, 0x00	; 0
    107c:	02 c0       	rjmp	.+4      	; 0x1082 <__DATA_REGION_LENGTH__+0x82>
    107e:	8f ef       	ldi	r24, 0xFF	; 255
    1080:	9f ef       	ldi	r25, 0xFF	; 255
    1082:	df 91       	pop	r29
    1084:	cf 91       	pop	r28
    1086:	1f 91       	pop	r17
    1088:	0f 91       	pop	r16
    108a:	ff 90       	pop	r15
    108c:	ef 90       	pop	r14
    108e:	df 90       	pop	r13
    1090:	cf 90       	pop	r12
    1092:	bf 90       	pop	r11
    1094:	af 90       	pop	r10
    1096:	9f 90       	pop	r9
    1098:	8f 90       	pop	r8
    109a:	7f 90       	pop	r7
    109c:	6f 90       	pop	r6
    109e:	5f 90       	pop	r5
    10a0:	08 95       	ret

000010a2 <isspace>:
    10a2:	91 11       	cpse	r25, r1
    10a4:	18 c1       	rjmp	.+560    	; 0x12d6 <__ctype_isfalse>
    10a6:	80 32       	cpi	r24, 0x20	; 32
    10a8:	19 f0       	breq	.+6      	; 0x10b0 <isspace+0xe>
    10aa:	89 50       	subi	r24, 0x09	; 9
    10ac:	85 50       	subi	r24, 0x05	; 5
    10ae:	d0 f7       	brcc	.-12     	; 0x10a4 <isspace+0x2>
    10b0:	08 95       	ret

000010b2 <strchr_P>:
    10b2:	fc 01       	movw	r30, r24
    10b4:	05 90       	lpm	r0, Z+
    10b6:	06 16       	cp	r0, r22
    10b8:	21 f0       	breq	.+8      	; 0x10c2 <strchr_P+0x10>
    10ba:	00 20       	and	r0, r0
    10bc:	d9 f7       	brne	.-10     	; 0x10b4 <strchr_P+0x2>
    10be:	c0 01       	movw	r24, r0
    10c0:	08 95       	ret
    10c2:	31 97       	sbiw	r30, 0x01	; 1
    10c4:	cf 01       	movw	r24, r30
    10c6:	08 95       	ret

000010c8 <strnlen_P>:
    10c8:	fc 01       	movw	r30, r24
    10ca:	05 90       	lpm	r0, Z+
    10cc:	61 50       	subi	r22, 0x01	; 1
    10ce:	70 40       	sbci	r23, 0x00	; 0
    10d0:	01 10       	cpse	r0, r1
    10d2:	d8 f7       	brcc	.-10     	; 0x10ca <strnlen_P+0x2>
    10d4:	80 95       	com	r24
    10d6:	90 95       	com	r25
    10d8:	8e 0f       	add	r24, r30
    10da:	9f 1f       	adc	r25, r31
    10dc:	08 95       	ret

000010de <strnlen>:
    10de:	fc 01       	movw	r30, r24
    10e0:	61 50       	subi	r22, 0x01	; 1
    10e2:	70 40       	sbci	r23, 0x00	; 0
    10e4:	01 90       	ld	r0, Z+
    10e6:	01 10       	cpse	r0, r1
    10e8:	d8 f7       	brcc	.-10     	; 0x10e0 <strnlen+0x2>
    10ea:	80 95       	com	r24
    10ec:	90 95       	com	r25
    10ee:	8e 0f       	add	r24, r30
    10f0:	9f 1f       	adc	r25, r31
    10f2:	08 95       	ret

000010f4 <fgetc>:
    10f4:	cf 93       	push	r28
    10f6:	df 93       	push	r29
    10f8:	ec 01       	movw	r28, r24
    10fa:	2b 81       	ldd	r18, Y+3	; 0x03
    10fc:	20 ff       	sbrs	r18, 0
    10fe:	33 c0       	rjmp	.+102    	; 0x1166 <__stack+0x67>
    1100:	26 ff       	sbrs	r18, 6
    1102:	0a c0       	rjmp	.+20     	; 0x1118 <__stack+0x19>
    1104:	2f 7b       	andi	r18, 0xBF	; 191
    1106:	2b 83       	std	Y+3, r18	; 0x03
    1108:	8e 81       	ldd	r24, Y+6	; 0x06
    110a:	9f 81       	ldd	r25, Y+7	; 0x07
    110c:	01 96       	adiw	r24, 0x01	; 1
    110e:	9f 83       	std	Y+7, r25	; 0x07
    1110:	8e 83       	std	Y+6, r24	; 0x06
    1112:	8a 81       	ldd	r24, Y+2	; 0x02
    1114:	90 e0       	ldi	r25, 0x00	; 0
    1116:	29 c0       	rjmp	.+82     	; 0x116a <__stack+0x6b>
    1118:	22 ff       	sbrs	r18, 2
    111a:	0f c0       	rjmp	.+30     	; 0x113a <__stack+0x3b>
    111c:	e8 81       	ld	r30, Y
    111e:	f9 81       	ldd	r31, Y+1	; 0x01
    1120:	80 81       	ld	r24, Z
    1122:	08 2e       	mov	r0, r24
    1124:	00 0c       	add	r0, r0
    1126:	99 0b       	sbc	r25, r25
    1128:	00 97       	sbiw	r24, 0x00	; 0
    112a:	19 f4       	brne	.+6      	; 0x1132 <__stack+0x33>
    112c:	20 62       	ori	r18, 0x20	; 32
    112e:	2b 83       	std	Y+3, r18	; 0x03
    1130:	1a c0       	rjmp	.+52     	; 0x1166 <__stack+0x67>
    1132:	31 96       	adiw	r30, 0x01	; 1
    1134:	f9 83       	std	Y+1, r31	; 0x01
    1136:	e8 83       	st	Y, r30
    1138:	0e c0       	rjmp	.+28     	; 0x1156 <__stack+0x57>
    113a:	ea 85       	ldd	r30, Y+10	; 0x0a
    113c:	fb 85       	ldd	r31, Y+11	; 0x0b
    113e:	09 95       	icall
    1140:	97 ff       	sbrs	r25, 7
    1142:	09 c0       	rjmp	.+18     	; 0x1156 <__stack+0x57>
    1144:	2b 81       	ldd	r18, Y+3	; 0x03
    1146:	01 96       	adiw	r24, 0x01	; 1
    1148:	11 f0       	breq	.+4      	; 0x114e <__stack+0x4f>
    114a:	80 e2       	ldi	r24, 0x20	; 32
    114c:	01 c0       	rjmp	.+2      	; 0x1150 <__stack+0x51>
    114e:	80 e1       	ldi	r24, 0x10	; 16
    1150:	82 2b       	or	r24, r18
    1152:	8b 83       	std	Y+3, r24	; 0x03
    1154:	08 c0       	rjmp	.+16     	; 0x1166 <__stack+0x67>
    1156:	2e 81       	ldd	r18, Y+6	; 0x06
    1158:	3f 81       	ldd	r19, Y+7	; 0x07
    115a:	2f 5f       	subi	r18, 0xFF	; 255
    115c:	3f 4f       	sbci	r19, 0xFF	; 255
    115e:	3f 83       	std	Y+7, r19	; 0x07
    1160:	2e 83       	std	Y+6, r18	; 0x06
    1162:	99 27       	eor	r25, r25
    1164:	02 c0       	rjmp	.+4      	; 0x116a <__stack+0x6b>
    1166:	8f ef       	ldi	r24, 0xFF	; 255
    1168:	9f ef       	ldi	r25, 0xFF	; 255
    116a:	df 91       	pop	r29
    116c:	cf 91       	pop	r28
    116e:	08 95       	ret

00001170 <fputc>:
    1170:	0f 93       	push	r16
    1172:	1f 93       	push	r17
    1174:	cf 93       	push	r28
    1176:	df 93       	push	r29
    1178:	fb 01       	movw	r30, r22
    117a:	23 81       	ldd	r18, Z+3	; 0x03
    117c:	21 fd       	sbrc	r18, 1
    117e:	03 c0       	rjmp	.+6      	; 0x1186 <fputc+0x16>
    1180:	8f ef       	ldi	r24, 0xFF	; 255
    1182:	9f ef       	ldi	r25, 0xFF	; 255
    1184:	2c c0       	rjmp	.+88     	; 0x11de <fputc+0x6e>
    1186:	22 ff       	sbrs	r18, 2
    1188:	16 c0       	rjmp	.+44     	; 0x11b6 <fputc+0x46>
    118a:	46 81       	ldd	r20, Z+6	; 0x06
    118c:	57 81       	ldd	r21, Z+7	; 0x07
    118e:	24 81       	ldd	r18, Z+4	; 0x04
    1190:	35 81       	ldd	r19, Z+5	; 0x05
    1192:	42 17       	cp	r20, r18
    1194:	53 07       	cpc	r21, r19
    1196:	44 f4       	brge	.+16     	; 0x11a8 <fputc+0x38>
    1198:	a0 81       	ld	r26, Z
    119a:	b1 81       	ldd	r27, Z+1	; 0x01
    119c:	9d 01       	movw	r18, r26
    119e:	2f 5f       	subi	r18, 0xFF	; 255
    11a0:	3f 4f       	sbci	r19, 0xFF	; 255
    11a2:	31 83       	std	Z+1, r19	; 0x01
    11a4:	20 83       	st	Z, r18
    11a6:	8c 93       	st	X, r24
    11a8:	26 81       	ldd	r18, Z+6	; 0x06
    11aa:	37 81       	ldd	r19, Z+7	; 0x07
    11ac:	2f 5f       	subi	r18, 0xFF	; 255
    11ae:	3f 4f       	sbci	r19, 0xFF	; 255
    11b0:	37 83       	std	Z+7, r19	; 0x07
    11b2:	26 83       	std	Z+6, r18	; 0x06
    11b4:	14 c0       	rjmp	.+40     	; 0x11de <fputc+0x6e>
    11b6:	8b 01       	movw	r16, r22
    11b8:	ec 01       	movw	r28, r24
    11ba:	fb 01       	movw	r30, r22
    11bc:	00 84       	ldd	r0, Z+8	; 0x08
    11be:	f1 85       	ldd	r31, Z+9	; 0x09
    11c0:	e0 2d       	mov	r30, r0
    11c2:	09 95       	icall
    11c4:	89 2b       	or	r24, r25
    11c6:	e1 f6       	brne	.-72     	; 0x1180 <fputc+0x10>
    11c8:	d8 01       	movw	r26, r16
    11ca:	16 96       	adiw	r26, 0x06	; 6
    11cc:	8d 91       	ld	r24, X+
    11ce:	9c 91       	ld	r25, X
    11d0:	17 97       	sbiw	r26, 0x07	; 7
    11d2:	01 96       	adiw	r24, 0x01	; 1
    11d4:	17 96       	adiw	r26, 0x07	; 7
    11d6:	9c 93       	st	X, r25
    11d8:	8e 93       	st	-X, r24
    11da:	16 97       	sbiw	r26, 0x06	; 6
    11dc:	ce 01       	movw	r24, r28
    11de:	df 91       	pop	r29
    11e0:	cf 91       	pop	r28
    11e2:	1f 91       	pop	r17
    11e4:	0f 91       	pop	r16
    11e6:	08 95       	ret

000011e8 <ungetc>:
    11e8:	fb 01       	movw	r30, r22
    11ea:	23 81       	ldd	r18, Z+3	; 0x03
    11ec:	20 ff       	sbrs	r18, 0
    11ee:	12 c0       	rjmp	.+36     	; 0x1214 <ungetc+0x2c>
    11f0:	26 fd       	sbrc	r18, 6
    11f2:	10 c0       	rjmp	.+32     	; 0x1214 <ungetc+0x2c>
    11f4:	8f 3f       	cpi	r24, 0xFF	; 255
    11f6:	3f ef       	ldi	r19, 0xFF	; 255
    11f8:	93 07       	cpc	r25, r19
    11fa:	61 f0       	breq	.+24     	; 0x1214 <ungetc+0x2c>
    11fc:	82 83       	std	Z+2, r24	; 0x02
    11fe:	2f 7d       	andi	r18, 0xDF	; 223
    1200:	20 64       	ori	r18, 0x40	; 64
    1202:	23 83       	std	Z+3, r18	; 0x03
    1204:	26 81       	ldd	r18, Z+6	; 0x06
    1206:	37 81       	ldd	r19, Z+7	; 0x07
    1208:	21 50       	subi	r18, 0x01	; 1
    120a:	31 09       	sbc	r19, r1
    120c:	37 83       	std	Z+7, r19	; 0x07
    120e:	26 83       	std	Z+6, r18	; 0x06
    1210:	99 27       	eor	r25, r25
    1212:	08 95       	ret
    1214:	8f ef       	ldi	r24, 0xFF	; 255
    1216:	9f ef       	ldi	r25, 0xFF	; 255
    1218:	08 95       	ret

0000121a <__ultoa_invert>:
    121a:	fa 01       	movw	r30, r20
    121c:	aa 27       	eor	r26, r26
    121e:	28 30       	cpi	r18, 0x08	; 8
    1220:	51 f1       	breq	.+84     	; 0x1276 <__ultoa_invert+0x5c>
    1222:	20 31       	cpi	r18, 0x10	; 16
    1224:	81 f1       	breq	.+96     	; 0x1286 <__ultoa_invert+0x6c>
    1226:	e8 94       	clt
    1228:	6f 93       	push	r22
    122a:	6e 7f       	andi	r22, 0xFE	; 254
    122c:	6e 5f       	subi	r22, 0xFE	; 254
    122e:	7f 4f       	sbci	r23, 0xFF	; 255
    1230:	8f 4f       	sbci	r24, 0xFF	; 255
    1232:	9f 4f       	sbci	r25, 0xFF	; 255
    1234:	af 4f       	sbci	r26, 0xFF	; 255
    1236:	b1 e0       	ldi	r27, 0x01	; 1
    1238:	3e d0       	rcall	.+124    	; 0x12b6 <__ultoa_invert+0x9c>
    123a:	b4 e0       	ldi	r27, 0x04	; 4
    123c:	3c d0       	rcall	.+120    	; 0x12b6 <__ultoa_invert+0x9c>
    123e:	67 0f       	add	r22, r23
    1240:	78 1f       	adc	r23, r24
    1242:	89 1f       	adc	r24, r25
    1244:	9a 1f       	adc	r25, r26
    1246:	a1 1d       	adc	r26, r1
    1248:	68 0f       	add	r22, r24
    124a:	79 1f       	adc	r23, r25
    124c:	8a 1f       	adc	r24, r26
    124e:	91 1d       	adc	r25, r1
    1250:	a1 1d       	adc	r26, r1
    1252:	6a 0f       	add	r22, r26
    1254:	71 1d       	adc	r23, r1
    1256:	81 1d       	adc	r24, r1
    1258:	91 1d       	adc	r25, r1
    125a:	a1 1d       	adc	r26, r1
    125c:	20 d0       	rcall	.+64     	; 0x129e <__ultoa_invert+0x84>
    125e:	09 f4       	brne	.+2      	; 0x1262 <__ultoa_invert+0x48>
    1260:	68 94       	set
    1262:	3f 91       	pop	r19
    1264:	2a e0       	ldi	r18, 0x0A	; 10
    1266:	26 9f       	mul	r18, r22
    1268:	11 24       	eor	r1, r1
    126a:	30 19       	sub	r19, r0
    126c:	30 5d       	subi	r19, 0xD0	; 208
    126e:	31 93       	st	Z+, r19
    1270:	de f6       	brtc	.-74     	; 0x1228 <__ultoa_invert+0xe>
    1272:	cf 01       	movw	r24, r30
    1274:	08 95       	ret
    1276:	46 2f       	mov	r20, r22
    1278:	47 70       	andi	r20, 0x07	; 7
    127a:	40 5d       	subi	r20, 0xD0	; 208
    127c:	41 93       	st	Z+, r20
    127e:	b3 e0       	ldi	r27, 0x03	; 3
    1280:	0f d0       	rcall	.+30     	; 0x12a0 <__ultoa_invert+0x86>
    1282:	c9 f7       	brne	.-14     	; 0x1276 <__ultoa_invert+0x5c>
    1284:	f6 cf       	rjmp	.-20     	; 0x1272 <__ultoa_invert+0x58>
    1286:	46 2f       	mov	r20, r22
    1288:	4f 70       	andi	r20, 0x0F	; 15
    128a:	40 5d       	subi	r20, 0xD0	; 208
    128c:	4a 33       	cpi	r20, 0x3A	; 58
    128e:	18 f0       	brcs	.+6      	; 0x1296 <__ultoa_invert+0x7c>
    1290:	49 5d       	subi	r20, 0xD9	; 217
    1292:	31 fd       	sbrc	r19, 1
    1294:	40 52       	subi	r20, 0x20	; 32
    1296:	41 93       	st	Z+, r20
    1298:	02 d0       	rcall	.+4      	; 0x129e <__ultoa_invert+0x84>
    129a:	a9 f7       	brne	.-22     	; 0x1286 <__ultoa_invert+0x6c>
    129c:	ea cf       	rjmp	.-44     	; 0x1272 <__ultoa_invert+0x58>
    129e:	b4 e0       	ldi	r27, 0x04	; 4
    12a0:	a6 95       	lsr	r26
    12a2:	97 95       	ror	r25
    12a4:	87 95       	ror	r24
    12a6:	77 95       	ror	r23
    12a8:	67 95       	ror	r22
    12aa:	ba 95       	dec	r27
    12ac:	c9 f7       	brne	.-14     	; 0x12a0 <__ultoa_invert+0x86>
    12ae:	00 97       	sbiw	r24, 0x00	; 0
    12b0:	61 05       	cpc	r22, r1
    12b2:	71 05       	cpc	r23, r1
    12b4:	08 95       	ret
    12b6:	9b 01       	movw	r18, r22
    12b8:	ac 01       	movw	r20, r24
    12ba:	0a 2e       	mov	r0, r26
    12bc:	06 94       	lsr	r0
    12be:	57 95       	ror	r21
    12c0:	47 95       	ror	r20
    12c2:	37 95       	ror	r19
    12c4:	27 95       	ror	r18
    12c6:	ba 95       	dec	r27
    12c8:	c9 f7       	brne	.-14     	; 0x12bc <__ultoa_invert+0xa2>
    12ca:	62 0f       	add	r22, r18
    12cc:	73 1f       	adc	r23, r19
    12ce:	84 1f       	adc	r24, r20
    12d0:	95 1f       	adc	r25, r21
    12d2:	a0 1d       	adc	r26, r0
    12d4:	08 95       	ret

000012d6 <__ctype_isfalse>:
    12d6:	99 27       	eor	r25, r25
    12d8:	88 27       	eor	r24, r24

000012da <__ctype_istrue>:
    12da:	08 95       	ret

000012dc <_exit>:
    12dc:	f8 94       	cli

000012de <__stop_program>:
    12de:	ff cf       	rjmp	.-2      	; 0x12de <__stop_program>
