
10. MY_DS1302.elf:     file format elf32-avr

Sections:
Idx Name          Size      VMA       LMA       File off  Algn
  0 .data         000000aa  00800100  000013aa  0000143e  2**0
                  CONTENTS, ALLOC, LOAD, DATA
  1 .text         000013aa  00000000  00000000  00000094  2**1
                  CONTENTS, ALLOC, LOAD, READONLY, CODE
  2 .bss          0000096c  008001aa  008001aa  000014e8  2**0
                  ALLOC
  3 .comment      0000005c  00000000  00000000  000014e8  2**0
                  CONTENTS, READONLY
  4 .note.gnu.avr.deviceinfo 00000040  00000000  00000000  00001544  2**2
                  CONTENTS, READONLY
  5 .debug_aranges 00000108  00000000  00000000  00001584  2**0
                  CONTENTS, READONLY, DEBUGGING
  6 .debug_info   000016ce  00000000  00000000  0000168c  2**0
                  CONTENTS, READONLY, DEBUGGING
  7 .debug_abbrev 00000d8f  00000000  00000000  00002d5a  2**0
                  CONTENTS, READONLY, DEBUGGING
  8 .debug_line   00000ad3  00000000  00000000  00003ae9  2**0
                  CONTENTS, READONLY, DEBUGGING
  9 .debug_frame  000002c8  00000000  00000000  000045bc  2**2
                  CONTENTS, READONLY, DEBUGGING
 10 .debug_str    00000685  00000000  00000000  00004884  2**0
                  CONTENTS, READONLY, DEBUGGING
 11 .debug_loc    00000ad8  00000000  00000000  00004f09  2**0
                  CONTENTS, READONLY, DEBUGGING
 12 .debug_ranges 00000128  00000000  00000000  000059e1  2**0
                  CONTENTS, READONLY, DEBUGGING

Disassembly of section .text:

00000000 <__vectors>:
       0:	4b c0       	rjmp	.+150    	; 0x98 <__ctors_end>
       2:	00 00       	nop
       4:	67 c0       	rjmp	.+206    	; 0xd4 <__bad_interrupt>
       6:	00 00       	nop
       8:	65 c0       	rjmp	.+202    	; 0xd4 <__bad_interrupt>
       a:	00 00       	nop
       c:	63 c0       	rjmp	.+198    	; 0xd4 <__bad_interrupt>
       e:	00 00       	nop
      10:	61 c0       	rjmp	.+194    	; 0xd4 <__bad_interrupt>
      12:	00 00       	nop
      14:	5f c0       	rjmp	.+190    	; 0xd4 <__bad_interrupt>
      16:	00 00       	nop
      18:	5d c0       	rjmp	.+186    	; 0xd4 <__bad_interrupt>
      1a:	00 00       	nop
      1c:	5b c0       	rjmp	.+182    	; 0xd4 <__bad_interrupt>
      1e:	00 00       	nop
      20:	59 c0       	rjmp	.+178    	; 0xd4 <__bad_interrupt>
      22:	00 00       	nop
      24:	57 c0       	rjmp	.+174    	; 0xd4 <__bad_interrupt>
      26:	00 00       	nop
      28:	55 c0       	rjmp	.+170    	; 0xd4 <__bad_interrupt>
      2a:	00 00       	nop
      2c:	53 c0       	rjmp	.+166    	; 0xd4 <__bad_interrupt>
      2e:	00 00       	nop
      30:	51 c0       	rjmp	.+162    	; 0xd4 <__bad_interrupt>
      32:	00 00       	nop
      34:	4f c0       	rjmp	.+158    	; 0xd4 <__bad_interrupt>
      36:	00 00       	nop
      38:	4d c0       	rjmp	.+154    	; 0xd4 <__bad_interrupt>
      3a:	00 00       	nop
      3c:	4b c0       	rjmp	.+150    	; 0xd4 <__bad_interrupt>
      3e:	00 00       	nop
      40:	49 c0       	rjmp	.+146    	; 0xd4 <__bad_interrupt>
      42:	00 00       	nop
      44:	47 c0       	rjmp	.+142    	; 0xd4 <__bad_interrupt>
      46:	00 00       	nop
      48:	94 c2       	rjmp	.+1320   	; 0x572 <__vector_18>
      4a:	00 00       	nop
      4c:	43 c0       	rjmp	.+134    	; 0xd4 <__bad_interrupt>
      4e:	00 00       	nop
      50:	41 c0       	rjmp	.+130    	; 0xd4 <__bad_interrupt>
      52:	00 00       	nop
      54:	3f c0       	rjmp	.+126    	; 0xd4 <__bad_interrupt>
      56:	00 00       	nop
      58:	3d c0       	rjmp	.+122    	; 0xd4 <__bad_interrupt>
      5a:	00 00       	nop
      5c:	3b c0       	rjmp	.+118    	; 0xd4 <__bad_interrupt>
      5e:	00 00       	nop
      60:	39 c0       	rjmp	.+114    	; 0xd4 <__bad_interrupt>
      62:	00 00       	nop
      64:	37 c0       	rjmp	.+110    	; 0xd4 <__bad_interrupt>
      66:	00 00       	nop
      68:	35 c0       	rjmp	.+106    	; 0xd4 <__bad_interrupt>
      6a:	00 00       	nop
      6c:	33 c0       	rjmp	.+102    	; 0xd4 <__bad_interrupt>
      6e:	00 00       	nop
      70:	31 c0       	rjmp	.+98     	; 0xd4 <__bad_interrupt>
      72:	00 00       	nop
      74:	2f c0       	rjmp	.+94     	; 0xd4 <__bad_interrupt>
      76:	00 00       	nop
      78:	2d c0       	rjmp	.+90     	; 0xd4 <__bad_interrupt>
      7a:	00 00       	nop
      7c:	2b c0       	rjmp	.+86     	; 0xd4 <__bad_interrupt>
      7e:	00 00       	nop
      80:	29 c0       	rjmp	.+82     	; 0xd4 <__bad_interrupt>
      82:	00 00       	nop
      84:	27 c0       	rjmp	.+78     	; 0xd4 <__bad_interrupt>
      86:	00 00       	nop
      88:	25 c0       	rjmp	.+74     	; 0xd4 <__bad_interrupt>
	...

0000008c <__trampolines_end>:
      8c:	63 64       	ori	r22, 0x43	; 67
      8e:	69 6e       	ori	r22, 0xE9	; 233
      90:	6f 70       	andi	r22, 0x0F	; 15
      92:	73 75       	andi	r23, 0x53	; 83
      94:	78 58       	subi	r23, 0x88	; 136
      96:	5b 00       	.word	0x005b	; ????

00000098 <__ctors_end>:
      98:	11 24       	eor	r1, r1
      9a:	1f be       	out	0x3f, r1	; 63
      9c:	cf ef       	ldi	r28, 0xFF	; 255
      9e:	d0 e1       	ldi	r29, 0x10	; 16
      a0:	de bf       	out	0x3e, r29	; 62
      a2:	cd bf       	out	0x3d, r28	; 61

000000a4 <__do_copy_data>:
      a4:	11 e0       	ldi	r17, 0x01	; 1
      a6:	a0 e0       	ldi	r26, 0x00	; 0
      a8:	b1 e0       	ldi	r27, 0x01	; 1
      aa:	ea ea       	ldi	r30, 0xAA	; 170
      ac:	f3 e1       	ldi	r31, 0x13	; 19
      ae:	00 e0       	ldi	r16, 0x00	; 0
      b0:	0b bf       	out	0x3b, r16	; 59
      b2:	02 c0       	rjmp	.+4      	; 0xb8 <__do_copy_data+0x14>
      b4:	07 90       	elpm	r0, Z+
      b6:	0d 92       	st	X+, r0
      b8:	aa 3a       	cpi	r26, 0xAA	; 170
      ba:	b1 07       	cpc	r27, r17
      bc:	d9 f7       	brne	.-10     	; 0xb4 <__do_copy_data+0x10>

000000be <__do_clear_bss>:
      be:	2b e0       	ldi	r18, 0x0B	; 11
      c0:	aa ea       	ldi	r26, 0xAA	; 170
      c2:	b1 e0       	ldi	r27, 0x01	; 1
      c4:	01 c0       	rjmp	.+2      	; 0xc8 <.do_clear_bss_start>

000000c6 <.do_clear_bss_loop>:
      c6:	1d 92       	st	X+, r1

000000c8 <.do_clear_bss_start>:
      c8:	a6 31       	cpi	r26, 0x16	; 22
      ca:	b2 07       	cpc	r27, r18
      cc:	e1 f7       	brne	.-8      	; 0xc6 <.do_clear_bss_loop>
      ce:	3d d2       	rcall	.+1146   	; 0x54a <main>
      d0:	0c 94 d3 09 	jmp	0x13a6	; 0x13a6 <_exit>

000000d4 <__bad_interrupt>:
      d4:	95 cf       	rjmp	.-214    	; 0x0 <__vectors>

000000d6 <dht11_main>:

void dht11_main(void);

enum t_state { OK, STARTUP_TIMEOUT, DATA_TIMEOUT, CHECKSUM_ERROR};

void dht11_main(void) {
      d6:	cf 93       	push	r28
      d8:	df 93       	push	r29
      da:	00 d0       	rcall	.+0      	; 0xdc <dht11_main+0x6>
      dc:	00 d0       	rcall	.+0      	; 0xde <dht11_main+0x8>
      de:	00 d0       	rcall	.+0      	; 0xe0 <dht11_main+0xa>
      e0:	cd b7       	in	r28, 0x3d	; 61
      e2:	de b7       	in	r29, 0x3e	; 62
	uint8_t state=0;
	int		us_counter=0;
	
	// 1. 변수 초기화
	state=OK;
	memset(bytes, 0, sizeof(bytes));
      e4:	fe 01       	movw	r30, r28
      e6:	31 96       	adiw	r30, 0x01	; 1
      e8:	86 e0       	ldi	r24, 0x06	; 6
      ea:	df 01       	movw	r26, r30
      ec:	1d 92       	st	X+, r1
      ee:	8a 95       	dec	r24
      f0:	e9 f7       	brne	.-6      	; 0xec <dht11_main+0x16>
	//---------------- start up signal scenario ------------------
	//------------------------------------------------------------
	
	// 1. start up signal 전송
	// -- reset DHT11
	DHT11_DDR |= 1 << DHT11_INPUT_PIN; // output mode
      f2:	a4 e6       	ldi	r26, 0x64	; 100
      f4:	b0 e0       	ldi	r27, 0x00	; 0
      f6:	8c 91       	ld	r24, X
      f8:	81 60       	ori	r24, 0x01	; 1
      fa:	8c 93       	st	X, r24
	DHT11_PORT |= 1 << DHT11_INPUT_PIN; // high
      fc:	e5 e6       	ldi	r30, 0x65	; 101
      fe:	f0 e0       	ldi	r31, 0x00	; 0
     100:	80 81       	ld	r24, Z
     102:	81 60       	ori	r24, 0x01	; 1
     104:	80 83       	st	Z, r24
	#else
		//round up by default
		__ticks_dc = (uint32_t)(ceil(fabs(__tmp)));
	#endif

	__builtin_avr_delay_cycles(__ticks_dc);
     106:	2f ef       	ldi	r18, 0xFF	; 255
     108:	81 ee       	ldi	r24, 0xE1	; 225
     10a:	94 e0       	ldi	r25, 0x04	; 4
     10c:	21 50       	subi	r18, 0x01	; 1
     10e:	80 40       	sbci	r24, 0x00	; 0
     110:	90 40       	sbci	r25, 0x00	; 0
     112:	e1 f7       	brne	.-8      	; 0x10c <dht11_main+0x36>
     114:	00 c0       	rjmp	.+0      	; 0x116 <dht11_main+0x40>
     116:	00 00       	nop
	_delay_ms(100);
	
	//-- low 최소 18ms
	DHT11_PORT &= ~(1<< DHT11_INPUT_PIN); // low
     118:	80 81       	ld	r24, Z
     11a:	8e 7f       	andi	r24, 0xFE	; 254
     11c:	80 83       	st	Z, r24
     11e:	2f ef       	ldi	r18, 0xFF	; 255
     120:	89 ef       	ldi	r24, 0xF9	; 249
     122:	90 e0       	ldi	r25, 0x00	; 0
     124:	21 50       	subi	r18, 0x01	; 1
     126:	80 40       	sbci	r24, 0x00	; 0
     128:	90 40       	sbci	r25, 0x00	; 0
     12a:	e1 f7       	brne	.-8      	; 0x124 <dht11_main+0x4e>
     12c:	00 c0       	rjmp	.+0      	; 0x12e <dht11_main+0x58>
     12e:	00 00       	nop
	_delay_ms(20); // spec상으로 최소 18ms 유지
	
	DHT11_PORT |= 1 << DHT11_INPUT_PIN; // pull-up
     130:	80 81       	ld	r24, Z
     132:	81 60       	ori	r24, 0x01	; 1
     134:	80 83       	st	Z, r24
	#else
		//round up by default
		__ticks_dc = (uint32_t)(ceil(fabs(__tmp)));
	#endif

	__builtin_avr_delay_cycles(__ticks_dc);
     136:	20 ea       	ldi	r18, 0xA0	; 160
     138:	2a 95       	dec	r18
     13a:	f1 f7       	brne	.-4      	; 0x138 <dht11_main+0x62>

	따라서, PORT에서 Pull up 설정으로 high를 해주면, PIN은 high로 나온다. (DDR이 출력모드인 경우)
	*/

	// 2. start signal 응답 check
	DHT11_DDR &= ~(1 << DHT11_INPUT_PIN); // input mode 전환
     13c:	8c 91       	ld	r24, X
     13e:	8e 7f       	andi	r24, 0xFE	; 254
     140:	8c 93       	st	X, r24
	
	// 2.1 DHT11이 low로 응답하는지 check (최대 100us까지 기다려주겠다.)
	us_counter = 0;
     142:	80 e0       	ldi	r24, 0x00	; 0
     144:	90 e0       	ldi	r25, 0x00	; 0
	while((DHT11_PIN & ( 1 << DHT11_INPUT_PIN))) {
     146:	08 c0       	rjmp	.+16     	; 0x158 <dht11_main+0x82>
     148:	a5 e0       	ldi	r26, 0x05	; 5
     14a:	aa 95       	dec	r26
     14c:	f1 f7       	brne	.-4      	; 0x14a <dht11_main+0x74>
     14e:	00 00       	nop
		_delay_us(1);
		if (++us_counter > 100) { state=STARTUP_TIMEOUT; break; }
     150:	01 96       	adiw	r24, 0x01	; 1
     152:	85 36       	cpi	r24, 0x65	; 101
     154:	91 05       	cpc	r25, r1
     156:	34 f4       	brge	.+12     	; 0x164 <dht11_main+0x8e>
	// 2. start signal 응답 check
	DHT11_DDR &= ~(1 << DHT11_INPUT_PIN); // input mode 전환
	
	// 2.1 DHT11이 low로 응답하는지 check (최대 100us까지 기다려주겠다.)
	us_counter = 0;
	while((DHT11_PIN & ( 1 << DHT11_INPUT_PIN))) {
     158:	20 91 63 00 	lds	r18, 0x0063	; 0x800063 <__TEXT_REGION_LENGTH__+0x7e0063>
     15c:	20 fd       	sbrc	r18, 0
     15e:	f4 cf       	rjmp	.-24     	; 0x148 <dht11_main+0x72>
	uint8_t bytes[6];
	uint8_t state=0;
	int		us_counter=0;
	
	// 1. 변수 초기화
	state=OK;
     160:	f0 e0       	ldi	r31, 0x00	; 0
     162:	01 c0       	rjmp	.+2      	; 0x166 <dht11_main+0x90>
	
	// 2.1 DHT11이 low로 응답하는지 check (최대 100us까지 기다려주겠다.)
	us_counter = 0;
	while((DHT11_PIN & ( 1 << DHT11_INPUT_PIN))) {
		_delay_us(1);
		if (++us_counter > 100) { state=STARTUP_TIMEOUT; break; }
     164:	f1 e0       	ldi	r31, 0x01	; 1
	}
	// 2.2 low구간 유지 확인 (80us)
	if (state == OK) {
     166:	ff 23       	and	r31, r31
     168:	51 f0       	breq	.+20     	; 0x17e <dht11_main+0xa8>
     16a:	11 c0       	rjmp	.+34     	; 0x18e <dht11_main+0xb8>
     16c:	b5 e0       	ldi	r27, 0x05	; 5
     16e:	ba 95       	dec	r27
     170:	f1 f7       	brne	.-4      	; 0x16e <dht11_main+0x98>
     172:	00 00       	nop
		us_counter = 0;
		while( !(DHT11_PIN & ( 1 << DHT11_INPUT_PIN))) {
			_delay_us(1);
			if (++us_counter > 100) { state=STARTUP_TIMEOUT; break; }
     174:	01 96       	adiw	r24, 0x01	; 1
     176:	85 36       	cpi	r24, 0x65	; 101
     178:	91 05       	cpc	r25, r1
     17a:	1c f0       	brlt	.+6      	; 0x182 <dht11_main+0xac>
     17c:	07 c0       	rjmp	.+14     	; 0x18c <dht11_main+0xb6>
     17e:	80 e0       	ldi	r24, 0x00	; 0
     180:	90 e0       	ldi	r25, 0x00	; 0
		if (++us_counter > 100) { state=STARTUP_TIMEOUT; break; }
	}
	// 2.2 low구간 유지 확인 (80us)
	if (state == OK) {
		us_counter = 0;
		while( !(DHT11_PIN & ( 1 << DHT11_INPUT_PIN))) {
     182:	20 91 63 00 	lds	r18, 0x0063	; 0x800063 <__TEXT_REGION_LENGTH__+0x7e0063>
     186:	20 ff       	sbrs	r18, 0
     188:	f1 cf       	rjmp	.-30     	; 0x16c <dht11_main+0x96>
     18a:	01 c0       	rjmp	.+2      	; 0x18e <dht11_main+0xb8>
			_delay_us(1);
			if (++us_counter > 100) { state=STARTUP_TIMEOUT; break; }
     18c:	f1 e0       	ldi	r31, 0x01	; 1
		}	
	}
	// 2.3 high 구간 유지 확인 (80us)
	if (state == OK) { // 이후는 start data transmission
     18e:	ff 23       	and	r31, r31
     190:	51 f0       	breq	.+20     	; 0x1a6 <dht11_main+0xd0>
     192:	11 c0       	rjmp	.+34     	; 0x1b6 <dht11_main+0xe0>
     194:	25 e0       	ldi	r18, 0x05	; 5
     196:	2a 95       	dec	r18
     198:	f1 f7       	brne	.-4      	; 0x196 <dht11_main+0xc0>
     19a:	00 00       	nop
		us_counter = 0;
		while( (DHT11_PIN & ( 1 << DHT11_INPUT_PIN))) {
			_delay_us(1);
			if (++us_counter > 100) { state=STARTUP_TIMEOUT; break; }
     19c:	01 96       	adiw	r24, 0x01	; 1
     19e:	85 36       	cpi	r24, 0x65	; 101
     1a0:	91 05       	cpc	r25, r1
     1a2:	1c f0       	brlt	.+6      	; 0x1aa <dht11_main+0xd4>
     1a4:	07 c0       	rjmp	.+14     	; 0x1b4 <dht11_main+0xde>
     1a6:	80 e0       	ldi	r24, 0x00	; 0
     1a8:	90 e0       	ldi	r25, 0x00	; 0
		}	
	}
	// 2.3 high 구간 유지 확인 (80us)
	if (state == OK) { // 이후는 start data transmission
		us_counter = 0;
		while( (DHT11_PIN & ( 1 << DHT11_INPUT_PIN))) {
     1aa:	20 91 63 00 	lds	r18, 0x0063	; 0x800063 <__TEXT_REGION_LENGTH__+0x7e0063>
     1ae:	20 fd       	sbrc	r18, 0
     1b0:	f1 cf       	rjmp	.-30     	; 0x194 <dht11_main+0xbe>
     1b2:	01 c0       	rjmp	.+2      	; 0x1b6 <dht11_main+0xe0>
			_delay_us(1);
			if (++us_counter > 100) { state=STARTUP_TIMEOUT; break; }
     1b4:	f1 e0       	ldi	r31, 0x01	; 1
		
	// -----------------------------------------------------------------
	// ---------------- DATA read PART ---------------------------------
	// -----------------------------------------------------------------
	// 3.1data 40bits 읽는 작업
	if (state == OK) {
     1b6:	ff 23       	and	r31, r31
     1b8:	09 f4       	brne	.+2      	; 0x1bc <dht11_main+0xe6>
     1ba:	44 c0       	rjmp	.+136    	; 0x244 <dht11_main+0x16e>
     1bc:	48 c0       	rjmp	.+144    	; 0x24e <dht11_main+0x178>
     1be:	a5 e0       	ldi	r26, 0x05	; 5
     1c0:	aa 95       	dec	r26
     1c2:	f1 f7       	brne	.-4      	; 0x1c0 <dht11_main+0xea>
     1c4:	00 00       	nop
			for (int j=0;j<8;j++) {
				// 1. low구간 50us check
				us_counter = 0;
				while ( !(DHT11_PIN & (1 << DHT11_INPUT_PIN))) {
					_delay_us(1);
					if (++us_counter > 100) { state = DATA_TIMEOUT; break;}
     1c6:	01 96       	adiw	r24, 0x01	; 1
     1c8:	85 36       	cpi	r24, 0x65	; 101
     1ca:	91 05       	cpc	r25, r1
     1cc:	1c f0       	brlt	.+6      	; 0x1d4 <dht11_main+0xfe>
     1ce:	07 c0       	rjmp	.+14     	; 0x1de <dht11_main+0x108>
     1d0:	80 e0       	ldi	r24, 0x00	; 0
     1d2:	90 e0       	ldi	r25, 0x00	; 0
		for (int i=0;i<5;i++) {
			uint8_t one_byte = 0;
			for (int j=0;j<8;j++) {
				// 1. low구간 50us check
				us_counter = 0;
				while ( !(DHT11_PIN & (1 << DHT11_INPUT_PIN))) {
     1d4:	20 91 63 00 	lds	r18, 0x0063	; 0x800063 <__TEXT_REGION_LENGTH__+0x7e0063>
     1d8:	20 ff       	sbrs	r18, 0
     1da:	f1 cf       	rjmp	.-30     	; 0x1be <dht11_main+0xe8>
     1dc:	01 c0       	rjmp	.+2      	; 0x1e0 <dht11_main+0x10a>
					_delay_us(1);
					if (++us_counter > 100) { state = DATA_TIMEOUT; break;}
     1de:	f2 e0       	ldi	r31, 0x02	; 2
				}
				// 2. high 구간 길이 check (0:26~28us 1: 70us)
				//		30us 이하면 0 이상이면 1로 판단하도록 로직을 구성한다.
				us_counter = 0;
     1e0:	80 e0       	ldi	r24, 0x00	; 0
     1e2:	90 e0       	ldi	r25, 0x00	; 0
				while ( (DHT11_PIN & (1 << DHT11_INPUT_PIN))) {
     1e4:	08 c0       	rjmp	.+16     	; 0x1f6 <dht11_main+0x120>
     1e6:	b5 e0       	ldi	r27, 0x05	; 5
     1e8:	ba 95       	dec	r27
     1ea:	f1 f7       	brne	.-4      	; 0x1e8 <dht11_main+0x112>
     1ec:	00 00       	nop
					_delay_us(1);
					if (++us_counter > 100) { state = DATA_TIMEOUT; break;}
     1ee:	01 96       	adiw	r24, 0x01	; 1
     1f0:	85 36       	cpi	r24, 0x65	; 101
     1f2:	91 05       	cpc	r25, r1
     1f4:	2c f4       	brge	.+10     	; 0x200 <dht11_main+0x12a>
					if (++us_counter > 100) { state = DATA_TIMEOUT; break;}
				}
				// 2. high 구간 길이 check (0:26~28us 1: 70us)
				//		30us 이하면 0 이상이면 1로 판단하도록 로직을 구성한다.
				us_counter = 0;
				while ( (DHT11_PIN & (1 << DHT11_INPUT_PIN))) {
     1f6:	20 91 63 00 	lds	r18, 0x0063	; 0x800063 <__TEXT_REGION_LENGTH__+0x7e0063>
     1fa:	20 fd       	sbrc	r18, 0
     1fc:	f4 cf       	rjmp	.-24     	; 0x1e6 <dht11_main+0x110>
     1fe:	01 c0       	rjmp	.+2      	; 0x202 <dht11_main+0x12c>
					_delay_us(1);
					if (++us_counter > 100) { state = DATA_TIMEOUT; break;}
     200:	f2 e0       	ldi	r31, 0x02	; 2
				}
				//	30us 이하면 0 이상이면 1로 판단하겠다.
				if (us_counter > 30)
     202:	4f 97       	sbiw	r24, 0x1f	; 31
     204:	64 f0       	brlt	.+24     	; 0x21e <dht11_main+0x148>
					one_byte |= 1 << (7-j);
     206:	27 e0       	ldi	r18, 0x07	; 7
     208:	30 e0       	ldi	r19, 0x00	; 0
     20a:	24 1b       	sub	r18, r20
     20c:	35 0b       	sbc	r19, r21
     20e:	81 e0       	ldi	r24, 0x01	; 1
     210:	90 e0       	ldi	r25, 0x00	; 0
     212:	02 c0       	rjmp	.+4      	; 0x218 <dht11_main+0x142>
     214:	88 0f       	add	r24, r24
     216:	99 1f       	adc	r25, r25
     218:	2a 95       	dec	r18
     21a:	e2 f7       	brpl	.-8      	; 0x214 <dht11_main+0x13e>
     21c:	e8 2b       	or	r30, r24
	// -----------------------------------------------------------------
	// 3.1data 40bits 읽는 작업
	if (state == OK) {
		for (int i=0;i<5;i++) {
			uint8_t one_byte = 0;
			for (int j=0;j<8;j++) {
     21e:	4f 5f       	subi	r20, 0xFF	; 255
     220:	5f 4f       	sbci	r21, 0xFF	; 255
     222:	03 c0       	rjmp	.+6      	; 0x22a <dht11_main+0x154>
     224:	40 e0       	ldi	r20, 0x00	; 0
     226:	50 e0       	ldi	r21, 0x00	; 0
     228:	e0 e0       	ldi	r30, 0x00	; 0
     22a:	48 30       	cpi	r20, 0x08	; 8
     22c:	51 05       	cpc	r21, r1
     22e:	84 f2       	brlt	.-96     	; 0x1d0 <dht11_main+0xfa>
				}
				//	30us 이하면 0 이상이면 1로 판단하겠다.
				if (us_counter > 30)
					one_byte |= 1 << (7-j);
			}
			bytes[i] = one_byte;
     230:	a1 e0       	ldi	r26, 0x01	; 1
     232:	b0 e0       	ldi	r27, 0x00	; 0
     234:	ac 0f       	add	r26, r28
     236:	bd 1f       	adc	r27, r29
     238:	a6 0f       	add	r26, r22
     23a:	b7 1f       	adc	r27, r23
     23c:	ec 93       	st	X, r30
	// -----------------------------------------------------------------
	// ---------------- DATA read PART ---------------------------------
	// -----------------------------------------------------------------
	// 3.1data 40bits 읽는 작업
	if (state == OK) {
		for (int i=0;i<5;i++) {
     23e:	6f 5f       	subi	r22, 0xFF	; 255
     240:	7f 4f       	sbci	r23, 0xFF	; 255
     242:	02 c0       	rjmp	.+4      	; 0x248 <dht11_main+0x172>
     244:	60 e0       	ldi	r22, 0x00	; 0
     246:	70 e0       	ldi	r23, 0x00	; 0
     248:	65 30       	cpi	r22, 0x05	; 5
     24a:	71 05       	cpc	r23, r1
     24c:	5c f3       	brlt	.-42     	; 0x224 <dht11_main+0x14e>
			bytes[i] = one_byte;
		}
	}

	// 3.2 checksum 확인
	if (state == OK) {
     24e:	f1 11       	cpse	r31, r1
     250:	0a c0       	rjmp	.+20     	; 0x266 <dht11_main+0x190>
		uint8_t checksum = bytes[0] + bytes[1] + bytes[2] + bytes[3];
     252:	39 81       	ldd	r19, Y+1	; 0x01
     254:	2a 81       	ldd	r18, Y+2	; 0x02
     256:	9b 81       	ldd	r25, Y+3	; 0x03
     258:	8c 81       	ldd	r24, Y+4	; 0x04
     25a:	23 0f       	add	r18, r19
     25c:	92 0f       	add	r25, r18
     25e:	89 0f       	add	r24, r25
		if (bytes[4] != checksum)
     260:	9d 81       	ldd	r25, Y+5	; 0x05
     262:	89 13       	cpse	r24, r25
			state = CHECKSUM_ERROR;
     264:	f3 e0       	ldi	r31, 0x03	; 3
	}
	
	switch(state) {
     266:	f1 30       	cpi	r31, 0x01	; 1
     268:	11 f1       	breq	.+68     	; 0x2ae <dht11_main+0x1d8>
     26a:	28 f0       	brcs	.+10     	; 0x276 <dht11_main+0x1a0>
     26c:	f2 30       	cpi	r31, 0x02	; 2
     26e:	19 f1       	breq	.+70     	; 0x2b6 <dht11_main+0x1e0>
     270:	f3 30       	cpi	r31, 0x03	; 3
     272:	29 f1       	breq	.+74     	; 0x2be <dht11_main+0x1e8>
     274:	27 c0       	rjmp	.+78     	; 0x2c4 <dht11_main+0x1ee>
		case OK : 
			printf("humi : %d.%d\n", bytes[0], bytes[1]);
     276:	9a 81       	ldd	r25, Y+2	; 0x02
     278:	89 81       	ldd	r24, Y+1	; 0x01
     27a:	1f 92       	push	r1
     27c:	9f 93       	push	r25
     27e:	1f 92       	push	r1
     280:	8f 93       	push	r24
     282:	8e e0       	ldi	r24, 0x0E	; 14
     284:	91 e0       	ldi	r25, 0x01	; 1
     286:	9f 93       	push	r25
     288:	8f 93       	push	r24
     28a:	46 d2       	rcall	.+1164   	; 0x718 <printf>
			printf("temp : %d.%d\n", bytes[2], bytes[3]);
     28c:	9c 81       	ldd	r25, Y+4	; 0x04
     28e:	8b 81       	ldd	r24, Y+3	; 0x03
     290:	1f 92       	push	r1
     292:	9f 93       	push	r25
     294:	1f 92       	push	r1
     296:	8f 93       	push	r24
     298:	8c e1       	ldi	r24, 0x1C	; 28
     29a:	91 e0       	ldi	r25, 0x01	; 1
     29c:	9f 93       	push	r25
     29e:	8f 93       	push	r24
     2a0:	3b d2       	rcall	.+1142   	; 0x718 <printf>
		break;
     2a2:	0f b6       	in	r0, 0x3f	; 63
     2a4:	f8 94       	cli
     2a6:	de bf       	out	0x3e, r29	; 62
     2a8:	0f be       	out	0x3f, r0	; 63
     2aa:	cd bf       	out	0x3d, r28	; 61
     2ac:	0b c0       	rjmp	.+22     	; 0x2c4 <dht11_main+0x1ee>
		case STARTUP_TIMEOUT : 
			printf("STARTUP_TIMEOUT!!!! \n");
     2ae:	8a e2       	ldi	r24, 0x2A	; 42
     2b0:	91 e0       	ldi	r25, 0x01	; 1
     2b2:	45 d2       	rcall	.+1162   	; 0x73e <puts>
			break;
		case DATA_TIMEOUT :
			printf("DATA_TIMEOUT!!!! \n"); 
     2b4:	07 c0       	rjmp	.+14     	; 0x2c4 <dht11_main+0x1ee>
     2b6:	8f e3       	ldi	r24, 0x3F	; 63
     2b8:	91 e0       	ldi	r25, 0x01	; 1
			break;
     2ba:	41 d2       	rcall	.+1154   	; 0x73e <puts>
		case CHECKSUM_ERROR :
			printf("CHECKSUM_ERROR!!!! \n");
     2bc:	03 c0       	rjmp	.+6      	; 0x2c4 <dht11_main+0x1ee>
     2be:	81 e5       	ldi	r24, 0x51	; 81
     2c0:	91 e0       	ldi	r25, 0x01	; 1
     2c2:	3d d2       	rcall	.+1146   	; 0x73e <puts>
			break;
	}
     2c4:	26 96       	adiw	r28, 0x06	; 6
     2c6:	0f b6       	in	r0, 0x3f	; 63
     2c8:	f8 94       	cli
     2ca:	de bf       	out	0x3e, r29	; 62
     2cc:	0f be       	out	0x3f, r0	; 63
     2ce:	cd bf       	out	0x3d, r28	; 61
     2d0:	df 91       	pop	r29
     2d2:	cf 91       	pop	r28
     2d4:	08 95       	ret

000002d6 <bcd2dec>:
	write_ds1302(ADDR_HOUR, ds1302->hours);
	write_ds1302(ADDR_DATE, ds1302->date);
	write_ds1302(ADDR_MONTH, ds1302->month);
	write_ds1302(ADDR_DAYOFWEEK, ds1302->dayofweek);
	write_ds1302(ADDR_YEAR, ds1302->year);
}
     2d6:	38 2f       	mov	r19, r24
     2d8:	3f 70       	andi	r19, 0x0F	; 15
     2da:	98 2f       	mov	r25, r24
     2dc:	92 95       	swap	r25
     2de:	9f 70       	andi	r25, 0x0F	; 15
     2e0:	99 0f       	add	r25, r25
     2e2:	29 2f       	mov	r18, r25
     2e4:	22 0f       	add	r18, r18
     2e6:	22 0f       	add	r18, r18
     2e8:	89 2f       	mov	r24, r25
     2ea:	82 0f       	add	r24, r18
     2ec:	83 0f       	add	r24, r19
     2ee:	08 95       	ret

000002f0 <init_ddr_ds1302>:
     2f0:	e1 e6       	ldi	r30, 0x61	; 97
     2f2:	f0 e0       	ldi	r31, 0x00	; 0
     2f4:	80 81       	ld	r24, Z
     2f6:	88 7f       	andi	r24, 0xF8	; 248
     2f8:	80 83       	st	Z, r24
     2fa:	80 81       	ld	r24, Z
     2fc:	87 60       	ori	r24, 0x07	; 7
     2fe:	80 83       	st	Z, r24
     300:	08 95       	ret

00000302 <clock_ds1302>:
     302:	e2 e6       	ldi	r30, 0x62	; 98
     304:	f0 e0       	ldi	r31, 0x00	; 0
     306:	80 81       	ld	r24, Z
     308:	8e 7f       	andi	r24, 0xFE	; 254
     30a:	80 83       	st	Z, r24
     30c:	80 81       	ld	r24, Z
     30e:	81 60       	ori	r24, 0x01	; 1
     310:	80 83       	st	Z, r24
     312:	80 81       	ld	r24, Z
     314:	8e 7f       	andi	r24, 0xFE	; 254
     316:	80 83       	st	Z, r24
     318:	08 95       	ret

0000031a <rx_ds1302>:
     31a:	ef 92       	push	r14
     31c:	ff 92       	push	r15
     31e:	1f 93       	push	r17
     320:	cf 93       	push	r28
     322:	df 93       	push	r29
     324:	7c 01       	movw	r14, r24
     326:	e1 e6       	ldi	r30, 0x61	; 97
     328:	f0 e0       	ldi	r31, 0x00	; 0
     32a:	80 81       	ld	r24, Z
     32c:	8d 7f       	andi	r24, 0xFD	; 253
     32e:	80 83       	st	Z, r24
     330:	c0 e0       	ldi	r28, 0x00	; 0
     332:	d0 e0       	ldi	r29, 0x00	; 0
     334:	10 e0       	ldi	r17, 0x00	; 0
     336:	10 c0       	rjmp	.+32     	; 0x358 <rx_ds1302+0x3e>
     338:	01 9b       	sbis	0x00, 1	; 0
     33a:	09 c0       	rjmp	.+18     	; 0x34e <rx_ds1302+0x34>
     33c:	81 e0       	ldi	r24, 0x01	; 1
     33e:	90 e0       	ldi	r25, 0x00	; 0
     340:	0c 2e       	mov	r0, r28
     342:	02 c0       	rjmp	.+4      	; 0x348 <rx_ds1302+0x2e>
     344:	88 0f       	add	r24, r24
     346:	99 1f       	adc	r25, r25
     348:	0a 94       	dec	r0
     34a:	e2 f7       	brpl	.-8      	; 0x344 <rx_ds1302+0x2a>
     34c:	18 2b       	or	r17, r24
     34e:	c7 30       	cpi	r28, 0x07	; 7
     350:	d1 05       	cpc	r29, r1
     352:	09 f0       	breq	.+2      	; 0x356 <rx_ds1302+0x3c>
     354:	d6 df       	rcall	.-84     	; 0x302 <clock_ds1302>
     356:	21 96       	adiw	r28, 0x01	; 1
     358:	c8 30       	cpi	r28, 0x08	; 8
     35a:	d1 05       	cpc	r29, r1
     35c:	6c f3       	brlt	.-38     	; 0x338 <rx_ds1302+0x1e>
     35e:	f7 01       	movw	r30, r14
     360:	10 83       	st	Z, r17
     362:	df 91       	pop	r29
     364:	cf 91       	pop	r28
     366:	1f 91       	pop	r17
     368:	ff 90       	pop	r15
     36a:	ef 90       	pop	r14
     36c:	08 95       	ret

0000036e <tx_ds1302>:
     36e:	1f 93       	push	r17
     370:	cf 93       	push	r28
     372:	df 93       	push	r29
     374:	18 2f       	mov	r17, r24
     376:	e1 e6       	ldi	r30, 0x61	; 97
     378:	f0 e0       	ldi	r31, 0x00	; 0
     37a:	80 81       	ld	r24, Z
     37c:	82 60       	ori	r24, 0x02	; 2
     37e:	80 83       	st	Z, r24
     380:	c0 e0       	ldi	r28, 0x00	; 0
     382:	d0 e0       	ldi	r29, 0x00	; 0
     384:	17 c0       	rjmp	.+46     	; 0x3b4 <tx_ds1302+0x46>
     386:	81 2f       	mov	r24, r17
     388:	90 e0       	ldi	r25, 0x00	; 0
     38a:	0c 2e       	mov	r0, r28
     38c:	02 c0       	rjmp	.+4      	; 0x392 <tx_ds1302+0x24>
     38e:	95 95       	asr	r25
     390:	87 95       	ror	r24
     392:	0a 94       	dec	r0
     394:	e2 f7       	brpl	.-8      	; 0x38e <tx_ds1302+0x20>
     396:	80 ff       	sbrs	r24, 0
     398:	06 c0       	rjmp	.+12     	; 0x3a6 <tx_ds1302+0x38>
     39a:	e2 e6       	ldi	r30, 0x62	; 98
     39c:	f0 e0       	ldi	r31, 0x00	; 0
     39e:	80 81       	ld	r24, Z
     3a0:	82 60       	ori	r24, 0x02	; 2
     3a2:	80 83       	st	Z, r24
     3a4:	05 c0       	rjmp	.+10     	; 0x3b0 <tx_ds1302+0x42>
     3a6:	e2 e6       	ldi	r30, 0x62	; 98
     3a8:	f0 e0       	ldi	r31, 0x00	; 0
     3aa:	80 81       	ld	r24, Z
     3ac:	8d 7f       	andi	r24, 0xFD	; 253
     3ae:	80 83       	st	Z, r24
     3b0:	a8 df       	rcall	.-176    	; 0x302 <clock_ds1302>
     3b2:	21 96       	adiw	r28, 0x01	; 1
     3b4:	c8 30       	cpi	r28, 0x08	; 8
     3b6:	d1 05       	cpc	r29, r1
     3b8:	34 f3       	brlt	.-52     	; 0x386 <tx_ds1302+0x18>
     3ba:	df 91       	pop	r29
     3bc:	cf 91       	pop	r28
     3be:	1f 91       	pop	r17
     3c0:	08 95       	ret

000003c2 <read_ds1302>:
     3c2:	0f 93       	push	r16
     3c4:	1f 93       	push	r17
     3c6:	cf 93       	push	r28
     3c8:	df 93       	push	r29
     3ca:	1f 92       	push	r1
     3cc:	cd b7       	in	r28, 0x3d	; 61
     3ce:	de b7       	in	r29, 0x3e	; 62
     3d0:	19 82       	std	Y+1, r1	; 0x01
     3d2:	02 e6       	ldi	r16, 0x62	; 98
     3d4:	10 e0       	ldi	r17, 0x00	; 0
     3d6:	f8 01       	movw	r30, r16
     3d8:	90 81       	ld	r25, Z
     3da:	94 60       	ori	r25, 0x04	; 4
     3dc:	90 83       	st	Z, r25
     3de:	8f 5f       	subi	r24, 0xFF	; 255
     3e0:	c6 df       	rcall	.-116    	; 0x36e <tx_ds1302>
     3e2:	ce 01       	movw	r24, r28
     3e4:	01 96       	adiw	r24, 0x01	; 1
     3e6:	99 df       	rcall	.-206    	; 0x31a <rx_ds1302>
     3e8:	f8 01       	movw	r30, r16
     3ea:	80 81       	ld	r24, Z
     3ec:	8b 7f       	andi	r24, 0xFB	; 251
     3ee:	80 83       	st	Z, r24
     3f0:	89 81       	ldd	r24, Y+1	; 0x01
     3f2:	71 df       	rcall	.-286    	; 0x2d6 <bcd2dec>
     3f4:	0f 90       	pop	r0
     3f6:	df 91       	pop	r29
     3f8:	cf 91       	pop	r28
     3fa:	1f 91       	pop	r17
     3fc:	0f 91       	pop	r16
     3fe:	08 95       	ret

00000400 <read_date_ds1302>:
     400:	cf 93       	push	r28
     402:	df 93       	push	r29
     404:	ec 01       	movw	r28, r24
     406:	86 e8       	ldi	r24, 0x86	; 134
     408:	dc df       	rcall	.-72     	; 0x3c2 <read_ds1302>
     40a:	8b 83       	std	Y+3, r24	; 0x03
     40c:	88 e8       	ldi	r24, 0x88	; 136
     40e:	d9 df       	rcall	.-78     	; 0x3c2 <read_ds1302>
     410:	8c 83       	std	Y+4, r24	; 0x04
     412:	8a e8       	ldi	r24, 0x8A	; 138
     414:	d6 df       	rcall	.-84     	; 0x3c2 <read_ds1302>
     416:	8d 83       	std	Y+5, r24	; 0x05
     418:	8c e8       	ldi	r24, 0x8C	; 140
     41a:	d3 df       	rcall	.-90     	; 0x3c2 <read_ds1302>
     41c:	8e 83       	std	Y+6, r24	; 0x06
     41e:	df 91       	pop	r29
     420:	cf 91       	pop	r28
     422:	08 95       	ret

00000424 <read_time_ds1302>:
     424:	cf 93       	push	r28
     426:	df 93       	push	r29
     428:	ec 01       	movw	r28, r24
     42a:	80 e8       	ldi	r24, 0x80	; 128
     42c:	ca df       	rcall	.-108    	; 0x3c2 <read_ds1302>
     42e:	88 83       	st	Y, r24
     430:	82 e8       	ldi	r24, 0x82	; 130
     432:	c7 df       	rcall	.-114    	; 0x3c2 <read_ds1302>
     434:	89 83       	std	Y+1, r24	; 0x01
     436:	84 e8       	ldi	r24, 0x84	; 132
     438:	c4 df       	rcall	.-120    	; 0x3c2 <read_ds1302>
     43a:	8a 83       	std	Y+2, r24	; 0x02
     43c:	df 91       	pop	r29
     43e:	cf 91       	pop	r28
     440:	08 95       	ret

00000442 <init_gpio_ds1302>:
	DS1302_CLK_PORT |= 1 << DS1302_CLK;
	DS1302_CLK_PORT &= ~(1 << DS1302_CLK);
}

void init_gpio_ds1302(void){
	DS1302_CLK_PORT &= ~(1 << DS1302_CLK | 1 << DS1302_DAT | 1 << DS1302_RST);
     442:	e2 e6       	ldi	r30, 0x62	; 98
     444:	f0 e0       	ldi	r31, 0x00	; 0
     446:	80 81       	ld	r24, Z
     448:	88 7f       	andi	r24, 0xF8	; 248
     44a:	80 83       	st	Z, r24
	#else
		//round up by default
		__ticks_dc = (uint32_t)(ceil(fabs(__tmp)));
	#endif

	__builtin_avr_delay_cycles(__ticks_dc);
     44c:	8f e3       	ldi	r24, 0x3F	; 63
     44e:	9f e1       	ldi	r25, 0x1F	; 31
     450:	01 97       	sbiw	r24, 0x01	; 1
     452:	f1 f7       	brne	.-4      	; 0x450 <init_gpio_ds1302+0xe>
     454:	00 c0       	rjmp	.+0      	; 0x456 <init_gpio_ds1302+0x14>
     456:	00 00       	nop
     458:	08 95       	ret

0000045a <init_date_time>:
	_delay_ms(2);
}

// 이 init을 comport master로 처리하라.
void init_date_time(t_ds1302* ds1302) {
     45a:	fc 01       	movw	r30, r24
	ds1302->year = 26;
     45c:	9a e1       	ldi	r25, 0x1A	; 26
     45e:	96 83       	std	Z+6, r25	; 0x06
	ds1302->month = 06;
     460:	86 e0       	ldi	r24, 0x06	; 6
     462:	84 83       	std	Z+4, r24	; 0x04
	ds1302->date = 26;
     464:	93 83       	std	Z+3, r25	; 0x03
	ds1302->dayofweek = 06; // Fri
     466:	85 83       	std	Z+5, r24	; 0x05
	ds1302->hours = 15;
     468:	8f e0       	ldi	r24, 0x0F	; 15
     46a:	82 83       	std	Z+2, r24	; 0x02
	ds1302->minutes = 20;
     46c:	84 e1       	ldi	r24, 0x14	; 20
     46e:	81 83       	std	Z+1, r24	; 0x01
	ds1302->seconds = 00;
     470:	10 82       	st	Z, r1
     472:	08 95       	ret

00000474 <parse_ds1302_from_uart>:
}

void parse_ds1302_from_uart(t_ds1302* ds1302, char* rx_buff)
{	
	// %2hhu: 2글자로 hhu = unsigned char (uint8_t)
	sscanf(rx_buff, "setrtc%2hhu%2hhu%2hhu%2hhu%2hhu%2hhu",
     474:	9f 93       	push	r25
     476:	8f 93       	push	r24
     478:	9c 01       	movw	r18, r24
     47a:	2f 5f       	subi	r18, 0xFF	; 255
     47c:	3f 4f       	sbci	r19, 0xFF	; 255
     47e:	3f 93       	push	r19
     480:	2f 93       	push	r18
     482:	2f 5f       	subi	r18, 0xFF	; 255
     484:	3f 4f       	sbci	r19, 0xFF	; 255
     486:	3f 93       	push	r19
     488:	2f 93       	push	r18
     48a:	2f 5f       	subi	r18, 0xFF	; 255
     48c:	3f 4f       	sbci	r19, 0xFF	; 255
     48e:	3f 93       	push	r19
     490:	2f 93       	push	r18
     492:	2f 5f       	subi	r18, 0xFF	; 255
     494:	3f 4f       	sbci	r19, 0xFF	; 255
     496:	3f 93       	push	r19
     498:	2f 93       	push	r18
     49a:	06 96       	adiw	r24, 0x06	; 6
     49c:	9f 93       	push	r25
     49e:	8f 93       	push	r24
     4a0:	85 e6       	ldi	r24, 0x65	; 101
     4a2:	91 e0       	ldi	r25, 0x01	; 1
     4a4:	9f 93       	push	r25
     4a6:	8f 93       	push	r24
     4a8:	7f 93       	push	r23
     4aa:	6f 93       	push	r22
     4ac:	78 d1       	rcall	.+752    	; 0x79e <sscanf>
	&ds1302->month,
	&ds1302->date,
	&ds1302->hours,
	&ds1302->minutes,
	&ds1302->seconds);
}
     4ae:	8d b7       	in	r24, 0x3d	; 61
     4b0:	9e b7       	in	r25, 0x3e	; 62
     4b2:	40 96       	adiw	r24, 0x10	; 16
     4b4:	0f b6       	in	r0, 0x3f	; 63
     4b6:	f8 94       	cli
     4b8:	9e bf       	out	0x3e, r25	; 62
     4ba:	0f be       	out	0x3f, r0	; 63
     4bc:	8d bf       	out	0x3d, r24	; 61
     4be:	08 95       	ret

000004c0 <ds1302_main>:
void read_date_ds1302(t_ds1302* ds1302);
void parse_ds1302_from_uart(t_ds1302* ds1302, char* str);

extern void pc_command_processing(void);

void ds1302_main(void) {
     4c0:	cf 93       	push	r28
     4c2:	df 93       	push	r29
     4c4:	cd b7       	in	r28, 0x3d	; 61
     4c6:	de b7       	in	r29, 0x3e	; 62
     4c8:	29 97       	sbiw	r28, 0x09	; 9
     4ca:	0f b6       	in	r0, 0x3f	; 63
     4cc:	f8 94       	cli
     4ce:	de bf       	out	0x3e, r29	; 62
     4d0:	0f be       	out	0x3f, r0	; 63
     4d2:	cd bf       	out	0x3d, r28	; 61
	// 쓰레기값이 있으니까, 초기화하는 걸로 작업 시작
	t_ds1302 data;
	t_ds1302 *ds1302 = &data;
	
	// 각 parameter에는 주소값이 전달되어야 고쳐지지
	init_date_time(ds1302);
     4d4:	ce 01       	movw	r24, r28
     4d6:	01 96       	adiw	r24, 0x01	; 1
     4d8:	c0 df       	rcall	.-128    	; 0x45a <init_date_time>
	init_ddr_ds1302();
     4da:	0a df       	rcall	.-492    	; 0x2f0 <init_ddr_ds1302>
	init_gpio_ds1302(); // all LOW로 설정
     4dc:	b2 df       	rcall	.-156    	; 0x442 <init_gpio_ds1302>
     4de:	60 eb       	ldi	r22, 0xB0	; 176
			//init_ds1302(ds1302);
			//front = (front + 1) % QUEUE_SIZE;
		//}
	
		//pc_command_processing();
		parse_ds1302_from_uart(ds1302, rx_buff);
     4e0:	71 e0       	ldi	r23, 0x01	; 1
     4e2:	ce 01       	movw	r24, r28
     4e4:	01 96       	adiw	r24, 0x01	; 1
     4e6:	c6 df       	rcall	.-116    	; 0x474 <parse_ds1302_from_uart>

		// 1. read time
		read_time_ds1302(ds1302);
     4e8:	ce 01       	movw	r24, r28
     4ea:	01 96       	adiw	r24, 0x01	; 1
     4ec:	9b df       	rcall	.-202    	; 0x424 <read_time_ds1302>
		// 2. read date
		read_date_ds1302(ds1302);
     4ee:	ce 01       	movw	r24, r28
     4f0:	01 96       	adiw	r24, 0x01	; 1
     4f2:	86 df       	rcall	.-244    	; 0x400 <read_date_ds1302>
     4f4:	2c 81       	ldd	r18, Y+4	; 0x04
		// 3. printf date & time
		printf("DATE: %d-%d-%d\n", ds1302->year, ds1302->month, ds1302->date);
     4f6:	9d 81       	ldd	r25, Y+5	; 0x05
     4f8:	8f 81       	ldd	r24, Y+7	; 0x07
     4fa:	1f 92       	push	r1
     4fc:	2f 93       	push	r18
     4fe:	1f 92       	push	r1
     500:	9f 93       	push	r25
     502:	1f 92       	push	r1
     504:	8f 93       	push	r24
     506:	8a e8       	ldi	r24, 0x8A	; 138
     508:	91 e0       	ldi	r25, 0x01	; 1
     50a:	9f 93       	push	r25
     50c:	8f 93       	push	r24
     50e:	04 d1       	rcall	.+520    	; 0x718 <printf>
     510:	29 81       	ldd	r18, Y+1	; 0x01
		printf("TIME: %d-%d-%d\n", ds1302->hours, ds1302->minutes, ds1302->seconds);
     512:	9a 81       	ldd	r25, Y+2	; 0x02
     514:	8b 81       	ldd	r24, Y+3	; 0x03
     516:	1f 92       	push	r1
     518:	2f 93       	push	r18
     51a:	1f 92       	push	r1
     51c:	9f 93       	push	r25
     51e:	1f 92       	push	r1
     520:	8f 93       	push	r24
     522:	8a e9       	ldi	r24, 0x9A	; 154
     524:	91 e0       	ldi	r25, 0x01	; 1
     526:	9f 93       	push	r25
     528:	8f 93       	push	r24
     52a:	f6 d0       	rcall	.+492    	; 0x718 <printf>
     52c:	2f ef       	ldi	r18, 0xFF	; 255
     52e:	83 ed       	ldi	r24, 0xD3	; 211
     530:	90 e3       	ldi	r25, 0x30	; 48
     532:	21 50       	subi	r18, 0x01	; 1
     534:	80 40       	sbci	r24, 0x00	; 0
     536:	90 40       	sbci	r25, 0x00	; 0
     538:	e1 f7       	brne	.-8      	; 0x532 <ds1302_main+0x72>
     53a:	00 c0       	rjmp	.+0      	; 0x53c <ds1302_main+0x7c>
     53c:	00 00       	nop
     53e:	0f b6       	in	r0, 0x3f	; 63
     540:	f8 94       	cli
     542:	de bf       	out	0x3e, r29	; 62
     544:	0f be       	out	0x3f, r0	; 63
     546:	cd bf       	out	0x3d, r28	; 61
     548:	ca cf       	rjmp	.-108    	; 0x4de <ds1302_main+0x1e>

0000054a <main>:
 FILE OUTPUT = FDEV_SETUP_STREAM(UART0_transmit, NULL, _FDEV_SETUP_WRITE);	// printf 사용..


 int main(void)
 {
	 sei();
     54a:	78 94       	sei
	 
	 init_uart0();
     54c:	af d0       	rcall	.+350    	; 0x6ac <init_uart0>
	 stdout = &OUTPUT;	// 송수신이 하나에서 이뤄지니까..
     54e:	80 e0       	ldi	r24, 0x00	; 0
     550:	91 e0       	ldi	r25, 0x01	; 1
     552:	90 93 13 0b 	sts	0x0B13, r25	; 0x800b13 <__iob+0x3>
     556:	80 93 12 0b 	sts	0x0B12, r24	; 0x800b12 <__iob+0x2>
		
 	 ds1302_main();
 
	 while (1)
	 {
		 dht11_main();
     55a:	b2 df       	rcall	.-156    	; 0x4c0 <ds1302_main>
     55c:	bc dd       	rcall	.-1160   	; 0xd6 <dht11_main>
     55e:	2f ef       	ldi	r18, 0xFF	; 255
     560:	8d e3       	ldi	r24, 0x3D	; 61
     562:	99 e4       	ldi	r25, 0x49	; 73
     564:	21 50       	subi	r18, 0x01	; 1
     566:	80 40       	sbci	r24, 0x00	; 0
     568:	90 40       	sbci	r25, 0x00	; 0
     56a:	e1 f7       	brne	.-8      	; 0x564 <main+0x1a>
     56c:	00 c0       	rjmp	.+0      	; 0x56e <main+0x24>
     56e:	00 00       	nop
     570:	f5 cf       	rjmp	.-22     	; 0x55c <main+0x12>

00000572 <__vector_18>:

// p278 표 12-3
// PC로부터 1byte가 들어오면 자동적으로 이곳으로 진입한다.
// led_all_on\n 이면, 11번 이곳으로 진입한다.
ISR(USART0_RX_vect)
{
     572:	1f 92       	push	r1
     574:	0f 92       	push	r0
     576:	0f b6       	in	r0, 0x3f	; 63
     578:	0f 92       	push	r0
     57a:	11 24       	eor	r1, r1
     57c:	0b b6       	in	r0, 0x3b	; 59
     57e:	0f 92       	push	r0
     580:	2f 93       	push	r18
     582:	3f 93       	push	r19
     584:	4f 93       	push	r20
     586:	5f 93       	push	r21
     588:	6f 93       	push	r22
     58a:	7f 93       	push	r23
     58c:	8f 93       	push	r24
     58e:	9f 93       	push	r25
     590:	af 93       	push	r26
     592:	bf 93       	push	r27
     594:	ef 93       	push	r30
     596:	ff 93       	push	r31
     598:	cf 93       	push	r28
     59a:	df 93       	push	r29
     59c:	1f 92       	push	r1
     59e:	cd b7       	in	r28, 0x3d	; 61
     5a0:	de b7       	in	r29, 0x3e	; 62
	volatile uint8_t data;
	volatile static int i=0;
	
	data = UDR0;		// UDR0의 내용이 data에 복사된 후, UDR0의 내용은 빈 상태로 된다.
     5a2:	8c b1       	in	r24, 0x0c	; 12
     5a4:	89 83       	std	Y+1, r24	; 0x01
	
	if(data == '\n' || data == '\r')
     5a6:	89 81       	ldd	r24, Y+1	; 0x01
     5a8:	8a 30       	cpi	r24, 0x0A	; 10
     5aa:	19 f0       	breq	.+6      	; 0x5b2 <__vector_18+0x40>
     5ac:	89 81       	ldd	r24, Y+1	; 0x01
     5ae:	8d 30       	cpi	r24, 0x0D	; 13
     5b0:	c1 f5       	brne	.+112    	; 0x622 <__vector_18+0xb0>
	{
		if( (rear + 1) % QUEUE_SIZE == front % QUEUE_SIZE)
     5b2:	80 91 ae 01 	lds	r24, 0x01AE	; 0x8001ae <rear>
     5b6:	90 91 af 01 	lds	r25, 0x01AF	; 0x8001af <rear+0x1>
     5ba:	01 96       	adiw	r24, 0x01	; 1
     5bc:	2e e1       	ldi	r18, 0x1E	; 30
     5be:	30 e0       	ldi	r19, 0x00	; 0
     5c0:	b9 01       	movw	r22, r18
     5c2:	83 d0       	rcall	.+262    	; 0x6ca <__divmodhi4>
     5c4:	fc 01       	movw	r30, r24
     5c6:	80 91 ac 01 	lds	r24, 0x01AC	; 0x8001ac <front>
     5ca:	90 91 ad 01 	lds	r25, 0x01AD	; 0x8001ad <front+0x1>
     5ce:	b9 01       	movw	r22, r18
     5d0:	7c d0       	rcall	.+248    	; 0x6ca <__divmodhi4>
     5d2:	e8 17       	cp	r30, r24
     5d4:	f9 07       	cpc	r31, r25
     5d6:	09 f4       	brne	.+2      	; 0x5da <__vector_18+0x68>
     5d8:	53 c0       	rjmp	.+166    	; 0x680 <__vector_18+0x10e>
			return;	//	queue full 상태
			
		rx_buff[rear][i] = '\0';	// 문장의 끝인 null을 넣는다.
     5da:	20 91 ae 01 	lds	r18, 0x01AE	; 0x8001ae <rear>
     5de:	30 91 af 01 	lds	r19, 0x01AF	; 0x8001af <rear+0x1>
     5e2:	80 91 aa 01 	lds	r24, 0x01AA	; 0x8001aa <__data_end>
     5e6:	90 91 ab 01 	lds	r25, 0x01AB	; 0x8001ab <__data_end+0x1>
     5ea:	40 e5       	ldi	r20, 0x50	; 80
     5ec:	42 9f       	mul	r20, r18
     5ee:	f0 01       	movw	r30, r0
     5f0:	43 9f       	mul	r20, r19
     5f2:	f0 0d       	add	r31, r0
     5f4:	11 24       	eor	r1, r1
     5f6:	e0 55       	subi	r30, 0x50	; 80
     5f8:	fe 4f       	sbci	r31, 0xFE	; 254
     5fa:	e8 0f       	add	r30, r24
     5fc:	f9 1f       	adc	r31, r25
     5fe:	10 82       	st	Z, r1
		i=0;	// 다음 string을 저장하기 위해 i=0으로 할당한다.
     600:	10 92 ab 01 	sts	0x01AB, r1	; 0x8001ab <__data_end+0x1>
     604:	10 92 aa 01 	sts	0x01AA, r1	; 0x8001aa <__data_end>
		rear = (rear + 1) % QUEUE_SIZE;	// 0 ~ 9
     608:	80 91 ae 01 	lds	r24, 0x01AE	; 0x8001ae <rear>
     60c:	90 91 af 01 	lds	r25, 0x01AF	; 0x8001af <rear+0x1>
     610:	01 96       	adiw	r24, 0x01	; 1
     612:	6e e1       	ldi	r22, 0x1E	; 30
     614:	70 e0       	ldi	r23, 0x00	; 0
     616:	59 d0       	rcall	.+178    	; 0x6ca <__divmodhi4>
     618:	90 93 af 01 	sts	0x01AF, r25	; 0x8001af <rear+0x1>
     61c:	80 93 ae 01 	sts	0x01AE, r24	; 0x8001ae <rear>
     620:	2f c0       	rjmp	.+94     	; 0x680 <__vector_18+0x10e>
	}
	else
	{
		if( (rear + 1) % QUEUE_SIZE == front % QUEUE_SIZE)
     622:	80 91 ae 01 	lds	r24, 0x01AE	; 0x8001ae <rear>
     626:	90 91 af 01 	lds	r25, 0x01AF	; 0x8001af <rear+0x1>
     62a:	01 96       	adiw	r24, 0x01	; 1
     62c:	2e e1       	ldi	r18, 0x1E	; 30
     62e:	30 e0       	ldi	r19, 0x00	; 0
     630:	b9 01       	movw	r22, r18
     632:	4b d0       	rcall	.+150    	; 0x6ca <__divmodhi4>
     634:	fc 01       	movw	r30, r24
     636:	80 91 ac 01 	lds	r24, 0x01AC	; 0x8001ac <front>
     63a:	90 91 ad 01 	lds	r25, 0x01AD	; 0x8001ad <front+0x1>
     63e:	b9 01       	movw	r22, r18
     640:	44 d0       	rcall	.+136    	; 0x6ca <__divmodhi4>
     642:	e8 17       	cp	r30, r24
     644:	f9 07       	cpc	r31, r25
     646:	e1 f0       	breq	.+56     	; 0x680 <__vector_18+0x10e>
			return;	//	queue full 상태
		
		rx_buff[rear][i++] = data;
     648:	60 91 ae 01 	lds	r22, 0x01AE	; 0x8001ae <rear>
     64c:	70 91 af 01 	lds	r23, 0x01AF	; 0x8001af <rear+0x1>
     650:	80 91 aa 01 	lds	r24, 0x01AA	; 0x8001aa <__data_end>
     654:	90 91 ab 01 	lds	r25, 0x01AB	; 0x8001ab <__data_end+0x1>
     658:	9c 01       	movw	r18, r24
     65a:	2f 5f       	subi	r18, 0xFF	; 255
     65c:	3f 4f       	sbci	r19, 0xFF	; 255
     65e:	30 93 ab 01 	sts	0x01AB, r19	; 0x8001ab <__data_end+0x1>
     662:	20 93 aa 01 	sts	0x01AA, r18	; 0x8001aa <__data_end>
     666:	49 81       	ldd	r20, Y+1	; 0x01
     668:	50 e5       	ldi	r21, 0x50	; 80
     66a:	56 9f       	mul	r21, r22
     66c:	90 01       	movw	r18, r0
     66e:	57 9f       	mul	r21, r23
     670:	30 0d       	add	r19, r0
     672:	11 24       	eor	r1, r1
     674:	20 55       	subi	r18, 0x50	; 80
     676:	3e 4f       	sbci	r19, 0xFE	; 254
     678:	f9 01       	movw	r30, r18
     67a:	e8 0f       	add	r30, r24
     67c:	f9 1f       	adc	r31, r25
     67e:	40 83       	st	Z, r20
	}
}
     680:	0f 90       	pop	r0
     682:	df 91       	pop	r29
     684:	cf 91       	pop	r28
     686:	ff 91       	pop	r31
     688:	ef 91       	pop	r30
     68a:	bf 91       	pop	r27
     68c:	af 91       	pop	r26
     68e:	9f 91       	pop	r25
     690:	8f 91       	pop	r24
     692:	7f 91       	pop	r23
     694:	6f 91       	pop	r22
     696:	5f 91       	pop	r21
     698:	4f 91       	pop	r20
     69a:	3f 91       	pop	r19
     69c:	2f 91       	pop	r18
     69e:	0f 90       	pop	r0
     6a0:	0b be       	out	0x3b, r0	; 59
     6a2:	0f 90       	pop	r0
     6a4:	0f be       	out	0x3f, r0	; 63
     6a6:	0f 90       	pop	r0
     6a8:	1f 90       	pop	r1
     6aa:	18 95       	reti

000006ac <init_uart0>:
2. start / stop 비트 
3. RX(수신): interrupt로 설정
*/
void init_uart0(void)
{
	UBRR0H = 0x00;
     6ac:	10 92 90 00 	sts	0x0090, r1	; 0x800090 <__TEXT_REGION_LENGTH__+0x7e0090>
	UBRR0L = 207;  // 9600bps (표8-9)
     6b0:	8f ec       	ldi	r24, 0xCF	; 207
     6b2:	89 b9       	out	0x09, r24	; 9
	UCSR0A |= 1 << U2X0;  // 2배속 설정 (sampling 8)
     6b4:	8b b1       	in	r24, 0x0b	; 11
     6b6:	82 60       	ori	r24, 0x02	; 2
     6b8:	8b b9       	out	0x0b, r24	; 11
	// UART0 를 송신, 수신이 다 가능하고 RX INT 가 가능하도록 설정한다.
	UCSR0B |= 1 << RXEN0 | 1 << TXEN0 | 1 << RXCIE0;
     6ba:	8a b1       	in	r24, 0x0a	; 10
     6bc:	88 69       	ori	r24, 0x98	; 152
     6be:	8a b9       	out	0x0a, r24	; 10
     6c0:	08 95       	ret

000006c2 <UART0_transmit>:
}

// UART0로 1byte 전송하는 함수
void UART0_transmit(uint8_t data)
{
	while(!(UCSR0A & (1 << UDRE0)))	// data가 송신 중이면, 송신이 끝날때까지 기다림.	
     6c2:	5d 9b       	sbis	0x0b, 5	; 11
     6c4:	fe cf       	rjmp	.-4      	; 0x6c2 <UART0_transmit>
	{
		;	// no operation
	}
	
	UDR0 = data;  // HW 전송 register에 data 송신한다.
     6c6:	8c b9       	out	0x0c, r24	; 12
     6c8:	08 95       	ret

000006ca <__divmodhi4>:
     6ca:	97 fb       	bst	r25, 7
     6cc:	07 2e       	mov	r0, r23
     6ce:	16 f4       	brtc	.+4      	; 0x6d4 <__divmodhi4+0xa>
     6d0:	00 94       	com	r0
     6d2:	06 d0       	rcall	.+12     	; 0x6e0 <__divmodhi4_neg1>
     6d4:	77 fd       	sbrc	r23, 7
     6d6:	08 d0       	rcall	.+16     	; 0x6e8 <__divmodhi4_neg2>
     6d8:	0b d0       	rcall	.+22     	; 0x6f0 <__udivmodhi4>
     6da:	07 fc       	sbrc	r0, 7
     6dc:	05 d0       	rcall	.+10     	; 0x6e8 <__divmodhi4_neg2>
     6de:	3e f4       	brtc	.+14     	; 0x6ee <__divmodhi4_exit>

000006e0 <__divmodhi4_neg1>:
     6e0:	90 95       	com	r25
     6e2:	81 95       	neg	r24
     6e4:	9f 4f       	sbci	r25, 0xFF	; 255
     6e6:	08 95       	ret

000006e8 <__divmodhi4_neg2>:
     6e8:	70 95       	com	r23
     6ea:	61 95       	neg	r22
     6ec:	7f 4f       	sbci	r23, 0xFF	; 255

000006ee <__divmodhi4_exit>:
     6ee:	08 95       	ret

000006f0 <__udivmodhi4>:
     6f0:	aa 1b       	sub	r26, r26
     6f2:	bb 1b       	sub	r27, r27
     6f4:	51 e1       	ldi	r21, 0x11	; 17
     6f6:	07 c0       	rjmp	.+14     	; 0x706 <__udivmodhi4_ep>

000006f8 <__udivmodhi4_loop>:
     6f8:	aa 1f       	adc	r26, r26
     6fa:	bb 1f       	adc	r27, r27
     6fc:	a6 17       	cp	r26, r22
     6fe:	b7 07       	cpc	r27, r23
     700:	10 f0       	brcs	.+4      	; 0x706 <__udivmodhi4_ep>
     702:	a6 1b       	sub	r26, r22
     704:	b7 0b       	sbc	r27, r23

00000706 <__udivmodhi4_ep>:
     706:	88 1f       	adc	r24, r24
     708:	99 1f       	adc	r25, r25
     70a:	5a 95       	dec	r21
     70c:	a9 f7       	brne	.-22     	; 0x6f8 <__udivmodhi4_loop>
     70e:	80 95       	com	r24
     710:	90 95       	com	r25
     712:	bc 01       	movw	r22, r24
     714:	cd 01       	movw	r24, r26
     716:	08 95       	ret

00000718 <printf>:
     718:	cf 93       	push	r28
     71a:	df 93       	push	r29
     71c:	cd b7       	in	r28, 0x3d	; 61
     71e:	de b7       	in	r29, 0x3e	; 62
     720:	ae 01       	movw	r20, r28
     722:	4b 5f       	subi	r20, 0xFB	; 251
     724:	5f 4f       	sbci	r21, 0xFF	; 255
     726:	fa 01       	movw	r30, r20
     728:	61 91       	ld	r22, Z+
     72a:	71 91       	ld	r23, Z+
     72c:	af 01       	movw	r20, r30
     72e:	80 91 12 0b 	lds	r24, 0x0B12	; 0x800b12 <__iob+0x2>
     732:	90 91 13 0b 	lds	r25, 0x0B13	; 0x800b13 <__iob+0x3>
     736:	54 d0       	rcall	.+168    	; 0x7e0 <vfprintf>
     738:	df 91       	pop	r29
     73a:	cf 91       	pop	r28
     73c:	08 95       	ret

0000073e <puts>:
     73e:	0f 93       	push	r16
     740:	1f 93       	push	r17
     742:	cf 93       	push	r28
     744:	df 93       	push	r29
     746:	e0 91 12 0b 	lds	r30, 0x0B12	; 0x800b12 <__iob+0x2>
     74a:	f0 91 13 0b 	lds	r31, 0x0B13	; 0x800b13 <__iob+0x3>
     74e:	23 81       	ldd	r18, Z+3	; 0x03
     750:	21 ff       	sbrs	r18, 1
     752:	1b c0       	rjmp	.+54     	; 0x78a <puts+0x4c>
     754:	8c 01       	movw	r16, r24
     756:	d0 e0       	ldi	r29, 0x00	; 0
     758:	c0 e0       	ldi	r28, 0x00	; 0
     75a:	f8 01       	movw	r30, r16
     75c:	81 91       	ld	r24, Z+
     75e:	8f 01       	movw	r16, r30
     760:	60 91 12 0b 	lds	r22, 0x0B12	; 0x800b12 <__iob+0x2>
     764:	70 91 13 0b 	lds	r23, 0x0B13	; 0x800b13 <__iob+0x3>
     768:	db 01       	movw	r26, r22
     76a:	18 96       	adiw	r26, 0x08	; 8
     76c:	ed 91       	ld	r30, X+
     76e:	fc 91       	ld	r31, X
     770:	19 97       	sbiw	r26, 0x09	; 9
     772:	88 23       	and	r24, r24
     774:	31 f0       	breq	.+12     	; 0x782 <puts+0x44>
     776:	09 95       	icall
     778:	89 2b       	or	r24, r25
     77a:	79 f3       	breq	.-34     	; 0x75a <puts+0x1c>
     77c:	df ef       	ldi	r29, 0xFF	; 255
     77e:	cf ef       	ldi	r28, 0xFF	; 255
     780:	ec cf       	rjmp	.-40     	; 0x75a <puts+0x1c>
     782:	8a e0       	ldi	r24, 0x0A	; 10
     784:	09 95       	icall
     786:	89 2b       	or	r24, r25
     788:	19 f0       	breq	.+6      	; 0x790 <puts+0x52>
     78a:	8f ef       	ldi	r24, 0xFF	; 255
     78c:	9f ef       	ldi	r25, 0xFF	; 255
     78e:	02 c0       	rjmp	.+4      	; 0x794 <puts+0x56>
     790:	8d 2f       	mov	r24, r29
     792:	9c 2f       	mov	r25, r28
     794:	df 91       	pop	r29
     796:	cf 91       	pop	r28
     798:	1f 91       	pop	r17
     79a:	0f 91       	pop	r16
     79c:	08 95       	ret

0000079e <sscanf>:
     79e:	cf 93       	push	r28
     7a0:	df 93       	push	r29
     7a2:	cd b7       	in	r28, 0x3d	; 61
     7a4:	de b7       	in	r29, 0x3e	; 62
     7a6:	2e 97       	sbiw	r28, 0x0e	; 14
     7a8:	0f b6       	in	r0, 0x3f	; 63
     7aa:	f8 94       	cli
     7ac:	de bf       	out	0x3e, r29	; 62
     7ae:	0f be       	out	0x3f, r0	; 63
     7b0:	cd bf       	out	0x3d, r28	; 61
     7b2:	85 e0       	ldi	r24, 0x05	; 5
     7b4:	8c 83       	std	Y+4, r24	; 0x04
     7b6:	8b 89       	ldd	r24, Y+19	; 0x13
     7b8:	9c 89       	ldd	r25, Y+20	; 0x14
     7ba:	9a 83       	std	Y+2, r25	; 0x02
     7bc:	89 83       	std	Y+1, r24	; 0x01
     7be:	ae 01       	movw	r20, r28
     7c0:	49 5e       	subi	r20, 0xE9	; 233
     7c2:	5f 4f       	sbci	r21, 0xFF	; 255
     7c4:	6d 89       	ldd	r22, Y+21	; 0x15
     7c6:	7e 89       	ldd	r23, Y+22	; 0x16
     7c8:	ce 01       	movw	r24, r28
     7ca:	01 96       	adiw	r24, 0x01	; 1
     7cc:	b8 d3       	rcall	.+1904   	; 0xf3e <vfscanf>
     7ce:	2e 96       	adiw	r28, 0x0e	; 14
     7d0:	0f b6       	in	r0, 0x3f	; 63
     7d2:	f8 94       	cli
     7d4:	de bf       	out	0x3e, r29	; 62
     7d6:	0f be       	out	0x3f, r0	; 63
     7d8:	cd bf       	out	0x3d, r28	; 61
     7da:	df 91       	pop	r29
     7dc:	cf 91       	pop	r28
     7de:	08 95       	ret

000007e0 <vfprintf>:
     7e0:	2f 92       	push	r2
     7e2:	3f 92       	push	r3
     7e4:	4f 92       	push	r4
     7e6:	5f 92       	push	r5
     7e8:	6f 92       	push	r6
     7ea:	7f 92       	push	r7
     7ec:	8f 92       	push	r8
     7ee:	9f 92       	push	r9
     7f0:	af 92       	push	r10
     7f2:	bf 92       	push	r11
     7f4:	cf 92       	push	r12
     7f6:	df 92       	push	r13
     7f8:	ef 92       	push	r14
     7fa:	ff 92       	push	r15
     7fc:	0f 93       	push	r16
     7fe:	1f 93       	push	r17
     800:	cf 93       	push	r28
     802:	df 93       	push	r29
     804:	cd b7       	in	r28, 0x3d	; 61
     806:	de b7       	in	r29, 0x3e	; 62
     808:	2b 97       	sbiw	r28, 0x0b	; 11
     80a:	0f b6       	in	r0, 0x3f	; 63
     80c:	f8 94       	cli
     80e:	de bf       	out	0x3e, r29	; 62
     810:	0f be       	out	0x3f, r0	; 63
     812:	cd bf       	out	0x3d, r28	; 61
     814:	6c 01       	movw	r12, r24
     816:	7b 01       	movw	r14, r22
     818:	8a 01       	movw	r16, r20
     81a:	fc 01       	movw	r30, r24
     81c:	17 82       	std	Z+7, r1	; 0x07
     81e:	16 82       	std	Z+6, r1	; 0x06
     820:	83 81       	ldd	r24, Z+3	; 0x03
     822:	81 ff       	sbrs	r24, 1
     824:	bf c1       	rjmp	.+894    	; 0xba4 <vfprintf+0x3c4>
     826:	ce 01       	movw	r24, r28
     828:	01 96       	adiw	r24, 0x01	; 1
     82a:	3c 01       	movw	r6, r24
     82c:	f6 01       	movw	r30, r12
     82e:	93 81       	ldd	r25, Z+3	; 0x03
     830:	f7 01       	movw	r30, r14
     832:	93 fd       	sbrc	r25, 3
     834:	85 91       	lpm	r24, Z+
     836:	93 ff       	sbrs	r25, 3
     838:	81 91       	ld	r24, Z+
     83a:	7f 01       	movw	r14, r30
     83c:	88 23       	and	r24, r24
     83e:	09 f4       	brne	.+2      	; 0x842 <vfprintf+0x62>
     840:	ad c1       	rjmp	.+858    	; 0xb9c <vfprintf+0x3bc>
     842:	85 32       	cpi	r24, 0x25	; 37
     844:	39 f4       	brne	.+14     	; 0x854 <vfprintf+0x74>
     846:	93 fd       	sbrc	r25, 3
     848:	85 91       	lpm	r24, Z+
     84a:	93 ff       	sbrs	r25, 3
     84c:	81 91       	ld	r24, Z+
     84e:	7f 01       	movw	r14, r30
     850:	85 32       	cpi	r24, 0x25	; 37
     852:	21 f4       	brne	.+8      	; 0x85c <vfprintf+0x7c>
     854:	b6 01       	movw	r22, r12
     856:	90 e0       	ldi	r25, 0x00	; 0
     858:	f0 d4       	rcall	.+2528   	; 0x123a <fputc>
     85a:	e8 cf       	rjmp	.-48     	; 0x82c <vfprintf+0x4c>
     85c:	91 2c       	mov	r9, r1
     85e:	21 2c       	mov	r2, r1
     860:	31 2c       	mov	r3, r1
     862:	ff e1       	ldi	r31, 0x1F	; 31
     864:	f3 15       	cp	r31, r3
     866:	d8 f0       	brcs	.+54     	; 0x89e <vfprintf+0xbe>
     868:	8b 32       	cpi	r24, 0x2B	; 43
     86a:	79 f0       	breq	.+30     	; 0x88a <vfprintf+0xaa>
     86c:	38 f4       	brcc	.+14     	; 0x87c <vfprintf+0x9c>
     86e:	80 32       	cpi	r24, 0x20	; 32
     870:	79 f0       	breq	.+30     	; 0x890 <vfprintf+0xb0>
     872:	83 32       	cpi	r24, 0x23	; 35
     874:	a1 f4       	brne	.+40     	; 0x89e <vfprintf+0xbe>
     876:	23 2d       	mov	r18, r3
     878:	20 61       	ori	r18, 0x10	; 16
     87a:	1d c0       	rjmp	.+58     	; 0x8b6 <vfprintf+0xd6>
     87c:	8d 32       	cpi	r24, 0x2D	; 45
     87e:	61 f0       	breq	.+24     	; 0x898 <vfprintf+0xb8>
     880:	80 33       	cpi	r24, 0x30	; 48
     882:	69 f4       	brne	.+26     	; 0x89e <vfprintf+0xbe>
     884:	23 2d       	mov	r18, r3
     886:	21 60       	ori	r18, 0x01	; 1
     888:	16 c0       	rjmp	.+44     	; 0x8b6 <vfprintf+0xd6>
     88a:	83 2d       	mov	r24, r3
     88c:	82 60       	ori	r24, 0x02	; 2
     88e:	38 2e       	mov	r3, r24
     890:	e3 2d       	mov	r30, r3
     892:	e4 60       	ori	r30, 0x04	; 4
     894:	3e 2e       	mov	r3, r30
     896:	2a c0       	rjmp	.+84     	; 0x8ec <vfprintf+0x10c>
     898:	f3 2d       	mov	r31, r3
     89a:	f8 60       	ori	r31, 0x08	; 8
     89c:	1d c0       	rjmp	.+58     	; 0x8d8 <vfprintf+0xf8>
     89e:	37 fc       	sbrc	r3, 7
     8a0:	2d c0       	rjmp	.+90     	; 0x8fc <vfprintf+0x11c>
     8a2:	20 ed       	ldi	r18, 0xD0	; 208
     8a4:	28 0f       	add	r18, r24
     8a6:	2a 30       	cpi	r18, 0x0A	; 10
     8a8:	40 f0       	brcs	.+16     	; 0x8ba <vfprintf+0xda>
     8aa:	8e 32       	cpi	r24, 0x2E	; 46
     8ac:	b9 f4       	brne	.+46     	; 0x8dc <vfprintf+0xfc>
     8ae:	36 fc       	sbrc	r3, 6
     8b0:	75 c1       	rjmp	.+746    	; 0xb9c <vfprintf+0x3bc>
     8b2:	23 2d       	mov	r18, r3
     8b4:	20 64       	ori	r18, 0x40	; 64
     8b6:	32 2e       	mov	r3, r18
     8b8:	19 c0       	rjmp	.+50     	; 0x8ec <vfprintf+0x10c>
     8ba:	36 fe       	sbrs	r3, 6
     8bc:	06 c0       	rjmp	.+12     	; 0x8ca <vfprintf+0xea>
     8be:	8a e0       	ldi	r24, 0x0A	; 10
     8c0:	98 9e       	mul	r9, r24
     8c2:	20 0d       	add	r18, r0
     8c4:	11 24       	eor	r1, r1
     8c6:	92 2e       	mov	r9, r18
     8c8:	11 c0       	rjmp	.+34     	; 0x8ec <vfprintf+0x10c>
     8ca:	ea e0       	ldi	r30, 0x0A	; 10
     8cc:	2e 9e       	mul	r2, r30
     8ce:	20 0d       	add	r18, r0
     8d0:	11 24       	eor	r1, r1
     8d2:	22 2e       	mov	r2, r18
     8d4:	f3 2d       	mov	r31, r3
     8d6:	f0 62       	ori	r31, 0x20	; 32
     8d8:	3f 2e       	mov	r3, r31
     8da:	08 c0       	rjmp	.+16     	; 0x8ec <vfprintf+0x10c>
     8dc:	8c 36       	cpi	r24, 0x6C	; 108
     8de:	21 f4       	brne	.+8      	; 0x8e8 <vfprintf+0x108>
     8e0:	83 2d       	mov	r24, r3
     8e2:	80 68       	ori	r24, 0x80	; 128
     8e4:	38 2e       	mov	r3, r24
     8e6:	02 c0       	rjmp	.+4      	; 0x8ec <vfprintf+0x10c>
     8e8:	88 36       	cpi	r24, 0x68	; 104
     8ea:	41 f4       	brne	.+16     	; 0x8fc <vfprintf+0x11c>
     8ec:	f7 01       	movw	r30, r14
     8ee:	93 fd       	sbrc	r25, 3
     8f0:	85 91       	lpm	r24, Z+
     8f2:	93 ff       	sbrs	r25, 3
     8f4:	81 91       	ld	r24, Z+
     8f6:	7f 01       	movw	r14, r30
     8f8:	81 11       	cpse	r24, r1
     8fa:	b3 cf       	rjmp	.-154    	; 0x862 <vfprintf+0x82>
     8fc:	98 2f       	mov	r25, r24
     8fe:	9f 7d       	andi	r25, 0xDF	; 223
     900:	95 54       	subi	r25, 0x45	; 69
     902:	93 30       	cpi	r25, 0x03	; 3
     904:	28 f4       	brcc	.+10     	; 0x910 <vfprintf+0x130>
     906:	0c 5f       	subi	r16, 0xFC	; 252
     908:	1f 4f       	sbci	r17, 0xFF	; 255
     90a:	9f e3       	ldi	r25, 0x3F	; 63
     90c:	99 83       	std	Y+1, r25	; 0x01
     90e:	0d c0       	rjmp	.+26     	; 0x92a <vfprintf+0x14a>
     910:	83 36       	cpi	r24, 0x63	; 99
     912:	31 f0       	breq	.+12     	; 0x920 <vfprintf+0x140>
     914:	83 37       	cpi	r24, 0x73	; 115
     916:	71 f0       	breq	.+28     	; 0x934 <vfprintf+0x154>
     918:	83 35       	cpi	r24, 0x53	; 83
     91a:	09 f0       	breq	.+2      	; 0x91e <vfprintf+0x13e>
     91c:	55 c0       	rjmp	.+170    	; 0x9c8 <vfprintf+0x1e8>
     91e:	20 c0       	rjmp	.+64     	; 0x960 <vfprintf+0x180>
     920:	f8 01       	movw	r30, r16
     922:	80 81       	ld	r24, Z
     924:	89 83       	std	Y+1, r24	; 0x01
     926:	0e 5f       	subi	r16, 0xFE	; 254
     928:	1f 4f       	sbci	r17, 0xFF	; 255
     92a:	88 24       	eor	r8, r8
     92c:	83 94       	inc	r8
     92e:	91 2c       	mov	r9, r1
     930:	53 01       	movw	r10, r6
     932:	12 c0       	rjmp	.+36     	; 0x958 <vfprintf+0x178>
     934:	28 01       	movw	r4, r16
     936:	f2 e0       	ldi	r31, 0x02	; 2
     938:	4f 0e       	add	r4, r31
     93a:	51 1c       	adc	r5, r1
     93c:	f8 01       	movw	r30, r16
     93e:	a0 80       	ld	r10, Z
     940:	b1 80       	ldd	r11, Z+1	; 0x01
     942:	36 fe       	sbrs	r3, 6
     944:	03 c0       	rjmp	.+6      	; 0x94c <vfprintf+0x16c>
     946:	69 2d       	mov	r22, r9
     948:	70 e0       	ldi	r23, 0x00	; 0
     94a:	02 c0       	rjmp	.+4      	; 0x950 <vfprintf+0x170>
     94c:	6f ef       	ldi	r22, 0xFF	; 255
     94e:	7f ef       	ldi	r23, 0xFF	; 255
     950:	c5 01       	movw	r24, r10
     952:	2a d4       	rcall	.+2132   	; 0x11a8 <strnlen>
     954:	4c 01       	movw	r8, r24
     956:	82 01       	movw	r16, r4
     958:	f3 2d       	mov	r31, r3
     95a:	ff 77       	andi	r31, 0x7F	; 127
     95c:	3f 2e       	mov	r3, r31
     95e:	15 c0       	rjmp	.+42     	; 0x98a <vfprintf+0x1aa>
     960:	28 01       	movw	r4, r16
     962:	22 e0       	ldi	r18, 0x02	; 2
     964:	42 0e       	add	r4, r18
     966:	51 1c       	adc	r5, r1
     968:	f8 01       	movw	r30, r16
     96a:	a0 80       	ld	r10, Z
     96c:	b1 80       	ldd	r11, Z+1	; 0x01
     96e:	36 fe       	sbrs	r3, 6
     970:	03 c0       	rjmp	.+6      	; 0x978 <vfprintf+0x198>
     972:	69 2d       	mov	r22, r9
     974:	70 e0       	ldi	r23, 0x00	; 0
     976:	02 c0       	rjmp	.+4      	; 0x97c <vfprintf+0x19c>
     978:	6f ef       	ldi	r22, 0xFF	; 255
     97a:	7f ef       	ldi	r23, 0xFF	; 255
     97c:	c5 01       	movw	r24, r10
     97e:	09 d4       	rcall	.+2066   	; 0x1192 <strnlen_P>
     980:	4c 01       	movw	r8, r24
     982:	f3 2d       	mov	r31, r3
     984:	f0 68       	ori	r31, 0x80	; 128
     986:	3f 2e       	mov	r3, r31
     988:	82 01       	movw	r16, r4
     98a:	33 fc       	sbrc	r3, 3
     98c:	19 c0       	rjmp	.+50     	; 0x9c0 <vfprintf+0x1e0>
     98e:	82 2d       	mov	r24, r2
     990:	90 e0       	ldi	r25, 0x00	; 0
     992:	88 16       	cp	r8, r24
     994:	99 06       	cpc	r9, r25
     996:	a0 f4       	brcc	.+40     	; 0x9c0 <vfprintf+0x1e0>
     998:	b6 01       	movw	r22, r12
     99a:	80 e2       	ldi	r24, 0x20	; 32
     99c:	90 e0       	ldi	r25, 0x00	; 0
     99e:	4d d4       	rcall	.+2202   	; 0x123a <fputc>
     9a0:	2a 94       	dec	r2
     9a2:	f5 cf       	rjmp	.-22     	; 0x98e <vfprintf+0x1ae>
     9a4:	f5 01       	movw	r30, r10
     9a6:	37 fc       	sbrc	r3, 7
     9a8:	85 91       	lpm	r24, Z+
     9aa:	37 fe       	sbrs	r3, 7
     9ac:	81 91       	ld	r24, Z+
     9ae:	5f 01       	movw	r10, r30
     9b0:	b6 01       	movw	r22, r12
     9b2:	90 e0       	ldi	r25, 0x00	; 0
     9b4:	42 d4       	rcall	.+2180   	; 0x123a <fputc>
     9b6:	21 10       	cpse	r2, r1
     9b8:	2a 94       	dec	r2
     9ba:	21 e0       	ldi	r18, 0x01	; 1
     9bc:	82 1a       	sub	r8, r18
     9be:	91 08       	sbc	r9, r1
     9c0:	81 14       	cp	r8, r1
     9c2:	91 04       	cpc	r9, r1
     9c4:	79 f7       	brne	.-34     	; 0x9a4 <vfprintf+0x1c4>
     9c6:	e1 c0       	rjmp	.+450    	; 0xb8a <vfprintf+0x3aa>
     9c8:	84 36       	cpi	r24, 0x64	; 100
     9ca:	11 f0       	breq	.+4      	; 0x9d0 <vfprintf+0x1f0>
     9cc:	89 36       	cpi	r24, 0x69	; 105
     9ce:	39 f5       	brne	.+78     	; 0xa1e <vfprintf+0x23e>
     9d0:	f8 01       	movw	r30, r16
     9d2:	37 fe       	sbrs	r3, 7
     9d4:	07 c0       	rjmp	.+14     	; 0x9e4 <vfprintf+0x204>
     9d6:	60 81       	ld	r22, Z
     9d8:	71 81       	ldd	r23, Z+1	; 0x01
     9da:	82 81       	ldd	r24, Z+2	; 0x02
     9dc:	93 81       	ldd	r25, Z+3	; 0x03
     9de:	0c 5f       	subi	r16, 0xFC	; 252
     9e0:	1f 4f       	sbci	r17, 0xFF	; 255
     9e2:	08 c0       	rjmp	.+16     	; 0x9f4 <vfprintf+0x214>
     9e4:	60 81       	ld	r22, Z
     9e6:	71 81       	ldd	r23, Z+1	; 0x01
     9e8:	07 2e       	mov	r0, r23
     9ea:	00 0c       	add	r0, r0
     9ec:	88 0b       	sbc	r24, r24
     9ee:	99 0b       	sbc	r25, r25
     9f0:	0e 5f       	subi	r16, 0xFE	; 254
     9f2:	1f 4f       	sbci	r17, 0xFF	; 255
     9f4:	f3 2d       	mov	r31, r3
     9f6:	ff 76       	andi	r31, 0x6F	; 111
     9f8:	3f 2e       	mov	r3, r31
     9fa:	97 ff       	sbrs	r25, 7
     9fc:	09 c0       	rjmp	.+18     	; 0xa10 <vfprintf+0x230>
     9fe:	90 95       	com	r25
     a00:	80 95       	com	r24
     a02:	70 95       	com	r23
     a04:	61 95       	neg	r22
     a06:	7f 4f       	sbci	r23, 0xFF	; 255
     a08:	8f 4f       	sbci	r24, 0xFF	; 255
     a0a:	9f 4f       	sbci	r25, 0xFF	; 255
     a0c:	f0 68       	ori	r31, 0x80	; 128
     a0e:	3f 2e       	mov	r3, r31
     a10:	2a e0       	ldi	r18, 0x0A	; 10
     a12:	30 e0       	ldi	r19, 0x00	; 0
     a14:	a3 01       	movw	r20, r6
     a16:	66 d4       	rcall	.+2252   	; 0x12e4 <__ultoa_invert>
     a18:	88 2e       	mov	r8, r24
     a1a:	86 18       	sub	r8, r6
     a1c:	44 c0       	rjmp	.+136    	; 0xaa6 <vfprintf+0x2c6>
     a1e:	85 37       	cpi	r24, 0x75	; 117
     a20:	31 f4       	brne	.+12     	; 0xa2e <vfprintf+0x24e>
     a22:	23 2d       	mov	r18, r3
     a24:	2f 7e       	andi	r18, 0xEF	; 239
     a26:	b2 2e       	mov	r11, r18
     a28:	2a e0       	ldi	r18, 0x0A	; 10
     a2a:	30 e0       	ldi	r19, 0x00	; 0
     a2c:	25 c0       	rjmp	.+74     	; 0xa78 <vfprintf+0x298>
     a2e:	93 2d       	mov	r25, r3
     a30:	99 7f       	andi	r25, 0xF9	; 249
     a32:	b9 2e       	mov	r11, r25
     a34:	8f 36       	cpi	r24, 0x6F	; 111
     a36:	c1 f0       	breq	.+48     	; 0xa68 <vfprintf+0x288>
     a38:	18 f4       	brcc	.+6      	; 0xa40 <vfprintf+0x260>
     a3a:	88 35       	cpi	r24, 0x58	; 88
     a3c:	79 f0       	breq	.+30     	; 0xa5c <vfprintf+0x27c>
     a3e:	ae c0       	rjmp	.+348    	; 0xb9c <vfprintf+0x3bc>
     a40:	80 37       	cpi	r24, 0x70	; 112
     a42:	19 f0       	breq	.+6      	; 0xa4a <vfprintf+0x26a>
     a44:	88 37       	cpi	r24, 0x78	; 120
     a46:	21 f0       	breq	.+8      	; 0xa50 <vfprintf+0x270>
     a48:	a9 c0       	rjmp	.+338    	; 0xb9c <vfprintf+0x3bc>
     a4a:	e9 2f       	mov	r30, r25
     a4c:	e0 61       	ori	r30, 0x10	; 16
     a4e:	be 2e       	mov	r11, r30
     a50:	b4 fe       	sbrs	r11, 4
     a52:	0d c0       	rjmp	.+26     	; 0xa6e <vfprintf+0x28e>
     a54:	fb 2d       	mov	r31, r11
     a56:	f4 60       	ori	r31, 0x04	; 4
     a58:	bf 2e       	mov	r11, r31
     a5a:	09 c0       	rjmp	.+18     	; 0xa6e <vfprintf+0x28e>
     a5c:	34 fe       	sbrs	r3, 4
     a5e:	0a c0       	rjmp	.+20     	; 0xa74 <vfprintf+0x294>
     a60:	29 2f       	mov	r18, r25
     a62:	26 60       	ori	r18, 0x06	; 6
     a64:	b2 2e       	mov	r11, r18
     a66:	06 c0       	rjmp	.+12     	; 0xa74 <vfprintf+0x294>
     a68:	28 e0       	ldi	r18, 0x08	; 8
     a6a:	30 e0       	ldi	r19, 0x00	; 0
     a6c:	05 c0       	rjmp	.+10     	; 0xa78 <vfprintf+0x298>
     a6e:	20 e1       	ldi	r18, 0x10	; 16
     a70:	30 e0       	ldi	r19, 0x00	; 0
     a72:	02 c0       	rjmp	.+4      	; 0xa78 <vfprintf+0x298>
     a74:	20 e1       	ldi	r18, 0x10	; 16
     a76:	32 e0       	ldi	r19, 0x02	; 2
     a78:	f8 01       	movw	r30, r16
     a7a:	b7 fe       	sbrs	r11, 7
     a7c:	07 c0       	rjmp	.+14     	; 0xa8c <vfprintf+0x2ac>
     a7e:	60 81       	ld	r22, Z
     a80:	71 81       	ldd	r23, Z+1	; 0x01
     a82:	82 81       	ldd	r24, Z+2	; 0x02
     a84:	93 81       	ldd	r25, Z+3	; 0x03
     a86:	0c 5f       	subi	r16, 0xFC	; 252
     a88:	1f 4f       	sbci	r17, 0xFF	; 255
     a8a:	06 c0       	rjmp	.+12     	; 0xa98 <vfprintf+0x2b8>
     a8c:	60 81       	ld	r22, Z
     a8e:	71 81       	ldd	r23, Z+1	; 0x01
     a90:	80 e0       	ldi	r24, 0x00	; 0
     a92:	90 e0       	ldi	r25, 0x00	; 0
     a94:	0e 5f       	subi	r16, 0xFE	; 254
     a96:	1f 4f       	sbci	r17, 0xFF	; 255
     a98:	a3 01       	movw	r20, r6
     a9a:	24 d4       	rcall	.+2120   	; 0x12e4 <__ultoa_invert>
     a9c:	88 2e       	mov	r8, r24
     a9e:	86 18       	sub	r8, r6
     aa0:	fb 2d       	mov	r31, r11
     aa2:	ff 77       	andi	r31, 0x7F	; 127
     aa4:	3f 2e       	mov	r3, r31
     aa6:	36 fe       	sbrs	r3, 6
     aa8:	0d c0       	rjmp	.+26     	; 0xac4 <vfprintf+0x2e4>
     aaa:	23 2d       	mov	r18, r3
     aac:	2e 7f       	andi	r18, 0xFE	; 254
     aae:	a2 2e       	mov	r10, r18
     ab0:	89 14       	cp	r8, r9
     ab2:	58 f4       	brcc	.+22     	; 0xaca <vfprintf+0x2ea>
     ab4:	34 fe       	sbrs	r3, 4
     ab6:	0b c0       	rjmp	.+22     	; 0xace <vfprintf+0x2ee>
     ab8:	32 fc       	sbrc	r3, 2
     aba:	09 c0       	rjmp	.+18     	; 0xace <vfprintf+0x2ee>
     abc:	83 2d       	mov	r24, r3
     abe:	8e 7e       	andi	r24, 0xEE	; 238
     ac0:	a8 2e       	mov	r10, r24
     ac2:	05 c0       	rjmp	.+10     	; 0xace <vfprintf+0x2ee>
     ac4:	b8 2c       	mov	r11, r8
     ac6:	a3 2c       	mov	r10, r3
     ac8:	03 c0       	rjmp	.+6      	; 0xad0 <vfprintf+0x2f0>
     aca:	b8 2c       	mov	r11, r8
     acc:	01 c0       	rjmp	.+2      	; 0xad0 <vfprintf+0x2f0>
     ace:	b9 2c       	mov	r11, r9
     ad0:	a4 fe       	sbrs	r10, 4
     ad2:	0f c0       	rjmp	.+30     	; 0xaf2 <vfprintf+0x312>
     ad4:	fe 01       	movw	r30, r28
     ad6:	e8 0d       	add	r30, r8
     ad8:	f1 1d       	adc	r31, r1
     ada:	80 81       	ld	r24, Z
     adc:	80 33       	cpi	r24, 0x30	; 48
     ade:	21 f4       	brne	.+8      	; 0xae8 <vfprintf+0x308>
     ae0:	9a 2d       	mov	r25, r10
     ae2:	99 7e       	andi	r25, 0xE9	; 233
     ae4:	a9 2e       	mov	r10, r25
     ae6:	09 c0       	rjmp	.+18     	; 0xafa <vfprintf+0x31a>
     ae8:	a2 fe       	sbrs	r10, 2
     aea:	06 c0       	rjmp	.+12     	; 0xaf8 <vfprintf+0x318>
     aec:	b3 94       	inc	r11
     aee:	b3 94       	inc	r11
     af0:	04 c0       	rjmp	.+8      	; 0xafa <vfprintf+0x31a>
     af2:	8a 2d       	mov	r24, r10
     af4:	86 78       	andi	r24, 0x86	; 134
     af6:	09 f0       	breq	.+2      	; 0xafa <vfprintf+0x31a>
     af8:	b3 94       	inc	r11
     afa:	a3 fc       	sbrc	r10, 3
     afc:	10 c0       	rjmp	.+32     	; 0xb1e <vfprintf+0x33e>
     afe:	a0 fe       	sbrs	r10, 0
     b00:	06 c0       	rjmp	.+12     	; 0xb0e <vfprintf+0x32e>
     b02:	b2 14       	cp	r11, r2
     b04:	80 f4       	brcc	.+32     	; 0xb26 <vfprintf+0x346>
     b06:	28 0c       	add	r2, r8
     b08:	92 2c       	mov	r9, r2
     b0a:	9b 18       	sub	r9, r11
     b0c:	0d c0       	rjmp	.+26     	; 0xb28 <vfprintf+0x348>
     b0e:	b2 14       	cp	r11, r2
     b10:	58 f4       	brcc	.+22     	; 0xb28 <vfprintf+0x348>
     b12:	b6 01       	movw	r22, r12
     b14:	80 e2       	ldi	r24, 0x20	; 32
     b16:	90 e0       	ldi	r25, 0x00	; 0
     b18:	90 d3       	rcall	.+1824   	; 0x123a <fputc>
     b1a:	b3 94       	inc	r11
     b1c:	f8 cf       	rjmp	.-16     	; 0xb0e <vfprintf+0x32e>
     b1e:	b2 14       	cp	r11, r2
     b20:	18 f4       	brcc	.+6      	; 0xb28 <vfprintf+0x348>
     b22:	2b 18       	sub	r2, r11
     b24:	02 c0       	rjmp	.+4      	; 0xb2a <vfprintf+0x34a>
     b26:	98 2c       	mov	r9, r8
     b28:	21 2c       	mov	r2, r1
     b2a:	a4 fe       	sbrs	r10, 4
     b2c:	0f c0       	rjmp	.+30     	; 0xb4c <vfprintf+0x36c>
     b2e:	b6 01       	movw	r22, r12
     b30:	80 e3       	ldi	r24, 0x30	; 48
     b32:	90 e0       	ldi	r25, 0x00	; 0
     b34:	82 d3       	rcall	.+1796   	; 0x123a <fputc>
     b36:	a2 fe       	sbrs	r10, 2
     b38:	16 c0       	rjmp	.+44     	; 0xb66 <vfprintf+0x386>
     b3a:	a1 fc       	sbrc	r10, 1
     b3c:	03 c0       	rjmp	.+6      	; 0xb44 <vfprintf+0x364>
     b3e:	88 e7       	ldi	r24, 0x78	; 120
     b40:	90 e0       	ldi	r25, 0x00	; 0
     b42:	02 c0       	rjmp	.+4      	; 0xb48 <vfprintf+0x368>
     b44:	88 e5       	ldi	r24, 0x58	; 88
     b46:	90 e0       	ldi	r25, 0x00	; 0
     b48:	b6 01       	movw	r22, r12
     b4a:	0c c0       	rjmp	.+24     	; 0xb64 <vfprintf+0x384>
     b4c:	8a 2d       	mov	r24, r10
     b4e:	86 78       	andi	r24, 0x86	; 134
     b50:	51 f0       	breq	.+20     	; 0xb66 <vfprintf+0x386>
     b52:	a1 fe       	sbrs	r10, 1
     b54:	02 c0       	rjmp	.+4      	; 0xb5a <vfprintf+0x37a>
     b56:	8b e2       	ldi	r24, 0x2B	; 43
     b58:	01 c0       	rjmp	.+2      	; 0xb5c <vfprintf+0x37c>
     b5a:	80 e2       	ldi	r24, 0x20	; 32
     b5c:	a7 fc       	sbrc	r10, 7
     b5e:	8d e2       	ldi	r24, 0x2D	; 45
     b60:	b6 01       	movw	r22, r12
     b62:	90 e0       	ldi	r25, 0x00	; 0
     b64:	6a d3       	rcall	.+1748   	; 0x123a <fputc>
     b66:	89 14       	cp	r8, r9
     b68:	30 f4       	brcc	.+12     	; 0xb76 <vfprintf+0x396>
     b6a:	b6 01       	movw	r22, r12
     b6c:	80 e3       	ldi	r24, 0x30	; 48
     b6e:	90 e0       	ldi	r25, 0x00	; 0
     b70:	64 d3       	rcall	.+1736   	; 0x123a <fputc>
     b72:	9a 94       	dec	r9
     b74:	f8 cf       	rjmp	.-16     	; 0xb66 <vfprintf+0x386>
     b76:	8a 94       	dec	r8
     b78:	f3 01       	movw	r30, r6
     b7a:	e8 0d       	add	r30, r8
     b7c:	f1 1d       	adc	r31, r1
     b7e:	80 81       	ld	r24, Z
     b80:	b6 01       	movw	r22, r12
     b82:	90 e0       	ldi	r25, 0x00	; 0
     b84:	5a d3       	rcall	.+1716   	; 0x123a <fputc>
     b86:	81 10       	cpse	r8, r1
     b88:	f6 cf       	rjmp	.-20     	; 0xb76 <vfprintf+0x396>
     b8a:	22 20       	and	r2, r2
     b8c:	09 f4       	brne	.+2      	; 0xb90 <vfprintf+0x3b0>
     b8e:	4e ce       	rjmp	.-868    	; 0x82c <vfprintf+0x4c>
     b90:	b6 01       	movw	r22, r12
     b92:	80 e2       	ldi	r24, 0x20	; 32
     b94:	90 e0       	ldi	r25, 0x00	; 0
     b96:	51 d3       	rcall	.+1698   	; 0x123a <fputc>
     b98:	2a 94       	dec	r2
     b9a:	f7 cf       	rjmp	.-18     	; 0xb8a <vfprintf+0x3aa>
     b9c:	f6 01       	movw	r30, r12
     b9e:	86 81       	ldd	r24, Z+6	; 0x06
     ba0:	97 81       	ldd	r25, Z+7	; 0x07
     ba2:	02 c0       	rjmp	.+4      	; 0xba8 <vfprintf+0x3c8>
     ba4:	8f ef       	ldi	r24, 0xFF	; 255
     ba6:	9f ef       	ldi	r25, 0xFF	; 255
     ba8:	2b 96       	adiw	r28, 0x0b	; 11
     baa:	0f b6       	in	r0, 0x3f	; 63
     bac:	f8 94       	cli
     bae:	de bf       	out	0x3e, r29	; 62
     bb0:	0f be       	out	0x3f, r0	; 63
     bb2:	cd bf       	out	0x3d, r28	; 61
     bb4:	df 91       	pop	r29
     bb6:	cf 91       	pop	r28
     bb8:	1f 91       	pop	r17
     bba:	0f 91       	pop	r16
     bbc:	ff 90       	pop	r15
     bbe:	ef 90       	pop	r14
     bc0:	df 90       	pop	r13
     bc2:	cf 90       	pop	r12
     bc4:	bf 90       	pop	r11
     bc6:	af 90       	pop	r10
     bc8:	9f 90       	pop	r9
     bca:	8f 90       	pop	r8
     bcc:	7f 90       	pop	r7
     bce:	6f 90       	pop	r6
     bd0:	5f 90       	pop	r5
     bd2:	4f 90       	pop	r4
     bd4:	3f 90       	pop	r3
     bd6:	2f 90       	pop	r2
     bd8:	08 95       	ret

00000bda <putval>:
     bda:	20 fd       	sbrc	r18, 0
     bdc:	09 c0       	rjmp	.+18     	; 0xbf0 <putval+0x16>
     bde:	fc 01       	movw	r30, r24
     be0:	23 fd       	sbrc	r18, 3
     be2:	05 c0       	rjmp	.+10     	; 0xbee <putval+0x14>
     be4:	22 ff       	sbrs	r18, 2
     be6:	02 c0       	rjmp	.+4      	; 0xbec <putval+0x12>
     be8:	73 83       	std	Z+3, r23	; 0x03
     bea:	62 83       	std	Z+2, r22	; 0x02
     bec:	51 83       	std	Z+1, r21	; 0x01
     bee:	40 83       	st	Z, r20
     bf0:	08 95       	ret

00000bf2 <mulacc>:
     bf2:	44 fd       	sbrc	r20, 4
     bf4:	17 c0       	rjmp	.+46     	; 0xc24 <mulacc+0x32>
     bf6:	46 fd       	sbrc	r20, 6
     bf8:	17 c0       	rjmp	.+46     	; 0xc28 <mulacc+0x36>
     bfa:	ab 01       	movw	r20, r22
     bfc:	bc 01       	movw	r22, r24
     bfe:	da 01       	movw	r26, r20
     c00:	fb 01       	movw	r30, r22
     c02:	aa 0f       	add	r26, r26
     c04:	bb 1f       	adc	r27, r27
     c06:	ee 1f       	adc	r30, r30
     c08:	ff 1f       	adc	r31, r31
     c0a:	10 94       	com	r1
     c0c:	d1 f7       	brne	.-12     	; 0xc02 <mulacc+0x10>
     c0e:	4a 0f       	add	r20, r26
     c10:	5b 1f       	adc	r21, r27
     c12:	6e 1f       	adc	r22, r30
     c14:	7f 1f       	adc	r23, r31
     c16:	cb 01       	movw	r24, r22
     c18:	ba 01       	movw	r22, r20
     c1a:	66 0f       	add	r22, r22
     c1c:	77 1f       	adc	r23, r23
     c1e:	88 1f       	adc	r24, r24
     c20:	99 1f       	adc	r25, r25
     c22:	09 c0       	rjmp	.+18     	; 0xc36 <mulacc+0x44>
     c24:	33 e0       	ldi	r19, 0x03	; 3
     c26:	01 c0       	rjmp	.+2      	; 0xc2a <mulacc+0x38>
     c28:	34 e0       	ldi	r19, 0x04	; 4
     c2a:	66 0f       	add	r22, r22
     c2c:	77 1f       	adc	r23, r23
     c2e:	88 1f       	adc	r24, r24
     c30:	99 1f       	adc	r25, r25
     c32:	31 50       	subi	r19, 0x01	; 1
     c34:	d1 f7       	brne	.-12     	; 0xc2a <mulacc+0x38>
     c36:	62 0f       	add	r22, r18
     c38:	71 1d       	adc	r23, r1
     c3a:	81 1d       	adc	r24, r1
     c3c:	91 1d       	adc	r25, r1
     c3e:	08 95       	ret

00000c40 <skip_spaces>:
     c40:	0f 93       	push	r16
     c42:	1f 93       	push	r17
     c44:	cf 93       	push	r28
     c46:	df 93       	push	r29
     c48:	8c 01       	movw	r16, r24
     c4a:	c8 01       	movw	r24, r16
     c4c:	b8 d2       	rcall	.+1392   	; 0x11be <fgetc>
     c4e:	ec 01       	movw	r28, r24
     c50:	97 fd       	sbrc	r25, 7
     c52:	06 c0       	rjmp	.+12     	; 0xc60 <skip_spaces+0x20>
     c54:	8b d2       	rcall	.+1302   	; 0x116c <isspace>
     c56:	89 2b       	or	r24, r25
     c58:	c1 f7       	brne	.-16     	; 0xc4a <skip_spaces+0xa>
     c5a:	b8 01       	movw	r22, r16
     c5c:	ce 01       	movw	r24, r28
     c5e:	29 d3       	rcall	.+1618   	; 0x12b2 <ungetc>
     c60:	ce 01       	movw	r24, r28
     c62:	df 91       	pop	r29
     c64:	cf 91       	pop	r28
     c66:	1f 91       	pop	r17
     c68:	0f 91       	pop	r16
     c6a:	08 95       	ret

00000c6c <conv_int>:
     c6c:	8f 92       	push	r8
     c6e:	9f 92       	push	r9
     c70:	af 92       	push	r10
     c72:	bf 92       	push	r11
     c74:	ef 92       	push	r14
     c76:	ff 92       	push	r15
     c78:	0f 93       	push	r16
     c7a:	1f 93       	push	r17
     c7c:	cf 93       	push	r28
     c7e:	df 93       	push	r29
     c80:	8c 01       	movw	r16, r24
     c82:	d6 2f       	mov	r29, r22
     c84:	7a 01       	movw	r14, r20
     c86:	b2 2e       	mov	r11, r18
     c88:	9a d2       	rcall	.+1332   	; 0x11be <fgetc>
     c8a:	9c 01       	movw	r18, r24
     c8c:	33 27       	eor	r19, r19
     c8e:	2b 32       	cpi	r18, 0x2B	; 43
     c90:	31 05       	cpc	r19, r1
     c92:	31 f0       	breq	.+12     	; 0xca0 <conv_int+0x34>
     c94:	2d 32       	cpi	r18, 0x2D	; 45
     c96:	31 05       	cpc	r19, r1
     c98:	59 f4       	brne	.+22     	; 0xcb0 <conv_int+0x44>
     c9a:	8b 2d       	mov	r24, r11
     c9c:	80 68       	ori	r24, 0x80	; 128
     c9e:	b8 2e       	mov	r11, r24
     ca0:	d1 50       	subi	r29, 0x01	; 1
     ca2:	11 f4       	brne	.+4      	; 0xca8 <conv_int+0x3c>
     ca4:	80 e0       	ldi	r24, 0x00	; 0
     ca6:	61 c0       	rjmp	.+194    	; 0xd6a <conv_int+0xfe>
     ca8:	c8 01       	movw	r24, r16
     caa:	89 d2       	rcall	.+1298   	; 0x11be <fgetc>
     cac:	97 fd       	sbrc	r25, 7
     cae:	fa cf       	rjmp	.-12     	; 0xca4 <conv_int+0x38>
     cb0:	cb 2d       	mov	r28, r11
     cb2:	cd 7f       	andi	r28, 0xFD	; 253
     cb4:	2b 2d       	mov	r18, r11
     cb6:	20 73       	andi	r18, 0x30	; 48
     cb8:	f9 f4       	brne	.+62     	; 0xcf8 <conv_int+0x8c>
     cba:	80 33       	cpi	r24, 0x30	; 48
     cbc:	e9 f4       	brne	.+58     	; 0xcf8 <conv_int+0x8c>
     cbe:	aa 24       	eor	r10, r10
     cc0:	aa 94       	dec	r10
     cc2:	ad 0e       	add	r10, r29
     cc4:	09 f4       	brne	.+2      	; 0xcc8 <conv_int+0x5c>
     cc6:	3e c0       	rjmp	.+124    	; 0xd44 <conv_int+0xd8>
     cc8:	c8 01       	movw	r24, r16
     cca:	79 d2       	rcall	.+1266   	; 0x11be <fgetc>
     ccc:	97 fd       	sbrc	r25, 7
     cce:	3a c0       	rjmp	.+116    	; 0xd44 <conv_int+0xd8>
     cd0:	9c 01       	movw	r18, r24
     cd2:	2f 7d       	andi	r18, 0xDF	; 223
     cd4:	33 27       	eor	r19, r19
     cd6:	28 35       	cpi	r18, 0x58	; 88
     cd8:	31 05       	cpc	r19, r1
     cda:	41 f4       	brne	.+16     	; 0xcec <conv_int+0x80>
     cdc:	c2 64       	ori	r28, 0x42	; 66
     cde:	d2 50       	subi	r29, 0x02	; 2
     ce0:	89 f1       	breq	.+98     	; 0xd44 <conv_int+0xd8>
     ce2:	c8 01       	movw	r24, r16
     ce4:	6c d2       	rcall	.+1240   	; 0x11be <fgetc>
     ce6:	97 ff       	sbrs	r25, 7
     ce8:	07 c0       	rjmp	.+14     	; 0xcf8 <conv_int+0x8c>
     cea:	2c c0       	rjmp	.+88     	; 0xd44 <conv_int+0xd8>
     cec:	b6 fe       	sbrs	r11, 6
     cee:	02 c0       	rjmp	.+4      	; 0xcf4 <conv_int+0x88>
     cf0:	c2 60       	ori	r28, 0x02	; 2
     cf2:	01 c0       	rjmp	.+2      	; 0xcf6 <conv_int+0x8a>
     cf4:	c2 61       	ori	r28, 0x12	; 18
     cf6:	da 2d       	mov	r29, r10
     cf8:	81 2c       	mov	r8, r1
     cfa:	91 2c       	mov	r9, r1
     cfc:	54 01       	movw	r10, r8
     cfe:	20 ed       	ldi	r18, 0xD0	; 208
     d00:	28 0f       	add	r18, r24
     d02:	28 30       	cpi	r18, 0x08	; 8
     d04:	78 f0       	brcs	.+30     	; 0xd24 <conv_int+0xb8>
     d06:	c4 ff       	sbrs	r28, 4
     d08:	03 c0       	rjmp	.+6      	; 0xd10 <conv_int+0xa4>
     d0a:	b8 01       	movw	r22, r16
     d0c:	d2 d2       	rcall	.+1444   	; 0x12b2 <ungetc>
     d0e:	17 c0       	rjmp	.+46     	; 0xd3e <conv_int+0xd2>
     d10:	2a 30       	cpi	r18, 0x0A	; 10
     d12:	40 f0       	brcs	.+16     	; 0xd24 <conv_int+0xb8>
     d14:	c6 ff       	sbrs	r28, 6
     d16:	f9 cf       	rjmp	.-14     	; 0xd0a <conv_int+0x9e>
     d18:	2f 7d       	andi	r18, 0xDF	; 223
     d1a:	3f ee       	ldi	r19, 0xEF	; 239
     d1c:	32 0f       	add	r19, r18
     d1e:	36 30       	cpi	r19, 0x06	; 6
     d20:	a0 f7       	brcc	.-24     	; 0xd0a <conv_int+0x9e>
     d22:	27 50       	subi	r18, 0x07	; 7
     d24:	4c 2f       	mov	r20, r28
     d26:	c5 01       	movw	r24, r10
     d28:	b4 01       	movw	r22, r8
     d2a:	63 df       	rcall	.-314    	; 0xbf2 <mulacc>
     d2c:	4b 01       	movw	r8, r22
     d2e:	5c 01       	movw	r10, r24
     d30:	c2 60       	ori	r28, 0x02	; 2
     d32:	d1 50       	subi	r29, 0x01	; 1
     d34:	51 f0       	breq	.+20     	; 0xd4a <conv_int+0xde>
     d36:	c8 01       	movw	r24, r16
     d38:	42 d2       	rcall	.+1156   	; 0x11be <fgetc>
     d3a:	97 ff       	sbrs	r25, 7
     d3c:	e0 cf       	rjmp	.-64     	; 0xcfe <conv_int+0x92>
     d3e:	c1 fd       	sbrc	r28, 1
     d40:	04 c0       	rjmp	.+8      	; 0xd4a <conv_int+0xde>
     d42:	b0 cf       	rjmp	.-160    	; 0xca4 <conv_int+0x38>
     d44:	81 2c       	mov	r8, r1
     d46:	91 2c       	mov	r9, r1
     d48:	54 01       	movw	r10, r8
     d4a:	c7 ff       	sbrs	r28, 7
     d4c:	08 c0       	rjmp	.+16     	; 0xd5e <conv_int+0xf2>
     d4e:	b0 94       	com	r11
     d50:	a0 94       	com	r10
     d52:	90 94       	com	r9
     d54:	80 94       	com	r8
     d56:	81 1c       	adc	r8, r1
     d58:	91 1c       	adc	r9, r1
     d5a:	a1 1c       	adc	r10, r1
     d5c:	b1 1c       	adc	r11, r1
     d5e:	2c 2f       	mov	r18, r28
     d60:	b5 01       	movw	r22, r10
     d62:	a4 01       	movw	r20, r8
     d64:	c7 01       	movw	r24, r14
     d66:	39 df       	rcall	.-398    	; 0xbda <putval>
     d68:	81 e0       	ldi	r24, 0x01	; 1
     d6a:	df 91       	pop	r29
     d6c:	cf 91       	pop	r28
     d6e:	1f 91       	pop	r17
     d70:	0f 91       	pop	r16
     d72:	ff 90       	pop	r15
     d74:	ef 90       	pop	r14
     d76:	bf 90       	pop	r11
     d78:	af 90       	pop	r10
     d7a:	9f 90       	pop	r9
     d7c:	8f 90       	pop	r8
     d7e:	08 95       	ret

00000d80 <conv_brk>:
     d80:	5f 92       	push	r5
     d82:	6f 92       	push	r6
     d84:	7f 92       	push	r7
     d86:	8f 92       	push	r8
     d88:	9f 92       	push	r9
     d8a:	af 92       	push	r10
     d8c:	bf 92       	push	r11
     d8e:	cf 92       	push	r12
     d90:	df 92       	push	r13
     d92:	ef 92       	push	r14
     d94:	ff 92       	push	r15
     d96:	0f 93       	push	r16
     d98:	1f 93       	push	r17
     d9a:	cf 93       	push	r28
     d9c:	df 93       	push	r29
     d9e:	cd b7       	in	r28, 0x3d	; 61
     da0:	de b7       	in	r29, 0x3e	; 62
     da2:	a0 97       	sbiw	r28, 0x20	; 32
     da4:	0f b6       	in	r0, 0x3f	; 63
     da6:	f8 94       	cli
     da8:	de bf       	out	0x3e, r29	; 62
     daa:	0f be       	out	0x3f, r0	; 63
     dac:	cd bf       	out	0x3d, r28	; 61
     dae:	5c 01       	movw	r10, r24
     db0:	96 2e       	mov	r9, r22
     db2:	7a 01       	movw	r14, r20
     db4:	f9 01       	movw	r30, r18
     db6:	8e 01       	movw	r16, r28
     db8:	0f 5f       	subi	r16, 0xFF	; 255
     dba:	1f 4f       	sbci	r17, 0xFF	; 255
     dbc:	68 01       	movw	r12, r16
     dbe:	80 e2       	ldi	r24, 0x20	; 32
     dc0:	d8 01       	movw	r26, r16
     dc2:	1d 92       	st	X+, r1
     dc4:	8a 95       	dec	r24
     dc6:	e9 f7       	brne	.-6      	; 0xdc2 <conv_brk+0x42>
     dc8:	d5 01       	movw	r26, r10
     dca:	13 96       	adiw	r26, 0x03	; 3
     dcc:	8c 90       	ld	r8, X
     dce:	80 e0       	ldi	r24, 0x00	; 0
     dd0:	90 e0       	ldi	r25, 0x00	; 0
     dd2:	61 2c       	mov	r6, r1
     dd4:	71 2c       	mov	r7, r1
     dd6:	30 e0       	ldi	r19, 0x00	; 0
     dd8:	61 e0       	ldi	r22, 0x01	; 1
     dda:	70 e0       	ldi	r23, 0x00	; 0
     ddc:	83 fc       	sbrc	r8, 3
     dde:	25 91       	lpm	r18, Z+
     de0:	83 fe       	sbrs	r8, 3
     de2:	21 91       	ld	r18, Z+
     de4:	8f 01       	movw	r16, r30
     de6:	52 2e       	mov	r5, r18
     de8:	21 11       	cpse	r18, r1
     dea:	03 c0       	rjmp	.+6      	; 0xdf2 <conv_brk+0x72>
     dec:	80 e0       	ldi	r24, 0x00	; 0
     dee:	90 e0       	ldi	r25, 0x00	; 0
     df0:	90 c0       	rjmp	.+288    	; 0xf12 <conv_brk+0x192>
     df2:	2e 35       	cpi	r18, 0x5E	; 94
     df4:	11 f4       	brne	.+4      	; 0xdfa <conv_brk+0x7a>
     df6:	00 97       	sbiw	r24, 0x00	; 0
     df8:	51 f1       	breq	.+84     	; 0xe4e <conv_brk+0xce>
     dfa:	43 2f       	mov	r20, r19
     dfc:	50 e0       	ldi	r21, 0x00	; 0
     dfe:	48 17       	cp	r20, r24
     e00:	59 07       	cpc	r21, r25
     e02:	3c f4       	brge	.+14     	; 0xe12 <conv_brk+0x92>
     e04:	2d 35       	cpi	r18, 0x5D	; 93
     e06:	59 f1       	breq	.+86     	; 0xe5e <conv_brk+0xde>
     e08:	2d 32       	cpi	r18, 0x2D	; 45
     e0a:	19 f4       	brne	.+6      	; 0xe12 <conv_brk+0x92>
     e0c:	77 20       	and	r7, r7
     e0e:	09 f1       	breq	.+66     	; 0xe52 <conv_brk+0xd2>
     e10:	03 c0       	rjmp	.+6      	; 0xe18 <conv_brk+0x98>
     e12:	77 20       	and	r7, r7
     e14:	09 f4       	brne	.+2      	; 0xe18 <conv_brk+0x98>
     e16:	68 c0       	rjmp	.+208    	; 0xee8 <conv_brk+0x168>
     e18:	45 2d       	mov	r20, r5
     e1a:	46 95       	lsr	r20
     e1c:	46 95       	lsr	r20
     e1e:	46 95       	lsr	r20
     e20:	d6 01       	movw	r26, r12
     e22:	a4 0f       	add	r26, r20
     e24:	b1 1d       	adc	r27, r1
     e26:	45 2d       	mov	r20, r5
     e28:	47 70       	andi	r20, 0x07	; 7
     e2a:	8b 01       	movw	r16, r22
     e2c:	02 c0       	rjmp	.+4      	; 0xe32 <conv_brk+0xb2>
     e2e:	00 0f       	add	r16, r16
     e30:	11 1f       	adc	r17, r17
     e32:	4a 95       	dec	r20
     e34:	e2 f7       	brpl	.-8      	; 0xe2e <conv_brk+0xae>
     e36:	a8 01       	movw	r20, r16
     e38:	5c 91       	ld	r21, X
     e3a:	45 2b       	or	r20, r21
     e3c:	4c 93       	st	X, r20
     e3e:	65 14       	cp	r6, r5
     e40:	59 f0       	breq	.+22     	; 0xe58 <conv_brk+0xd8>
     e42:	56 14       	cp	r5, r6
     e44:	10 f4       	brcc	.+4      	; 0xe4a <conv_brk+0xca>
     e46:	53 94       	inc	r5
     e48:	e7 cf       	rjmp	.-50     	; 0xe18 <conv_brk+0x98>
     e4a:	5a 94       	dec	r5
     e4c:	e5 cf       	rjmp	.-54     	; 0xe18 <conv_brk+0x98>
     e4e:	31 e0       	ldi	r19, 0x01	; 1
     e50:	04 c0       	rjmp	.+8      	; 0xe5a <conv_brk+0xda>
     e52:	77 24       	eor	r7, r7
     e54:	73 94       	inc	r7
     e56:	01 c0       	rjmp	.+2      	; 0xe5a <conv_brk+0xda>
     e58:	71 2c       	mov	r7, r1
     e5a:	01 96       	adiw	r24, 0x01	; 1
     e5c:	bf cf       	rjmp	.-130    	; 0xddc <conv_brk+0x5c>
     e5e:	77 20       	and	r7, r7
     e60:	19 f0       	breq	.+6      	; 0xe68 <conv_brk+0xe8>
     e62:	8e 81       	ldd	r24, Y+6	; 0x06
     e64:	80 62       	ori	r24, 0x20	; 32
     e66:	8e 83       	std	Y+6, r24	; 0x06
     e68:	31 11       	cpse	r19, r1
     e6a:	03 c0       	rjmp	.+6      	; 0xe72 <conv_brk+0xf2>
     e6c:	88 24       	eor	r8, r8
     e6e:	83 94       	inc	r8
     e70:	17 c0       	rjmp	.+46     	; 0xea0 <conv_brk+0x120>
     e72:	f6 01       	movw	r30, r12
     e74:	9e 01       	movw	r18, r28
     e76:	2f 5d       	subi	r18, 0xDF	; 223
     e78:	3f 4f       	sbci	r19, 0xFF	; 255
     e7a:	80 81       	ld	r24, Z
     e7c:	80 95       	com	r24
     e7e:	81 93       	st	Z+, r24
     e80:	2e 17       	cp	r18, r30
     e82:	3f 07       	cpc	r19, r31
     e84:	d1 f7       	brne	.-12     	; 0xe7a <conv_brk+0xfa>
     e86:	f2 cf       	rjmp	.-28     	; 0xe6c <conv_brk+0xec>
     e88:	e1 14       	cp	r14, r1
     e8a:	f1 04       	cpc	r15, r1
     e8c:	29 f0       	breq	.+10     	; 0xe98 <conv_brk+0x118>
     e8e:	d7 01       	movw	r26, r14
     e90:	8c 93       	st	X, r24
     e92:	f7 01       	movw	r30, r14
     e94:	31 96       	adiw	r30, 0x01	; 1
     e96:	7f 01       	movw	r14, r30
     e98:	9a 94       	dec	r9
     e9a:	81 2c       	mov	r8, r1
     e9c:	99 20       	and	r9, r9
     e9e:	e9 f0       	breq	.+58     	; 0xeda <conv_brk+0x15a>
     ea0:	c5 01       	movw	r24, r10
     ea2:	8d d1       	rcall	.+794    	; 0x11be <fgetc>
     ea4:	97 fd       	sbrc	r25, 7
     ea6:	17 c0       	rjmp	.+46     	; 0xed6 <conv_brk+0x156>
     ea8:	fc 01       	movw	r30, r24
     eaa:	ff 27       	eor	r31, r31
     eac:	23 e0       	ldi	r18, 0x03	; 3
     eae:	f5 95       	asr	r31
     eb0:	e7 95       	ror	r30
     eb2:	2a 95       	dec	r18
     eb4:	e1 f7       	brne	.-8      	; 0xeae <conv_brk+0x12e>
     eb6:	ec 0d       	add	r30, r12
     eb8:	fd 1d       	adc	r31, r13
     eba:	20 81       	ld	r18, Z
     ebc:	30 e0       	ldi	r19, 0x00	; 0
     ebe:	ac 01       	movw	r20, r24
     ec0:	47 70       	andi	r20, 0x07	; 7
     ec2:	55 27       	eor	r21, r21
     ec4:	02 c0       	rjmp	.+4      	; 0xeca <conv_brk+0x14a>
     ec6:	35 95       	asr	r19
     ec8:	27 95       	ror	r18
     eca:	4a 95       	dec	r20
     ecc:	e2 f7       	brpl	.-8      	; 0xec6 <conv_brk+0x146>
     ece:	20 fd       	sbrc	r18, 0
     ed0:	db cf       	rjmp	.-74     	; 0xe88 <conv_brk+0x108>
     ed2:	b5 01       	movw	r22, r10
     ed4:	ee d1       	rcall	.+988    	; 0x12b2 <ungetc>
     ed6:	81 10       	cpse	r8, r1
     ed8:	89 cf       	rjmp	.-238    	; 0xdec <conv_brk+0x6c>
     eda:	e1 14       	cp	r14, r1
     edc:	f1 04       	cpc	r15, r1
     ede:	11 f0       	breq	.+4      	; 0xee4 <conv_brk+0x164>
     ee0:	d7 01       	movw	r26, r14
     ee2:	1c 92       	st	X, r1
     ee4:	c8 01       	movw	r24, r16
     ee6:	15 c0       	rjmp	.+42     	; 0xf12 <conv_brk+0x192>
     ee8:	42 2f       	mov	r20, r18
     eea:	46 95       	lsr	r20
     eec:	46 95       	lsr	r20
     eee:	46 95       	lsr	r20
     ef0:	d6 01       	movw	r26, r12
     ef2:	a4 0f       	add	r26, r20
     ef4:	b1 1d       	adc	r27, r1
     ef6:	42 2f       	mov	r20, r18
     ef8:	47 70       	andi	r20, 0x07	; 7
     efa:	8b 01       	movw	r16, r22
     efc:	02 c0       	rjmp	.+4      	; 0xf02 <conv_brk+0x182>
     efe:	00 0f       	add	r16, r16
     f00:	11 1f       	adc	r17, r17
     f02:	4a 95       	dec	r20
     f04:	e2 f7       	brpl	.-8      	; 0xefe <conv_brk+0x17e>
     f06:	a8 01       	movw	r20, r16
     f08:	5c 91       	ld	r21, X
     f0a:	45 2b       	or	r20, r21
     f0c:	4c 93       	st	X, r20
     f0e:	62 2e       	mov	r6, r18
     f10:	a4 cf       	rjmp	.-184    	; 0xe5a <conv_brk+0xda>
     f12:	a0 96       	adiw	r28, 0x20	; 32
     f14:	0f b6       	in	r0, 0x3f	; 63
     f16:	f8 94       	cli
     f18:	de bf       	out	0x3e, r29	; 62
     f1a:	0f be       	out	0x3f, r0	; 63
     f1c:	cd bf       	out	0x3d, r28	; 61
     f1e:	df 91       	pop	r29
     f20:	cf 91       	pop	r28
     f22:	1f 91       	pop	r17
     f24:	0f 91       	pop	r16
     f26:	ff 90       	pop	r15
     f28:	ef 90       	pop	r14
     f2a:	df 90       	pop	r13
     f2c:	cf 90       	pop	r12
     f2e:	bf 90       	pop	r11
     f30:	af 90       	pop	r10
     f32:	9f 90       	pop	r9
     f34:	8f 90       	pop	r8
     f36:	7f 90       	pop	r7
     f38:	6f 90       	pop	r6
     f3a:	5f 90       	pop	r5
     f3c:	08 95       	ret

00000f3e <vfscanf>:
     f3e:	5f 92       	push	r5
     f40:	6f 92       	push	r6
     f42:	7f 92       	push	r7
     f44:	8f 92       	push	r8
     f46:	9f 92       	push	r9
     f48:	af 92       	push	r10
     f4a:	bf 92       	push	r11
     f4c:	cf 92       	push	r12
     f4e:	df 92       	push	r13
     f50:	ef 92       	push	r14
     f52:	ff 92       	push	r15
     f54:	0f 93       	push	r16
     f56:	1f 93       	push	r17
     f58:	cf 93       	push	r28
     f5a:	df 93       	push	r29
     f5c:	6c 01       	movw	r12, r24
     f5e:	eb 01       	movw	r28, r22
     f60:	5a 01       	movw	r10, r20
     f62:	fc 01       	movw	r30, r24
     f64:	17 82       	std	Z+7, r1	; 0x07
     f66:	16 82       	std	Z+6, r1	; 0x06
     f68:	51 2c       	mov	r5, r1
     f6a:	f6 01       	movw	r30, r12
     f6c:	e3 80       	ldd	r14, Z+3	; 0x03
     f6e:	fe 01       	movw	r30, r28
     f70:	e3 fc       	sbrc	r14, 3
     f72:	85 91       	lpm	r24, Z+
     f74:	e3 fe       	sbrs	r14, 3
     f76:	81 91       	ld	r24, Z+
     f78:	18 2f       	mov	r17, r24
     f7a:	ef 01       	movw	r28, r30
     f7c:	88 23       	and	r24, r24
     f7e:	09 f4       	brne	.+2      	; 0xf82 <vfscanf+0x44>
     f80:	e0 c0       	rjmp	.+448    	; 0x1142 <__stack+0x43>
     f82:	90 e0       	ldi	r25, 0x00	; 0
     f84:	f3 d0       	rcall	.+486    	; 0x116c <isspace>
     f86:	89 2b       	or	r24, r25
     f88:	19 f0       	breq	.+6      	; 0xf90 <vfscanf+0x52>
     f8a:	c6 01       	movw	r24, r12
     f8c:	59 de       	rcall	.-846    	; 0xc40 <skip_spaces>
     f8e:	ed cf       	rjmp	.-38     	; 0xf6a <vfscanf+0x2c>
     f90:	15 32       	cpi	r17, 0x25	; 37
     f92:	41 f4       	brne	.+16     	; 0xfa4 <vfscanf+0x66>
     f94:	fe 01       	movw	r30, r28
     f96:	e3 fc       	sbrc	r14, 3
     f98:	15 91       	lpm	r17, Z+
     f9a:	e3 fe       	sbrs	r14, 3
     f9c:	11 91       	ld	r17, Z+
     f9e:	ef 01       	movw	r28, r30
     fa0:	15 32       	cpi	r17, 0x25	; 37
     fa2:	71 f4       	brne	.+28     	; 0xfc0 <vfscanf+0x82>
     fa4:	c6 01       	movw	r24, r12
     fa6:	0b d1       	rcall	.+534    	; 0x11be <fgetc>
     fa8:	97 fd       	sbrc	r25, 7
     faa:	c9 c0       	rjmp	.+402    	; 0x113e <__stack+0x3f>
     fac:	41 2f       	mov	r20, r17
     fae:	50 e0       	ldi	r21, 0x00	; 0
     fb0:	9c 01       	movw	r18, r24
     fb2:	33 27       	eor	r19, r19
     fb4:	24 17       	cp	r18, r20
     fb6:	35 07       	cpc	r19, r21
     fb8:	c1 f2       	breq	.-80     	; 0xf6a <vfscanf+0x2c>
     fba:	b6 01       	movw	r22, r12
     fbc:	7a d1       	rcall	.+756    	; 0x12b2 <ungetc>
     fbe:	c1 c0       	rjmp	.+386    	; 0x1142 <__stack+0x43>
     fc0:	1a 32       	cpi	r17, 0x2A	; 42
     fc2:	39 f4       	brne	.+14     	; 0xfd2 <vfscanf+0x94>
     fc4:	e3 fc       	sbrc	r14, 3
     fc6:	15 91       	lpm	r17, Z+
     fc8:	e3 fe       	sbrs	r14, 3
     fca:	11 91       	ld	r17, Z+
     fcc:	ef 01       	movw	r28, r30
     fce:	01 e0       	ldi	r16, 0x01	; 1
     fd0:	01 c0       	rjmp	.+2      	; 0xfd4 <vfscanf+0x96>
     fd2:	00 e0       	ldi	r16, 0x00	; 0
     fd4:	f1 2c       	mov	r15, r1
     fd6:	20 ed       	ldi	r18, 0xD0	; 208
     fd8:	21 0f       	add	r18, r17
     fda:	2a 30       	cpi	r18, 0x0A	; 10
     fdc:	78 f4       	brcc	.+30     	; 0xffc <vfscanf+0xbe>
     fde:	02 60       	ori	r16, 0x02	; 2
     fe0:	6f 2d       	mov	r22, r15
     fe2:	70 e0       	ldi	r23, 0x00	; 0
     fe4:	80 e0       	ldi	r24, 0x00	; 0
     fe6:	90 e0       	ldi	r25, 0x00	; 0
     fe8:	40 e2       	ldi	r20, 0x20	; 32
     fea:	03 de       	rcall	.-1018   	; 0xbf2 <mulacc>
     fec:	f6 2e       	mov	r15, r22
     fee:	fe 01       	movw	r30, r28
     ff0:	e3 fc       	sbrc	r14, 3
     ff2:	15 91       	lpm	r17, Z+
     ff4:	e3 fe       	sbrs	r14, 3
     ff6:	11 91       	ld	r17, Z+
     ff8:	ef 01       	movw	r28, r30
     ffa:	ed cf       	rjmp	.-38     	; 0xfd6 <vfscanf+0x98>
     ffc:	01 ff       	sbrs	r16, 1
     ffe:	03 c0       	rjmp	.+6      	; 0x1006 <__DATA_REGION_LENGTH__+0x6>
    1000:	f1 10       	cpse	r15, r1
    1002:	03 c0       	rjmp	.+6      	; 0x100a <__DATA_REGION_LENGTH__+0xa>
    1004:	9e c0       	rjmp	.+316    	; 0x1142 <__stack+0x43>
    1006:	ff 24       	eor	r15, r15
    1008:	fa 94       	dec	r15
    100a:	18 36       	cpi	r17, 0x68	; 104
    100c:	19 f0       	breq	.+6      	; 0x1014 <__DATA_REGION_LENGTH__+0x14>
    100e:	1c 36       	cpi	r17, 0x6C	; 108
    1010:	51 f0       	breq	.+20     	; 0x1026 <__DATA_REGION_LENGTH__+0x26>
    1012:	10 c0       	rjmp	.+32     	; 0x1034 <__DATA_REGION_LENGTH__+0x34>
    1014:	fe 01       	movw	r30, r28
    1016:	e3 fc       	sbrc	r14, 3
    1018:	15 91       	lpm	r17, Z+
    101a:	e3 fe       	sbrs	r14, 3
    101c:	11 91       	ld	r17, Z+
    101e:	ef 01       	movw	r28, r30
    1020:	18 36       	cpi	r17, 0x68	; 104
    1022:	41 f4       	brne	.+16     	; 0x1034 <__DATA_REGION_LENGTH__+0x34>
    1024:	08 60       	ori	r16, 0x08	; 8
    1026:	04 60       	ori	r16, 0x04	; 4
    1028:	fe 01       	movw	r30, r28
    102a:	e3 fc       	sbrc	r14, 3
    102c:	15 91       	lpm	r17, Z+
    102e:	e3 fe       	sbrs	r14, 3
    1030:	11 91       	ld	r17, Z+
    1032:	ef 01       	movw	r28, r30
    1034:	11 23       	and	r17, r17
    1036:	09 f4       	brne	.+2      	; 0x103a <__DATA_REGION_LENGTH__+0x3a>
    1038:	84 c0       	rjmp	.+264    	; 0x1142 <__stack+0x43>
    103a:	61 2f       	mov	r22, r17
    103c:	70 e0       	ldi	r23, 0x00	; 0
    103e:	8c e8       	ldi	r24, 0x8C	; 140
    1040:	90 e0       	ldi	r25, 0x00	; 0
    1042:	9c d0       	rcall	.+312    	; 0x117c <strchr_P>
    1044:	89 2b       	or	r24, r25
    1046:	09 f4       	brne	.+2      	; 0x104a <__DATA_REGION_LENGTH__+0x4a>
    1048:	7c c0       	rjmp	.+248    	; 0x1142 <__stack+0x43>
    104a:	00 fd       	sbrc	r16, 0
    104c:	07 c0       	rjmp	.+14     	; 0x105c <__DATA_REGION_LENGTH__+0x5c>
    104e:	f5 01       	movw	r30, r10
    1050:	80 80       	ld	r8, Z
    1052:	91 80       	ldd	r9, Z+1	; 0x01
    1054:	c5 01       	movw	r24, r10
    1056:	02 96       	adiw	r24, 0x02	; 2
    1058:	5c 01       	movw	r10, r24
    105a:	02 c0       	rjmp	.+4      	; 0x1060 <__DATA_REGION_LENGTH__+0x60>
    105c:	81 2c       	mov	r8, r1
    105e:	91 2c       	mov	r9, r1
    1060:	1e 36       	cpi	r17, 0x6E	; 110
    1062:	49 f4       	brne	.+18     	; 0x1076 <__DATA_REGION_LENGTH__+0x76>
    1064:	f6 01       	movw	r30, r12
    1066:	46 81       	ldd	r20, Z+6	; 0x06
    1068:	57 81       	ldd	r21, Z+7	; 0x07
    106a:	60 e0       	ldi	r22, 0x00	; 0
    106c:	70 e0       	ldi	r23, 0x00	; 0
    106e:	20 2f       	mov	r18, r16
    1070:	c4 01       	movw	r24, r8
    1072:	b3 dd       	rcall	.-1178   	; 0xbda <putval>
    1074:	7a cf       	rjmp	.-268    	; 0xf6a <vfscanf+0x2c>
    1076:	13 36       	cpi	r17, 0x63	; 99
    1078:	a1 f4       	brne	.+40     	; 0x10a2 <__DATA_REGION_LENGTH__+0xa2>
    107a:	01 fd       	sbrc	r16, 1
    107c:	02 c0       	rjmp	.+4      	; 0x1082 <__DATA_REGION_LENGTH__+0x82>
    107e:	ff 24       	eor	r15, r15
    1080:	f3 94       	inc	r15
    1082:	c6 01       	movw	r24, r12
    1084:	9c d0       	rcall	.+312    	; 0x11be <fgetc>
    1086:	97 fd       	sbrc	r25, 7
    1088:	5a c0       	rjmp	.+180    	; 0x113e <__stack+0x3f>
    108a:	81 14       	cp	r8, r1
    108c:	91 04       	cpc	r9, r1
    108e:	29 f0       	breq	.+10     	; 0x109a <__DATA_REGION_LENGTH__+0x9a>
    1090:	f4 01       	movw	r30, r8
    1092:	80 83       	st	Z, r24
    1094:	c4 01       	movw	r24, r8
    1096:	01 96       	adiw	r24, 0x01	; 1
    1098:	4c 01       	movw	r8, r24
    109a:	fa 94       	dec	r15
    109c:	f1 10       	cpse	r15, r1
    109e:	f1 cf       	rjmp	.-30     	; 0x1082 <__DATA_REGION_LENGTH__+0x82>
    10a0:	4a c0       	rjmp	.+148    	; 0x1136 <__stack+0x37>
    10a2:	1b 35       	cpi	r17, 0x5B	; 91
    10a4:	51 f4       	brne	.+20     	; 0x10ba <__DATA_REGION_LENGTH__+0xba>
    10a6:	9e 01       	movw	r18, r28
    10a8:	a4 01       	movw	r20, r8
    10aa:	6f 2d       	mov	r22, r15
    10ac:	c6 01       	movw	r24, r12
    10ae:	68 de       	rcall	.-816    	; 0xd80 <conv_brk>
    10b0:	ec 01       	movw	r28, r24
    10b2:	89 2b       	or	r24, r25
    10b4:	09 f0       	breq	.+2      	; 0x10b8 <__DATA_REGION_LENGTH__+0xb8>
    10b6:	3f c0       	rjmp	.+126    	; 0x1136 <__stack+0x37>
    10b8:	39 c0       	rjmp	.+114    	; 0x112c <__stack+0x2d>
    10ba:	c6 01       	movw	r24, r12
    10bc:	c1 dd       	rcall	.-1150   	; 0xc40 <skip_spaces>
    10be:	97 fd       	sbrc	r25, 7
    10c0:	3e c0       	rjmp	.+124    	; 0x113e <__stack+0x3f>
    10c2:	1f 36       	cpi	r17, 0x6F	; 111
    10c4:	49 f1       	breq	.+82     	; 0x1118 <__stack+0x19>
    10c6:	28 f4       	brcc	.+10     	; 0x10d2 <__DATA_REGION_LENGTH__+0xd2>
    10c8:	14 36       	cpi	r17, 0x64	; 100
    10ca:	21 f1       	breq	.+72     	; 0x1114 <__stack+0x15>
    10cc:	19 36       	cpi	r17, 0x69	; 105
    10ce:	39 f1       	breq	.+78     	; 0x111e <__stack+0x1f>
    10d0:	25 c0       	rjmp	.+74     	; 0x111c <__stack+0x1d>
    10d2:	13 37       	cpi	r17, 0x73	; 115
    10d4:	71 f0       	breq	.+28     	; 0x10f2 <__DATA_REGION_LENGTH__+0xf2>
    10d6:	15 37       	cpi	r17, 0x75	; 117
    10d8:	e9 f0       	breq	.+58     	; 0x1114 <__stack+0x15>
    10da:	20 c0       	rjmp	.+64     	; 0x111c <__stack+0x1d>
    10dc:	81 14       	cp	r8, r1
    10de:	91 04       	cpc	r9, r1
    10e0:	29 f0       	breq	.+10     	; 0x10ec <__DATA_REGION_LENGTH__+0xec>
    10e2:	f4 01       	movw	r30, r8
    10e4:	60 82       	st	Z, r6
    10e6:	c4 01       	movw	r24, r8
    10e8:	01 96       	adiw	r24, 0x01	; 1
    10ea:	4c 01       	movw	r8, r24
    10ec:	fa 94       	dec	r15
    10ee:	ff 20       	and	r15, r15
    10f0:	59 f0       	breq	.+22     	; 0x1108 <__stack+0x9>
    10f2:	c6 01       	movw	r24, r12
    10f4:	64 d0       	rcall	.+200    	; 0x11be <fgetc>
    10f6:	3c 01       	movw	r6, r24
    10f8:	97 fd       	sbrc	r25, 7
    10fa:	06 c0       	rjmp	.+12     	; 0x1108 <__stack+0x9>
    10fc:	37 d0       	rcall	.+110    	; 0x116c <isspace>
    10fe:	89 2b       	or	r24, r25
    1100:	69 f3       	breq	.-38     	; 0x10dc <__DATA_REGION_LENGTH__+0xdc>
    1102:	b6 01       	movw	r22, r12
    1104:	c3 01       	movw	r24, r6
    1106:	d5 d0       	rcall	.+426    	; 0x12b2 <ungetc>
    1108:	81 14       	cp	r8, r1
    110a:	91 04       	cpc	r9, r1
    110c:	a1 f0       	breq	.+40     	; 0x1136 <__stack+0x37>
    110e:	f4 01       	movw	r30, r8
    1110:	10 82       	st	Z, r1
    1112:	11 c0       	rjmp	.+34     	; 0x1136 <__stack+0x37>
    1114:	00 62       	ori	r16, 0x20	; 32
    1116:	03 c0       	rjmp	.+6      	; 0x111e <__stack+0x1f>
    1118:	00 61       	ori	r16, 0x10	; 16
    111a:	01 c0       	rjmp	.+2      	; 0x111e <__stack+0x1f>
    111c:	00 64       	ori	r16, 0x40	; 64
    111e:	20 2f       	mov	r18, r16
    1120:	a4 01       	movw	r20, r8
    1122:	6f 2d       	mov	r22, r15
    1124:	c6 01       	movw	r24, r12
    1126:	a2 dd       	rcall	.-1212   	; 0xc6c <conv_int>
    1128:	81 11       	cpse	r24, r1
    112a:	05 c0       	rjmp	.+10     	; 0x1136 <__stack+0x37>
    112c:	f6 01       	movw	r30, r12
    112e:	83 81       	ldd	r24, Z+3	; 0x03
    1130:	80 73       	andi	r24, 0x30	; 48
    1132:	29 f4       	brne	.+10     	; 0x113e <__stack+0x3f>
    1134:	06 c0       	rjmp	.+12     	; 0x1142 <__stack+0x43>
    1136:	00 fd       	sbrc	r16, 0
    1138:	18 cf       	rjmp	.-464    	; 0xf6a <vfscanf+0x2c>
    113a:	53 94       	inc	r5
    113c:	16 cf       	rjmp	.-468    	; 0xf6a <vfscanf+0x2c>
    113e:	55 20       	and	r5, r5
    1140:	19 f0       	breq	.+6      	; 0x1148 <__stack+0x49>
    1142:	85 2d       	mov	r24, r5
    1144:	90 e0       	ldi	r25, 0x00	; 0
    1146:	02 c0       	rjmp	.+4      	; 0x114c <__stack+0x4d>
    1148:	8f ef       	ldi	r24, 0xFF	; 255
    114a:	9f ef       	ldi	r25, 0xFF	; 255
    114c:	df 91       	pop	r29
    114e:	cf 91       	pop	r28
    1150:	1f 91       	pop	r17
    1152:	0f 91       	pop	r16
    1154:	ff 90       	pop	r15
    1156:	ef 90       	pop	r14
    1158:	df 90       	pop	r13
    115a:	cf 90       	pop	r12
    115c:	bf 90       	pop	r11
    115e:	af 90       	pop	r10
    1160:	9f 90       	pop	r9
    1162:	8f 90       	pop	r8
    1164:	7f 90       	pop	r7
    1166:	6f 90       	pop	r6
    1168:	5f 90       	pop	r5
    116a:	08 95       	ret

0000116c <isspace>:
    116c:	91 11       	cpse	r25, r1
    116e:	18 c1       	rjmp	.+560    	; 0x13a0 <__ctype_isfalse>
    1170:	80 32       	cpi	r24, 0x20	; 32
    1172:	19 f0       	breq	.+6      	; 0x117a <isspace+0xe>
    1174:	89 50       	subi	r24, 0x09	; 9
    1176:	85 50       	subi	r24, 0x05	; 5
    1178:	d0 f7       	brcc	.-12     	; 0x116e <isspace+0x2>
    117a:	08 95       	ret

0000117c <strchr_P>:
    117c:	fc 01       	movw	r30, r24
    117e:	05 90       	lpm	r0, Z+
    1180:	06 16       	cp	r0, r22
    1182:	21 f0       	breq	.+8      	; 0x118c <strchr_P+0x10>
    1184:	00 20       	and	r0, r0
    1186:	d9 f7       	brne	.-10     	; 0x117e <strchr_P+0x2>
    1188:	c0 01       	movw	r24, r0
    118a:	08 95       	ret
    118c:	31 97       	sbiw	r30, 0x01	; 1
    118e:	cf 01       	movw	r24, r30
    1190:	08 95       	ret

00001192 <strnlen_P>:
    1192:	fc 01       	movw	r30, r24
    1194:	05 90       	lpm	r0, Z+
    1196:	61 50       	subi	r22, 0x01	; 1
    1198:	70 40       	sbci	r23, 0x00	; 0
    119a:	01 10       	cpse	r0, r1
    119c:	d8 f7       	brcc	.-10     	; 0x1194 <strnlen_P+0x2>
    119e:	80 95       	com	r24
    11a0:	90 95       	com	r25
    11a2:	8e 0f       	add	r24, r30
    11a4:	9f 1f       	adc	r25, r31
    11a6:	08 95       	ret

000011a8 <strnlen>:
    11a8:	fc 01       	movw	r30, r24
    11aa:	61 50       	subi	r22, 0x01	; 1
    11ac:	70 40       	sbci	r23, 0x00	; 0
    11ae:	01 90       	ld	r0, Z+
    11b0:	01 10       	cpse	r0, r1
    11b2:	d8 f7       	brcc	.-10     	; 0x11aa <strnlen+0x2>
    11b4:	80 95       	com	r24
    11b6:	90 95       	com	r25
    11b8:	8e 0f       	add	r24, r30
    11ba:	9f 1f       	adc	r25, r31
    11bc:	08 95       	ret

000011be <fgetc>:
    11be:	cf 93       	push	r28
    11c0:	df 93       	push	r29
    11c2:	ec 01       	movw	r28, r24
    11c4:	2b 81       	ldd	r18, Y+3	; 0x03
    11c6:	20 ff       	sbrs	r18, 0
    11c8:	33 c0       	rjmp	.+102    	; 0x1230 <fgetc+0x72>
    11ca:	26 ff       	sbrs	r18, 6
    11cc:	0a c0       	rjmp	.+20     	; 0x11e2 <fgetc+0x24>
    11ce:	2f 7b       	andi	r18, 0xBF	; 191
    11d0:	2b 83       	std	Y+3, r18	; 0x03
    11d2:	8e 81       	ldd	r24, Y+6	; 0x06
    11d4:	9f 81       	ldd	r25, Y+7	; 0x07
    11d6:	01 96       	adiw	r24, 0x01	; 1
    11d8:	9f 83       	std	Y+7, r25	; 0x07
    11da:	8e 83       	std	Y+6, r24	; 0x06
    11dc:	8a 81       	ldd	r24, Y+2	; 0x02
    11de:	90 e0       	ldi	r25, 0x00	; 0
    11e0:	29 c0       	rjmp	.+82     	; 0x1234 <fgetc+0x76>
    11e2:	22 ff       	sbrs	r18, 2
    11e4:	0f c0       	rjmp	.+30     	; 0x1204 <fgetc+0x46>
    11e6:	e8 81       	ld	r30, Y
    11e8:	f9 81       	ldd	r31, Y+1	; 0x01
    11ea:	80 81       	ld	r24, Z
    11ec:	08 2e       	mov	r0, r24
    11ee:	00 0c       	add	r0, r0
    11f0:	99 0b       	sbc	r25, r25
    11f2:	00 97       	sbiw	r24, 0x00	; 0
    11f4:	19 f4       	brne	.+6      	; 0x11fc <fgetc+0x3e>
    11f6:	20 62       	ori	r18, 0x20	; 32
    11f8:	2b 83       	std	Y+3, r18	; 0x03
    11fa:	1a c0       	rjmp	.+52     	; 0x1230 <fgetc+0x72>
    11fc:	31 96       	adiw	r30, 0x01	; 1
    11fe:	f9 83       	std	Y+1, r31	; 0x01
    1200:	e8 83       	st	Y, r30
    1202:	0e c0       	rjmp	.+28     	; 0x1220 <fgetc+0x62>
    1204:	ea 85       	ldd	r30, Y+10	; 0x0a
    1206:	fb 85       	ldd	r31, Y+11	; 0x0b
    1208:	09 95       	icall
    120a:	97 ff       	sbrs	r25, 7
    120c:	09 c0       	rjmp	.+18     	; 0x1220 <fgetc+0x62>
    120e:	2b 81       	ldd	r18, Y+3	; 0x03
    1210:	01 96       	adiw	r24, 0x01	; 1
    1212:	11 f0       	breq	.+4      	; 0x1218 <fgetc+0x5a>
    1214:	80 e2       	ldi	r24, 0x20	; 32
    1216:	01 c0       	rjmp	.+2      	; 0x121a <fgetc+0x5c>
    1218:	80 e1       	ldi	r24, 0x10	; 16
    121a:	82 2b       	or	r24, r18
    121c:	8b 83       	std	Y+3, r24	; 0x03
    121e:	08 c0       	rjmp	.+16     	; 0x1230 <fgetc+0x72>
    1220:	2e 81       	ldd	r18, Y+6	; 0x06
    1222:	3f 81       	ldd	r19, Y+7	; 0x07
    1224:	2f 5f       	subi	r18, 0xFF	; 255
    1226:	3f 4f       	sbci	r19, 0xFF	; 255
    1228:	3f 83       	std	Y+7, r19	; 0x07
    122a:	2e 83       	std	Y+6, r18	; 0x06
    122c:	99 27       	eor	r25, r25
    122e:	02 c0       	rjmp	.+4      	; 0x1234 <fgetc+0x76>
    1230:	8f ef       	ldi	r24, 0xFF	; 255
    1232:	9f ef       	ldi	r25, 0xFF	; 255
    1234:	df 91       	pop	r29
    1236:	cf 91       	pop	r28
    1238:	08 95       	ret

0000123a <fputc>:
    123a:	0f 93       	push	r16
    123c:	1f 93       	push	r17
    123e:	cf 93       	push	r28
    1240:	df 93       	push	r29
    1242:	fb 01       	movw	r30, r22
    1244:	23 81       	ldd	r18, Z+3	; 0x03
    1246:	21 fd       	sbrc	r18, 1
    1248:	03 c0       	rjmp	.+6      	; 0x1250 <fputc+0x16>
    124a:	8f ef       	ldi	r24, 0xFF	; 255
    124c:	9f ef       	ldi	r25, 0xFF	; 255
    124e:	2c c0       	rjmp	.+88     	; 0x12a8 <fputc+0x6e>
    1250:	22 ff       	sbrs	r18, 2
    1252:	16 c0       	rjmp	.+44     	; 0x1280 <fputc+0x46>
    1254:	46 81       	ldd	r20, Z+6	; 0x06
    1256:	57 81       	ldd	r21, Z+7	; 0x07
    1258:	24 81       	ldd	r18, Z+4	; 0x04
    125a:	35 81       	ldd	r19, Z+5	; 0x05
    125c:	42 17       	cp	r20, r18
    125e:	53 07       	cpc	r21, r19
    1260:	44 f4       	brge	.+16     	; 0x1272 <fputc+0x38>
    1262:	a0 81       	ld	r26, Z
    1264:	b1 81       	ldd	r27, Z+1	; 0x01
    1266:	9d 01       	movw	r18, r26
    1268:	2f 5f       	subi	r18, 0xFF	; 255
    126a:	3f 4f       	sbci	r19, 0xFF	; 255
    126c:	31 83       	std	Z+1, r19	; 0x01
    126e:	20 83       	st	Z, r18
    1270:	8c 93       	st	X, r24
    1272:	26 81       	ldd	r18, Z+6	; 0x06
    1274:	37 81       	ldd	r19, Z+7	; 0x07
    1276:	2f 5f       	subi	r18, 0xFF	; 255
    1278:	3f 4f       	sbci	r19, 0xFF	; 255
    127a:	37 83       	std	Z+7, r19	; 0x07
    127c:	26 83       	std	Z+6, r18	; 0x06
    127e:	14 c0       	rjmp	.+40     	; 0x12a8 <fputc+0x6e>
    1280:	8b 01       	movw	r16, r22
    1282:	ec 01       	movw	r28, r24
    1284:	fb 01       	movw	r30, r22
    1286:	00 84       	ldd	r0, Z+8	; 0x08
    1288:	f1 85       	ldd	r31, Z+9	; 0x09
    128a:	e0 2d       	mov	r30, r0
    128c:	09 95       	icall
    128e:	89 2b       	or	r24, r25
    1290:	e1 f6       	brne	.-72     	; 0x124a <fputc+0x10>
    1292:	d8 01       	movw	r26, r16
    1294:	16 96       	adiw	r26, 0x06	; 6
    1296:	8d 91       	ld	r24, X+
    1298:	9c 91       	ld	r25, X
    129a:	17 97       	sbiw	r26, 0x07	; 7
    129c:	01 96       	adiw	r24, 0x01	; 1
    129e:	17 96       	adiw	r26, 0x07	; 7
    12a0:	9c 93       	st	X, r25
    12a2:	8e 93       	st	-X, r24
    12a4:	16 97       	sbiw	r26, 0x06	; 6
    12a6:	ce 01       	movw	r24, r28
    12a8:	df 91       	pop	r29
    12aa:	cf 91       	pop	r28
    12ac:	1f 91       	pop	r17
    12ae:	0f 91       	pop	r16
    12b0:	08 95       	ret

000012b2 <ungetc>:
    12b2:	fb 01       	movw	r30, r22
    12b4:	23 81       	ldd	r18, Z+3	; 0x03
    12b6:	20 ff       	sbrs	r18, 0
    12b8:	12 c0       	rjmp	.+36     	; 0x12de <ungetc+0x2c>
    12ba:	26 fd       	sbrc	r18, 6
    12bc:	10 c0       	rjmp	.+32     	; 0x12de <ungetc+0x2c>
    12be:	8f 3f       	cpi	r24, 0xFF	; 255
    12c0:	3f ef       	ldi	r19, 0xFF	; 255
    12c2:	93 07       	cpc	r25, r19
    12c4:	61 f0       	breq	.+24     	; 0x12de <ungetc+0x2c>
    12c6:	82 83       	std	Z+2, r24	; 0x02
    12c8:	2f 7d       	andi	r18, 0xDF	; 223
    12ca:	20 64       	ori	r18, 0x40	; 64
    12cc:	23 83       	std	Z+3, r18	; 0x03
    12ce:	26 81       	ldd	r18, Z+6	; 0x06
    12d0:	37 81       	ldd	r19, Z+7	; 0x07
    12d2:	21 50       	subi	r18, 0x01	; 1
    12d4:	31 09       	sbc	r19, r1
    12d6:	37 83       	std	Z+7, r19	; 0x07
    12d8:	26 83       	std	Z+6, r18	; 0x06
    12da:	99 27       	eor	r25, r25
    12dc:	08 95       	ret
    12de:	8f ef       	ldi	r24, 0xFF	; 255
    12e0:	9f ef       	ldi	r25, 0xFF	; 255
    12e2:	08 95       	ret

000012e4 <__ultoa_invert>:
    12e4:	fa 01       	movw	r30, r20
    12e6:	aa 27       	eor	r26, r26
    12e8:	28 30       	cpi	r18, 0x08	; 8
    12ea:	51 f1       	breq	.+84     	; 0x1340 <__ultoa_invert+0x5c>
    12ec:	20 31       	cpi	r18, 0x10	; 16
    12ee:	81 f1       	breq	.+96     	; 0x1350 <__ultoa_invert+0x6c>
    12f0:	e8 94       	clt
    12f2:	6f 93       	push	r22
    12f4:	6e 7f       	andi	r22, 0xFE	; 254
    12f6:	6e 5f       	subi	r22, 0xFE	; 254
    12f8:	7f 4f       	sbci	r23, 0xFF	; 255
    12fa:	8f 4f       	sbci	r24, 0xFF	; 255
    12fc:	9f 4f       	sbci	r25, 0xFF	; 255
    12fe:	af 4f       	sbci	r26, 0xFF	; 255
    1300:	b1 e0       	ldi	r27, 0x01	; 1
    1302:	3e d0       	rcall	.+124    	; 0x1380 <__ultoa_invert+0x9c>
    1304:	b4 e0       	ldi	r27, 0x04	; 4
    1306:	3c d0       	rcall	.+120    	; 0x1380 <__ultoa_invert+0x9c>
    1308:	67 0f       	add	r22, r23
    130a:	78 1f       	adc	r23, r24
    130c:	89 1f       	adc	r24, r25
    130e:	9a 1f       	adc	r25, r26
    1310:	a1 1d       	adc	r26, r1
    1312:	68 0f       	add	r22, r24
    1314:	79 1f       	adc	r23, r25
    1316:	8a 1f       	adc	r24, r26
    1318:	91 1d       	adc	r25, r1
    131a:	a1 1d       	adc	r26, r1
    131c:	6a 0f       	add	r22, r26
    131e:	71 1d       	adc	r23, r1
    1320:	81 1d       	adc	r24, r1
    1322:	91 1d       	adc	r25, r1
    1324:	a1 1d       	adc	r26, r1
    1326:	20 d0       	rcall	.+64     	; 0x1368 <__ultoa_invert+0x84>
    1328:	09 f4       	brne	.+2      	; 0x132c <__ultoa_invert+0x48>
    132a:	68 94       	set
    132c:	3f 91       	pop	r19
    132e:	2a e0       	ldi	r18, 0x0A	; 10
    1330:	26 9f       	mul	r18, r22
    1332:	11 24       	eor	r1, r1
    1334:	30 19       	sub	r19, r0
    1336:	30 5d       	subi	r19, 0xD0	; 208
    1338:	31 93       	st	Z+, r19
    133a:	de f6       	brtc	.-74     	; 0x12f2 <__ultoa_invert+0xe>
    133c:	cf 01       	movw	r24, r30
    133e:	08 95       	ret
    1340:	46 2f       	mov	r20, r22
    1342:	47 70       	andi	r20, 0x07	; 7
    1344:	40 5d       	subi	r20, 0xD0	; 208
    1346:	41 93       	st	Z+, r20
    1348:	b3 e0       	ldi	r27, 0x03	; 3
    134a:	0f d0       	rcall	.+30     	; 0x136a <__ultoa_invert+0x86>
    134c:	c9 f7       	brne	.-14     	; 0x1340 <__ultoa_invert+0x5c>
    134e:	f6 cf       	rjmp	.-20     	; 0x133c <__ultoa_invert+0x58>
    1350:	46 2f       	mov	r20, r22
    1352:	4f 70       	andi	r20, 0x0F	; 15
    1354:	40 5d       	subi	r20, 0xD0	; 208
    1356:	4a 33       	cpi	r20, 0x3A	; 58
    1358:	18 f0       	brcs	.+6      	; 0x1360 <__ultoa_invert+0x7c>
    135a:	49 5d       	subi	r20, 0xD9	; 217
    135c:	31 fd       	sbrc	r19, 1
    135e:	40 52       	subi	r20, 0x20	; 32
    1360:	41 93       	st	Z+, r20
    1362:	02 d0       	rcall	.+4      	; 0x1368 <__ultoa_invert+0x84>
    1364:	a9 f7       	brne	.-22     	; 0x1350 <__ultoa_invert+0x6c>
    1366:	ea cf       	rjmp	.-44     	; 0x133c <__ultoa_invert+0x58>
    1368:	b4 e0       	ldi	r27, 0x04	; 4
    136a:	a6 95       	lsr	r26
    136c:	97 95       	ror	r25
    136e:	87 95       	ror	r24
    1370:	77 95       	ror	r23
    1372:	67 95       	ror	r22
    1374:	ba 95       	dec	r27
    1376:	c9 f7       	brne	.-14     	; 0x136a <__ultoa_invert+0x86>
    1378:	00 97       	sbiw	r24, 0x00	; 0
    137a:	61 05       	cpc	r22, r1
    137c:	71 05       	cpc	r23, r1
    137e:	08 95       	ret
    1380:	9b 01       	movw	r18, r22
    1382:	ac 01       	movw	r20, r24
    1384:	0a 2e       	mov	r0, r26
    1386:	06 94       	lsr	r0
    1388:	57 95       	ror	r21
    138a:	47 95       	ror	r20
    138c:	37 95       	ror	r19
    138e:	27 95       	ror	r18
    1390:	ba 95       	dec	r27
    1392:	c9 f7       	brne	.-14     	; 0x1386 <__ultoa_invert+0xa2>
    1394:	62 0f       	add	r22, r18
    1396:	73 1f       	adc	r23, r19
    1398:	84 1f       	adc	r24, r20
    139a:	95 1f       	adc	r25, r21
    139c:	a0 1d       	adc	r26, r0
    139e:	08 95       	ret

000013a0 <__ctype_isfalse>:
    13a0:	99 27       	eor	r25, r25
    13a2:	88 27       	eor	r24, r24

000013a4 <__ctype_istrue>:
    13a4:	08 95       	ret

000013a6 <_exit>:
    13a6:	f8 94       	cli

000013a8 <__stop_program>:
    13a8:	ff cf       	rjmp	.-2      	; 0x13a8 <__stop_program>
