
07.AUTO_CAR.elf:     file format elf32-avr

Sections:
Idx Name          Size      VMA       LMA       File off  Algn
  0 .data         00000048  00800100  00001642  000016d6  2**0
                  CONTENTS, ALLOC, LOAD, DATA
  1 .text         00001642  00000000  00000000  00000094  2**1
                  CONTENTS, ALLOC, LOAD, READONLY, CODE
  2 .bss          0000035b  00800148  00800148  0000171e  2**0
                  ALLOC
  3 .comment      0000005c  00000000  00000000  0000171e  2**0
                  CONTENTS, READONLY
  4 .note.gnu.avr.deviceinfo 00000040  00000000  00000000  0000177c  2**2
                  CONTENTS, READONLY
  5 .debug_aranges 000001f8  00000000  00000000  000017bc  2**0
                  CONTENTS, READONLY, DEBUGGING
  6 .debug_info   00001aea  00000000  00000000  000019b4  2**0
                  CONTENTS, READONLY, DEBUGGING
  7 .debug_abbrev 00000f24  00000000  00000000  0000349e  2**0
                  CONTENTS, READONLY, DEBUGGING
  8 .debug_line   00000f8a  00000000  00000000  000043c2  2**0
                  CONTENTS, READONLY, DEBUGGING
  9 .debug_frame  000004f4  00000000  00000000  0000534c  2**2
                  CONTENTS, READONLY, DEBUGGING
 10 .debug_str    000008d1  00000000  00000000  00005840  2**0
                  CONTENTS, READONLY, DEBUGGING
 11 .debug_loc    00000afb  00000000  00000000  00006111  2**0
                  CONTENTS, READONLY, DEBUGGING
 12 .debug_ranges 00000188  00000000  00000000  00006c0c  2**0
                  CONTENTS, READONLY, DEBUGGING

Disassembly of section .text:

00000000 <__vectors>:
       0:	87 c0       	rjmp	.+270    	; 0x110 <__ctors_end>
       2:	00 00       	nop
       4:	a3 c0       	rjmp	.+326    	; 0x14c <__bad_interrupt>
       6:	00 00       	nop
       8:	a1 c0       	rjmp	.+322    	; 0x14c <__bad_interrupt>
       a:	00 00       	nop
       c:	9f c0       	rjmp	.+318    	; 0x14c <__bad_interrupt>
       e:	00 00       	nop
      10:	9d c0       	rjmp	.+314    	; 0x14c <__bad_interrupt>
      12:	00 00       	nop
      14:	16 c5       	rjmp	.+2604   	; 0xa42 <__vector_5>
      16:	00 00       	nop
      18:	77 c5       	rjmp	.+2798   	; 0xb08 <__vector_6>
      1a:	00 00       	nop
      1c:	d8 c5       	rjmp	.+2992   	; 0xbce <__vector_7>
      1e:	00 00       	nop
      20:	95 c0       	rjmp	.+298    	; 0x14c <__bad_interrupt>
      22:	00 00       	nop
      24:	93 c0       	rjmp	.+294    	; 0x14c <__bad_interrupt>
      26:	00 00       	nop
      28:	91 c0       	rjmp	.+290    	; 0x14c <__bad_interrupt>
      2a:	00 00       	nop
      2c:	8f c0       	rjmp	.+286    	; 0x14c <__bad_interrupt>
      2e:	00 00       	nop
      30:	8d c0       	rjmp	.+282    	; 0x14c <__bad_interrupt>
      32:	00 00       	nop
      34:	8b c0       	rjmp	.+278    	; 0x14c <__bad_interrupt>
      36:	00 00       	nop
      38:	89 c0       	rjmp	.+274    	; 0x14c <__bad_interrupt>
      3a:	00 00       	nop
      3c:	87 c0       	rjmp	.+270    	; 0x14c <__bad_interrupt>
      3e:	00 00       	nop
      40:	43 c3       	rjmp	.+1670   	; 0x6c8 <__vector_16>
      42:	00 00       	nop
      44:	83 c0       	rjmp	.+262    	; 0x14c <__bad_interrupt>
      46:	00 00       	nop
      48:	cc c4       	rjmp	.+2456   	; 0x9e2 <__vector_18>
      4a:	00 00       	nop
      4c:	7f c0       	rjmp	.+254    	; 0x14c <__bad_interrupt>
      4e:	00 00       	nop
      50:	7d c0       	rjmp	.+250    	; 0x14c <__bad_interrupt>
      52:	00 00       	nop
      54:	7b c0       	rjmp	.+246    	; 0x14c <__bad_interrupt>
      56:	00 00       	nop
      58:	79 c0       	rjmp	.+242    	; 0x14c <__bad_interrupt>
      5a:	00 00       	nop
      5c:	77 c0       	rjmp	.+238    	; 0x14c <__bad_interrupt>
      5e:	00 00       	nop
      60:	75 c0       	rjmp	.+234    	; 0x14c <__bad_interrupt>
      62:	00 00       	nop
      64:	73 c0       	rjmp	.+230    	; 0x14c <__bad_interrupt>
      66:	00 00       	nop
      68:	71 c0       	rjmp	.+226    	; 0x14c <__bad_interrupt>
      6a:	00 00       	nop
      6c:	6f c0       	rjmp	.+222    	; 0x14c <__bad_interrupt>
      6e:	00 00       	nop
      70:	6d c0       	rjmp	.+218    	; 0x14c <__bad_interrupt>
      72:	00 00       	nop
      74:	6b c0       	rjmp	.+214    	; 0x14c <__bad_interrupt>
      76:	00 00       	nop
      78:	69 c0       	rjmp	.+210    	; 0x14c <__bad_interrupt>
      7a:	00 00       	nop
      7c:	67 c0       	rjmp	.+206    	; 0x14c <__bad_interrupt>
      7e:	00 00       	nop
      80:	65 c0       	rjmp	.+202    	; 0x14c <__bad_interrupt>
      82:	00 00       	nop
      84:	63 c0       	rjmp	.+198    	; 0x14c <__bad_interrupt>
      86:	00 00       	nop
      88:	61 c0       	rjmp	.+194    	; 0x14c <__bad_interrupt>
      8a:	00 00       	nop
      8c:	f7 00       	.word	0x00f7	; ????
      8e:	07 01       	movw	r0, r14
      90:	1e 01       	movw	r2, r28
      92:	39 01       	movw	r6, r18
      94:	50 01       	movw	r10, r0
      96:	59 01       	movw	r10, r18
      98:	62 01       	movw	r12, r4
      9a:	6b 01       	movw	r12, r22
      9c:	97 01       	movw	r18, r14
      9e:	a5 01       	movw	r20, r10
      a0:	ba 01       	movw	r22, r20
      a2:	dc 01       	movw	r26, r24
      a4:	f1 01       	movw	r30, r2
      a6:	fa 01       	movw	r30, r20
      a8:	03 02       	muls	r16, r19
      aa:	0c 02       	muls	r16, r28
      ac:	85 02       	muls	r24, r21
      ae:	92 02       	muls	r25, r18
      b0:	92 02       	muls	r25, r18
      b2:	92 02       	muls	r25, r18
      b4:	81 02       	muls	r24, r17
      b6:	92 02       	muls	r25, r18
      b8:	92 02       	muls	r25, r18
      ba:	92 02       	muls	r25, r18
      bc:	92 02       	muls	r25, r18
      be:	92 02       	muls	r25, r18
      c0:	89 02       	muls	r24, r25
      c2:	92 02       	muls	r25, r18
      c4:	92 02       	muls	r25, r18
      c6:	92 02       	muls	r25, r18
      c8:	92 02       	muls	r25, r18
      ca:	92 02       	muls	r25, r18
      cc:	8d 02       	muls	r24, r29
      ce:	91 02       	muls	r25, r17
      d0:	92 02       	muls	r25, r18
      d2:	92 02       	muls	r25, r18
      d4:	92 02       	muls	r25, r18
      d6:	92 02       	muls	r25, r18
      d8:	92 02       	muls	r25, r18
      da:	92 02       	muls	r25, r18
      dc:	92 02       	muls	r25, r18
      de:	92 02       	muls	r25, r18
      e0:	92 02       	muls	r25, r18
      e2:	92 02       	muls	r25, r18
      e4:	92 02       	muls	r25, r18
      e6:	92 02       	muls	r25, r18
      e8:	92 02       	muls	r25, r18
      ea:	92 02       	muls	r25, r18
      ec:	85 02       	muls	r24, r21
      ee:	92 02       	muls	r25, r18
      f0:	92 02       	muls	r25, r18
      f2:	92 02       	muls	r25, r18
      f4:	81 02       	muls	r24, r17
      f6:	92 02       	muls	r25, r18
      f8:	92 02       	muls	r25, r18
      fa:	92 02       	muls	r25, r18
      fc:	92 02       	muls	r25, r18
      fe:	92 02       	muls	r25, r18
     100:	89 02       	muls	r24, r25
     102:	92 02       	muls	r25, r18
     104:	92 02       	muls	r25, r18
     106:	92 02       	muls	r25, r18
     108:	92 02       	muls	r25, r18
     10a:	92 02       	muls	r25, r18
     10c:	8d 02       	muls	r24, r29
     10e:	91 02       	muls	r25, r17

00000110 <__ctors_end>:
     110:	11 24       	eor	r1, r1
     112:	1f be       	out	0x3f, r1	; 63
     114:	cf ef       	ldi	r28, 0xFF	; 255
     116:	d0 e1       	ldi	r29, 0x10	; 16
     118:	de bf       	out	0x3e, r29	; 62
     11a:	cd bf       	out	0x3d, r28	; 61

0000011c <__do_copy_data>:
     11c:	11 e0       	ldi	r17, 0x01	; 1
     11e:	a0 e0       	ldi	r26, 0x00	; 0
     120:	b1 e0       	ldi	r27, 0x01	; 1
     122:	e2 e4       	ldi	r30, 0x42	; 66
     124:	f6 e1       	ldi	r31, 0x16	; 22
     126:	00 e0       	ldi	r16, 0x00	; 0
     128:	0b bf       	out	0x3b, r16	; 59
     12a:	02 c0       	rjmp	.+4      	; 0x130 <__do_copy_data+0x14>
     12c:	07 90       	elpm	r0, Z+
     12e:	0d 92       	st	X+, r0
     130:	a8 34       	cpi	r26, 0x48	; 72
     132:	b1 07       	cpc	r27, r17
     134:	d9 f7       	brne	.-10     	; 0x12c <__do_copy_data+0x10>

00000136 <__do_clear_bss>:
     136:	24 e0       	ldi	r18, 0x04	; 4
     138:	a8 e4       	ldi	r26, 0x48	; 72
     13a:	b1 e0       	ldi	r27, 0x01	; 1
     13c:	01 c0       	rjmp	.+2      	; 0x140 <.do_clear_bss_start>

0000013e <.do_clear_bss_loop>:
     13e:	1d 92       	st	X+, r1

00000140 <.do_clear_bss_start>:
     140:	a3 3a       	cpi	r26, 0xA3	; 163
     142:	b2 07       	cpc	r27, r18
     144:	e1 f7       	brne	.-8      	; 0x13e <.do_clear_bss_loop>
     146:	69 d3       	rcall	.+1746   	; 0x81a <main>
     148:	0c 94 1f 0b 	jmp	0x163e	; 0x163e <_exit>

0000014c <__bad_interrupt>:
     14c:	59 cf       	rjmp	.-334    	; 0x0 <__vectors>

0000014e <init_button>:
int get_button(int button_num, int button_pin);

// 버튼 초기화 방향설정(입력) 
void init_button(void)
{
	BUTTON_DDR &= ~(1 << BUTTONPIN);
     14e:	8a b3       	in	r24, 0x1a	; 26
     150:	8f 7e       	andi	r24, 0xEF	; 239
     152:	8a bb       	out	0x1a, r24	; 26
     154:	08 95       	ret

00000156 <get_button>:
	};
	// static 지역변수에 static을 선언하면 함수를 빠져나와 다시 들어가도 이전값유지 
	int current_state;
	
	// 1. button을 읽는다. 
	current_state = BUTTON_PIN & (1 << button_pin);
     156:	29 b3       	in	r18, 0x19	; 25
     158:	42 2f       	mov	r20, r18
     15a:	50 e0       	ldi	r21, 0x00	; 0
     15c:	21 e0       	ldi	r18, 0x01	; 1
     15e:	30 e0       	ldi	r19, 0x00	; 0
     160:	02 c0       	rjmp	.+4      	; 0x166 <get_button+0x10>
     162:	22 0f       	add	r18, r18
     164:	33 1f       	adc	r19, r19
     166:	6a 95       	dec	r22
     168:	e2 f7       	brpl	.-8      	; 0x162 <get_button+0xc>
     16a:	24 23       	and	r18, r20
     16c:	35 23       	and	r19, r21
	// 2. 버튼 상태 check 
	if (current_state  && button_status[button_num] == BUTTON_RELEASE)  // 버튼이 처음 눌려진 상태 
     16e:	21 15       	cp	r18, r1
     170:	31 05       	cpc	r19, r1
     172:	71 f0       	breq	.+28     	; 0x190 <get_button+0x3a>
     174:	fc 01       	movw	r30, r24
     176:	e8 5b       	subi	r30, 0xB8	; 184
     178:	fe 4f       	sbci	r31, 0xFE	; 254
     17a:	40 81       	ld	r20, Z
     17c:	41 11       	cpse	r20, r1
     17e:	08 c0       	rjmp	.+16     	; 0x190 <get_button+0x3a>
	{
		button_status[button_num] =BUTTON_PRESS;  
     180:	fc 01       	movw	r30, r24
     182:	e8 5b       	subi	r30, 0xB8	; 184
     184:	fe 4f       	sbci	r31, 0xFE	; 254
     186:	21 e0       	ldi	r18, 0x01	; 1
     188:	20 83       	st	Z, r18
		return 0;     // 아직은 완전히 눌렀다 뗀 상태가 아니다. 
     18a:	80 e0       	ldi	r24, 0x00	; 0
     18c:	90 e0       	ldi	r25, 0x00	; 0
     18e:	08 95       	ret
	}
	else if (button_status[button_num] == BUTTON_PRESS && current_state == BUTTON_RELEASE)
     190:	fc 01       	movw	r30, r24
     192:	e8 5b       	subi	r30, 0xB8	; 184
     194:	fe 4f       	sbci	r31, 0xFE	; 254
     196:	40 81       	ld	r20, Z
     198:	41 30       	cpi	r20, 0x01	; 1
     19a:	49 f4       	brne	.+18     	; 0x1ae <get_button+0x58>
     19c:	23 2b       	or	r18, r19
     19e:	51 f4       	brne	.+20     	; 0x1b4 <get_button+0x5e>
	{  // 버튼이 이전에 눌려진 상태였으며 지금은 떼어진 상태 
		button_status[button_num] = BUTTON_RELEASE;   // 다음 버튼을 체크 하기 위하여 초기화
     1a0:	fc 01       	movw	r30, r24
     1a2:	e8 5b       	subi	r30, 0xB8	; 184
     1a4:	fe 4f       	sbci	r31, 0xFE	; 254
     1a6:	10 82       	st	Z, r1

		return 1;   // 완전히 1번 눌렀다 뗀 상태로 인정 한다. 
     1a8:	81 e0       	ldi	r24, 0x01	; 1
     1aa:	90 e0       	ldi	r25, 0x00	; 0
     1ac:	08 95       	ret
	}
	
	return 0;   // 버튼이 open 상태 이다. 
     1ae:	80 e0       	ldi	r24, 0x00	; 0
     1b0:	90 e0       	ldi	r25, 0x00	; 0
     1b2:	08 95       	ret
     1b4:	80 e0       	ldi	r24, 0x00	; 0
     1b6:	90 e0       	ldi	r25, 0x00	; 0
}
     1b8:	08 95       	ret

000001ba <init_fnd>:


void init_fnd(void)
{
	// 두 개 FND에 대해 모두 초기화
	FND_DATA_DDR = 0xff; 
     1ba:	8f ef       	ldi	r24, 0xFF	; 255
     1bc:	81 bb       	out	0x11, r24	; 17
		
	PORTC |= 0xff;	// 출력 모드로 설정
     1be:	95 b3       	in	r25, 0x15	; 21
     1c0:	85 bb       	out	0x15, r24	; 21
	FND_DIGIT_DDR |= 1 << FST_FND_DIGIT_D1 | 1 << FST_FND_DIGIT_D2 | 1 << FST_FND_DIGIT_D3 | 1 << FST_FND_DIGIT_D4 | 1 << SND_FND_DIGIT_D1 | 1 << SND_FND_DIGIT_D2 | 1 << SND_FND_DIGIT_D3 | 1 << SND_FND_DIGIT_D4;
     1c2:	94 b3       	in	r25, 0x14	; 20
     1c4:	84 bb       	out	0x14, r24	; 20

	
	FND_DATA_PORT = ~0xff;
     1c6:	12 ba       	out	0x12, r1	; 18
     1c8:	08 95       	ret

000001ca <find_display_FST>:

}

void find_display_FST(uint32_t sec_count, uint32_t dot_display, int car_direction)
{
     1ca:	0f 93       	push	r16
     1cc:	1f 93       	push	r17
     1ce:	cf 93       	push	r28
     1d0:	c2 2f       	mov	r28, r18
	};

	static int digit_select = 0;

	// 전체 끄기 + 데이터 클리어
	PORTC = 0xff;
     1d2:	2f ef       	ldi	r18, 0xFF	; 255
     1d4:	25 bb       	out	0x15, r18	; 21
	FND_DATA_PORT = 0x00;
     1d6:	12 ba       	out	0x12, r1	; 18

	switch(digit_select) {
     1d8:	e0 91 4b 01 	lds	r30, 0x014B	; 0x80014b <digit_select.1770>
     1dc:	f0 91 4c 01 	lds	r31, 0x014C	; 0x80014c <digit_select.1770+0x1>
     1e0:	e8 30       	cpi	r30, 0x08	; 8
     1e2:	f1 05       	cpc	r31, r1
     1e4:	08 f0       	brcs	.+2      	; 0x1e8 <find_display_FST+0x1e>
     1e6:	7f c0       	rjmp	.+254    	; 0x2e6 <find_display_FST+0x11c>
     1e8:	ea 5b       	subi	r30, 0xBA	; 186
     1ea:	ff 4f       	sbci	r31, 0xFF	; 255
     1ec:	5f c7       	rjmp	.+3774   	; 0x10ac <__tablejump2__>
		// FST FND 분초타이머 (PC0~PC3)
		case 0:
		FND_DIGIT_PORT = 0xff;
     1ee:	2f ef       	ldi	r18, 0xFF	; 255
     1f0:	25 bb       	out	0x15, r18	; 21
		FND_DATA_PORT = find_font[sec_count % 10];
     1f2:	2a e0       	ldi	r18, 0x0A	; 10
     1f4:	30 e0       	ldi	r19, 0x00	; 0
     1f6:	40 e0       	ldi	r20, 0x00	; 0
     1f8:	50 e0       	ldi	r21, 0x00	; 0
     1fa:	36 d7       	rcall	.+3692   	; 0x1068 <__udivmodsi4>
     1fc:	fb 01       	movw	r30, r22
     1fe:	e4 5d       	subi	r30, 0xD4	; 212
     200:	fe 4f       	sbci	r31, 0xFE	; 254
     202:	80 81       	ld	r24, Z
     204:	82 bb       	out	0x12, r24	; 18
		PORTC &= ~(1 << FST_FND_DIGIT_D4);
     206:	85 b3       	in	r24, 0x15	; 21
     208:	87 7f       	andi	r24, 0xF7	; 247
     20a:	85 bb       	out	0x15, r24	; 21
		break;
     20c:	6c c0       	rjmp	.+216    	; 0x2e6 <find_display_FST+0x11c>
		case 1:
		FND_DIGIT_PORT = 0xff;
     20e:	2f ef       	ldi	r18, 0xFF	; 255
     210:	25 bb       	out	0x15, r18	; 21
		FND_DATA_PORT = find_font[sec_count / 10 % 6];
     212:	2a e0       	ldi	r18, 0x0A	; 10
     214:	30 e0       	ldi	r19, 0x00	; 0
     216:	40 e0       	ldi	r20, 0x00	; 0
     218:	50 e0       	ldi	r21, 0x00	; 0
     21a:	26 d7       	rcall	.+3660   	; 0x1068 <__udivmodsi4>
     21c:	ca 01       	movw	r24, r20
     21e:	b9 01       	movw	r22, r18
     220:	26 e0       	ldi	r18, 0x06	; 6
     222:	30 e0       	ldi	r19, 0x00	; 0
     224:	40 e0       	ldi	r20, 0x00	; 0
     226:	50 e0       	ldi	r21, 0x00	; 0
     228:	1f d7       	rcall	.+3646   	; 0x1068 <__udivmodsi4>
     22a:	fb 01       	movw	r30, r22
     22c:	e4 5d       	subi	r30, 0xD4	; 212
     22e:	fe 4f       	sbci	r31, 0xFE	; 254
     230:	80 81       	ld	r24, Z
     232:	82 bb       	out	0x12, r24	; 18
		PORTC &= ~(1 << FST_FND_DIGIT_D3);
     234:	85 b3       	in	r24, 0x15	; 21
     236:	8b 7f       	andi	r24, 0xFB	; 251
     238:	85 bb       	out	0x15, r24	; 21
		break;
     23a:	55 c0       	rjmp	.+170    	; 0x2e6 <find_display_FST+0x11c>
		case 2:
		FND_DIGIT_PORT = 0xff;
     23c:	2f ef       	ldi	r18, 0xFF	; 255
     23e:	25 bb       	out	0x15, r18	; 21
		FND_DATA_PORT = find_font[sec_count / 60 % 10] | (0x80 * dot_display);
     240:	2c e3       	ldi	r18, 0x3C	; 60
     242:	30 e0       	ldi	r19, 0x00	; 0
     244:	40 e0       	ldi	r20, 0x00	; 0
     246:	50 e0       	ldi	r21, 0x00	; 0
     248:	0f d7       	rcall	.+3614   	; 0x1068 <__udivmodsi4>
     24a:	ca 01       	movw	r24, r20
     24c:	b9 01       	movw	r22, r18
     24e:	2a e0       	ldi	r18, 0x0A	; 10
     250:	30 e0       	ldi	r19, 0x00	; 0
     252:	40 e0       	ldi	r20, 0x00	; 0
     254:	50 e0       	ldi	r21, 0x00	; 0
     256:	08 d7       	rcall	.+3600   	; 0x1068 <__udivmodsi4>
     258:	fb 01       	movw	r30, r22
     25a:	e4 5d       	subi	r30, 0xD4	; 212
     25c:	fe 4f       	sbci	r31, 0xFE	; 254
     25e:	80 81       	ld	r24, Z
     260:	c7 95       	ror	r28
     262:	cc 27       	eor	r28, r28
     264:	c7 95       	ror	r28
     266:	c8 2b       	or	r28, r24
     268:	c2 bb       	out	0x12, r28	; 18
		PORTC &= ~(1 << FST_FND_DIGIT_D2);
     26a:	85 b3       	in	r24, 0x15	; 21
     26c:	8d 7f       	andi	r24, 0xFD	; 253
     26e:	85 bb       	out	0x15, r24	; 21
		break;
     270:	3a c0       	rjmp	.+116    	; 0x2e6 <find_display_FST+0x11c>
		case 3:
		FND_DIGIT_PORT = 0xff;
     272:	2f ef       	ldi	r18, 0xFF	; 255
		FND_DATA_PORT = find_font[sec_count / 600 % 6];
     274:	25 bb       	out	0x15, r18	; 21
     276:	28 e5       	ldi	r18, 0x58	; 88
     278:	32 e0       	ldi	r19, 0x02	; 2
     27a:	40 e0       	ldi	r20, 0x00	; 0
     27c:	50 e0       	ldi	r21, 0x00	; 0
     27e:	f4 d6       	rcall	.+3560   	; 0x1068 <__udivmodsi4>
     280:	ca 01       	movw	r24, r20
     282:	b9 01       	movw	r22, r18
     284:	26 e0       	ldi	r18, 0x06	; 6
     286:	30 e0       	ldi	r19, 0x00	; 0
     288:	40 e0       	ldi	r20, 0x00	; 0
     28a:	50 e0       	ldi	r21, 0x00	; 0
     28c:	ed d6       	rcall	.+3546   	; 0x1068 <__udivmodsi4>
     28e:	fb 01       	movw	r30, r22
     290:	e4 5d       	subi	r30, 0xD4	; 212
     292:	fe 4f       	sbci	r31, 0xFE	; 254
     294:	80 81       	ld	r24, Z
     296:	82 bb       	out	0x12, r24	; 18
		PORTC &= ~(1 << FST_FND_DIGIT_D1);
     298:	85 b3       	in	r24, 0x15	; 21
     29a:	8e 7f       	andi	r24, 0xFE	; 254
     29c:	85 bb       	out	0x15, r24	; 21
		break;
     29e:	23 c0       	rjmp	.+70     	; 0x2e6 <find_display_FST+0x11c>

		// SND FND 방향표시 (PC4~PC7) - 1자리만 사용
		case 4:
			FND_DATA_PORT = car_status_font[car_direction];
     2a0:	f8 01       	movw	r30, r16
     2a2:	e9 5d       	subi	r30, 0xD9	; 217
     2a4:	fe 4f       	sbci	r31, 0xFE	; 254
     2a6:	80 81       	ld	r24, Z
     2a8:	82 bb       	out	0x12, r24	; 18
			PORTC &=  ~(1 << SND_FND_DIGIT_D4);  // PC5만 LOW
     2aa:	85 b3       	in	r24, 0x15	; 21
     2ac:	8f 77       	andi	r24, 0x7F	; 127
     2ae:	85 bb       	out	0x15, r24	; 21
			break;
     2b0:	1a c0       	rjmp	.+52     	; 0x2e6 <find_display_FST+0x11c>

		case 5:
			FND_DATA_PORT = car_status_font[car_direction];
     2b2:	f8 01       	movw	r30, r16
     2b4:	e9 5d       	subi	r30, 0xD9	; 217
     2b6:	fe 4f       	sbci	r31, 0xFE	; 254
     2b8:	80 81       	ld	r24, Z
     2ba:	82 bb       	out	0x12, r24	; 18
			PORTC &= ~(1 << SND_FND_DIGIT_D3);  // PC5만 LOW
     2bc:	85 b3       	in	r24, 0x15	; 21
     2be:	8f 7b       	andi	r24, 0xBF	; 191
     2c0:	85 bb       	out	0x15, r24	; 21
			break;
     2c2:	11 c0       	rjmp	.+34     	; 0x2e6 <find_display_FST+0x11c>

		case 6:

			FND_DATA_PORT = car_status_font[car_direction];
     2c4:	f8 01       	movw	r30, r16
     2c6:	e9 5d       	subi	r30, 0xD9	; 217
     2c8:	fe 4f       	sbci	r31, 0xFE	; 254
     2ca:	80 81       	ld	r24, Z
     2cc:	82 bb       	out	0x12, r24	; 18
			PORTC &= ~(1 << SND_FND_DIGIT_D2);  // PC5만 LOW
     2ce:	85 b3       	in	r24, 0x15	; 21
     2d0:	8f 7d       	andi	r24, 0xDF	; 223
     2d2:	85 bb       	out	0x15, r24	; 21
			break;
     2d4:	08 c0       	rjmp	.+16     	; 0x2e6 <find_display_FST+0x11c>

		case 7:
			FND_DATA_PORT = car_status_font[car_direction];
     2d6:	f8 01       	movw	r30, r16
     2d8:	e9 5d       	subi	r30, 0xD9	; 217
     2da:	fe 4f       	sbci	r31, 0xFE	; 254
     2dc:	80 81       	ld	r24, Z
     2de:	82 bb       	out	0x12, r24	; 18
			PORTC &= ~(1 << SND_FND_DIGIT_D1);  // PC5만 LOW
     2e0:	85 b3       	in	r24, 0x15	; 21
     2e2:	8f 7e       	andi	r24, 0xEF	; 239
     2e4:	85 bb       	out	0x15, r24	; 21
		break;
	}

	digit_select = (digit_select + 1) % 8;
     2e6:	80 91 4b 01 	lds	r24, 0x014B	; 0x80014b <digit_select.1770>
     2ea:	90 91 4c 01 	lds	r25, 0x014C	; 0x80014c <digit_select.1770+0x1>
     2ee:	01 96       	adiw	r24, 0x01	; 1
     2f0:	87 70       	andi	r24, 0x07	; 7
     2f2:	90 78       	andi	r25, 0x80	; 128
     2f4:	99 23       	and	r25, r25
     2f6:	24 f4       	brge	.+8      	; 0x300 <find_display_FST+0x136>
     2f8:	01 97       	sbiw	r24, 0x01	; 1
     2fa:	88 6f       	ori	r24, 0xF8	; 248
     2fc:	9f 6f       	ori	r25, 0xFF	; 255
     2fe:	01 96       	adiw	r24, 0x01	; 1
     300:	90 93 4c 01 	sts	0x014C, r25	; 0x80014c <digit_select.1770+0x1>
     304:	80 93 4b 01 	sts	0x014B, r24	; 0x80014b <digit_select.1770>
}
     308:	cf 91       	pop	r28
     30a:	1f 91       	pop	r17
     30c:	0f 91       	pop	r16
     30e:	08 95       	ret

00000310 <run_stop_watch>:

void run_stop_watch(uint32_t sec_count, uint32_t ms, int car_direction)	// PC7번이 1초 단위로 ON/OFF되도록
{
     310:	0f 93       	push	r16
     312:	1f 93       	push	r17
		~0b10001110, ~0b11000111, ~0b10101111, ~0b10010010, ~0b00000011
	};

	static int digit_select = 0;	// 자리수 선택

	FND_DIGIT_PORT = 0xff;
     314:	2f ef       	ldi	r18, 0xFF	; 255
     316:	25 bb       	out	0x15, r18	; 21
	
	switch(digit_select) {
     318:	e0 91 49 01 	lds	r30, 0x0149	; 0x800149 <digit_select.1787>
     31c:	f0 91 4a 01 	lds	r31, 0x014A	; 0x80014a <digit_select.1787+0x1>
     320:	e8 30       	cpi	r30, 0x08	; 8
     322:	f1 05       	cpc	r31, r1
     324:	08 f0       	brcs	.+2      	; 0x328 <run_stop_watch+0x18>
     326:	80 c0       	rjmp	.+256    	; 0x428 <__LOCK_REGION_LENGTH__+0x28>
     328:	e2 5b       	subi	r30, 0xB2	; 178
     32a:	ff 4f       	sbci	r31, 0xFF	; 255
     32c:	bf c6       	rjmp	.+3454   	; 0x10ac <__tablejump2__>
		case 0:
		FND_DATA_PORT = find_font[sec_count % 10]; 
     32e:	2a e0       	ldi	r18, 0x0A	; 10
     330:	30 e0       	ldi	r19, 0x00	; 0
     332:	40 e0       	ldi	r20, 0x00	; 0
     334:	50 e0       	ldi	r21, 0x00	; 0
     336:	98 d6       	rcall	.+3376   	; 0x1068 <__udivmodsi4>
     338:	fb 01       	movw	r30, r22
     33a:	e4 5e       	subi	r30, 0xE4	; 228
     33c:	fe 4f       	sbci	r31, 0xFE	; 254
     33e:	80 81       	ld	r24, Z
     340:	82 bb       	out	0x12, r24	; 18
		FND_DIGIT_PORT &= (uint8_t)~(1 << FST_FND_DIGIT_D4);
     342:	85 b3       	in	r24, 0x15	; 21
     344:	87 7f       	andi	r24, 0xF7	; 247
     346:	85 bb       	out	0x15, r24	; 21
		break;
     348:	6f c0       	rjmp	.+222    	; 0x428 <__LOCK_REGION_LENGTH__+0x28>

		case 1:
		FND_DATA_PORT = find_font[sec_count / 10 % 6];
     34a:	2a e0       	ldi	r18, 0x0A	; 10
     34c:	30 e0       	ldi	r19, 0x00	; 0
     34e:	40 e0       	ldi	r20, 0x00	; 0
     350:	50 e0       	ldi	r21, 0x00	; 0
     352:	8a d6       	rcall	.+3348   	; 0x1068 <__udivmodsi4>
     354:	ca 01       	movw	r24, r20
     356:	b9 01       	movw	r22, r18
     358:	26 e0       	ldi	r18, 0x06	; 6
     35a:	30 e0       	ldi	r19, 0x00	; 0
     35c:	40 e0       	ldi	r20, 0x00	; 0
     35e:	50 e0       	ldi	r21, 0x00	; 0
     360:	83 d6       	rcall	.+3334   	; 0x1068 <__udivmodsi4>
     362:	fb 01       	movw	r30, r22
     364:	e4 5e       	subi	r30, 0xE4	; 228
     366:	fe 4f       	sbci	r31, 0xFE	; 254
     368:	80 81       	ld	r24, Z
     36a:	82 bb       	out	0x12, r24	; 18
		FND_DIGIT_PORT &= (uint8_t)~(1 << FST_FND_DIGIT_D3);
     36c:	85 b3       	in	r24, 0x15	; 21
     36e:	8b 7f       	andi	r24, 0xFB	; 251
     370:	85 bb       	out	0x15, r24	; 21
		break;
     372:	5a c0       	rjmp	.+180    	; 0x428 <__LOCK_REGION_LENGTH__+0x28>

		case 2:
		FND_DATA_PORT = find_font[sec_count / 60 % 10] | (0x80 * dot_display);;
     374:	2c e3       	ldi	r18, 0x3C	; 60
     376:	30 e0       	ldi	r19, 0x00	; 0
     378:	40 e0       	ldi	r20, 0x00	; 0
     37a:	50 e0       	ldi	r21, 0x00	; 0
     37c:	75 d6       	rcall	.+3306   	; 0x1068 <__udivmodsi4>
     37e:	ca 01       	movw	r24, r20
     380:	b9 01       	movw	r22, r18
     382:	2a e0       	ldi	r18, 0x0A	; 10
     384:	30 e0       	ldi	r19, 0x00	; 0
     386:	40 e0       	ldi	r20, 0x00	; 0
     388:	50 e0       	ldi	r21, 0x00	; 0
     38a:	6e d6       	rcall	.+3292   	; 0x1068 <__udivmodsi4>
     38c:	fb 01       	movw	r30, r22
     38e:	e4 5e       	subi	r30, 0xE4	; 228
     390:	fe 4f       	sbci	r31, 0xFE	; 254
     392:	90 81       	ld	r25, Z
     394:	40 91 62 01 	lds	r20, 0x0162	; 0x800162 <dot_display>
     398:	50 91 63 01 	lds	r21, 0x0163	; 0x800163 <dot_display+0x1>
     39c:	60 91 64 01 	lds	r22, 0x0164	; 0x800164 <dot_display+0x2>
     3a0:	70 91 65 01 	lds	r23, 0x0165	; 0x800165 <dot_display+0x3>
     3a4:	47 95       	ror	r20
     3a6:	44 27       	eor	r20, r20
     3a8:	47 95       	ror	r20
     3aa:	84 2f       	mov	r24, r20
     3ac:	89 2b       	or	r24, r25
     3ae:	82 bb       	out	0x12, r24	; 18
		FND_DIGIT_PORT &= (uint8_t)~(1 << FST_FND_DIGIT_D2);
     3b0:	85 b3       	in	r24, 0x15	; 21
     3b2:	8d 7f       	andi	r24, 0xFD	; 253
		break;
     3b4:	85 bb       	out	0x15, r24	; 21

		case 3:
		FND_DATA_PORT = find_font[sec_count / 600 % 6];
     3b6:	38 c0       	rjmp	.+112    	; 0x428 <__LOCK_REGION_LENGTH__+0x28>
     3b8:	28 e5       	ldi	r18, 0x58	; 88
     3ba:	32 e0       	ldi	r19, 0x02	; 2
     3bc:	40 e0       	ldi	r20, 0x00	; 0
     3be:	50 e0       	ldi	r21, 0x00	; 0
     3c0:	53 d6       	rcall	.+3238   	; 0x1068 <__udivmodsi4>
     3c2:	ca 01       	movw	r24, r20
     3c4:	b9 01       	movw	r22, r18
     3c6:	26 e0       	ldi	r18, 0x06	; 6
     3c8:	30 e0       	ldi	r19, 0x00	; 0
     3ca:	40 e0       	ldi	r20, 0x00	; 0
     3cc:	50 e0       	ldi	r21, 0x00	; 0
     3ce:	4c d6       	rcall	.+3224   	; 0x1068 <__udivmodsi4>
     3d0:	fb 01       	movw	r30, r22
     3d2:	e4 5e       	subi	r30, 0xE4	; 228
     3d4:	fe 4f       	sbci	r31, 0xFE	; 254
     3d6:	80 81       	ld	r24, Z
     3d8:	82 bb       	out	0x12, r24	; 18
		FND_DIGIT_PORT &= (uint8_t)~(1 << FST_FND_DIGIT_D1);
     3da:	85 b3       	in	r24, 0x15	; 21
     3dc:	8e 7f       	andi	r24, 0xFE	; 254
     3de:	85 bb       	out	0x15, r24	; 21
		break;
     3e0:	23 c0       	rjmp	.+70     	; 0x428 <__LOCK_REGION_LENGTH__+0x28>
		
		// SND FND 방향표시 (PC4~PC7) - 1자리만 사용
		case 4:
		FND_DATA_PORT = car_status_font[car_direction];
     3e2:	f8 01       	movw	r30, r16
     3e4:	e9 5e       	subi	r30, 0xE9	; 233
     3e6:	fe 4f       	sbci	r31, 0xFE	; 254
     3e8:	80 81       	ld	r24, Z
     3ea:	82 bb       	out	0x12, r24	; 18
		PORTC &=  ~(1 << SND_FND_DIGIT_D4);  // PC5만 LOW
     3ec:	85 b3       	in	r24, 0x15	; 21
     3ee:	8f 77       	andi	r24, 0x7F	; 127
     3f0:	85 bb       	out	0x15, r24	; 21
		break;
     3f2:	1a c0       	rjmp	.+52     	; 0x428 <__LOCK_REGION_LENGTH__+0x28>

		case 5:
		FND_DATA_PORT = car_status_font[car_direction];
     3f4:	f8 01       	movw	r30, r16
     3f6:	e9 5e       	subi	r30, 0xE9	; 233
     3f8:	fe 4f       	sbci	r31, 0xFE	; 254
     3fa:	80 81       	ld	r24, Z
     3fc:	82 bb       	out	0x12, r24	; 18
		PORTC &= ~(1 << SND_FND_DIGIT_D3);  // PC5만 LOW
     3fe:	85 b3       	in	r24, 0x15	; 21
     400:	8f 7b       	andi	r24, 0xBF	; 191
     402:	85 bb       	out	0x15, r24	; 21
		break;
     404:	11 c0       	rjmp	.+34     	; 0x428 <__LOCK_REGION_LENGTH__+0x28>

		case 6:

		FND_DATA_PORT = car_status_font[car_direction];
     406:	f8 01       	movw	r30, r16
     408:	e9 5e       	subi	r30, 0xE9	; 233
     40a:	fe 4f       	sbci	r31, 0xFE	; 254
     40c:	80 81       	ld	r24, Z
     40e:	82 bb       	out	0x12, r24	; 18
		PORTC &= ~(1 << SND_FND_DIGIT_D2);  // PC5만 LOW
     410:	85 b3       	in	r24, 0x15	; 21
     412:	8f 7d       	andi	r24, 0xDF	; 223
     414:	85 bb       	out	0x15, r24	; 21
		break;
     416:	08 c0       	rjmp	.+16     	; 0x428 <__LOCK_REGION_LENGTH__+0x28>

		case 7:
		FND_DATA_PORT = car_status_font[car_direction];
     418:	f8 01       	movw	r30, r16
     41a:	e9 5e       	subi	r30, 0xE9	; 233
     41c:	fe 4f       	sbci	r31, 0xFE	; 254
     41e:	80 81       	ld	r24, Z
     420:	82 bb       	out	0x12, r24	; 18
		PORTC &= ~(1 << SND_FND_DIGIT_D1);  // PC5만 LOW
     422:	85 b3       	in	r24, 0x15	; 21
     424:	8f 7e       	andi	r24, 0xEF	; 239
     426:	85 bb       	out	0x15, r24	; 21
		break;
	}
	
	digit_select = (digit_select + 1 ) % 8;
     428:	80 91 49 01 	lds	r24, 0x0149	; 0x800149 <digit_select.1787>
     42c:	90 91 4a 01 	lds	r25, 0x014A	; 0x80014a <digit_select.1787+0x1>
     430:	01 96       	adiw	r24, 0x01	; 1
     432:	87 70       	andi	r24, 0x07	; 7
     434:	90 78       	andi	r25, 0x80	; 128
     436:	99 23       	and	r25, r25
     438:	24 f4       	brge	.+8      	; 0x442 <__LOCK_REGION_LENGTH__+0x42>
     43a:	01 97       	sbiw	r24, 0x01	; 1
     43c:	88 6f       	ori	r24, 0xF8	; 248
     43e:	9f 6f       	ori	r25, 0xFF	; 255
     440:	01 96       	adiw	r24, 0x01	; 1
     442:	90 93 4a 01 	sts	0x014A, r25	; 0x80014a <digit_select.1787+0x1>
     446:	80 93 49 01 	sts	0x0149, r24	; 0x800149 <digit_select.1787>
}
     44a:	1f 91       	pop	r17
     44c:	0f 91       	pop	r16
     44e:	08 95       	ret

00000450 <car_status_cnt>:
int car_direction_cnt[5] = {0,};
void car_status_cnt(int car_direction);

void car_status_cnt(int car_direction)
{	
	switch (car_direction){
     450:	82 30       	cpi	r24, 0x02	; 2
     452:	91 05       	cpc	r25, r1
     454:	21 f1       	breq	.+72     	; 0x49e <car_status_cnt+0x4e>
     456:	34 f4       	brge	.+12     	; 0x464 <car_status_cnt+0x14>
     458:	00 97       	sbiw	r24, 0x00	; 0
     45a:	59 f0       	breq	.+22     	; 0x472 <car_status_cnt+0x22>
     45c:	81 30       	cpi	r24, 0x01	; 1
     45e:	91 05       	cpc	r25, r1
     460:	99 f0       	breq	.+38     	; 0x488 <car_status_cnt+0x38>
     462:	08 95       	ret
     464:	83 30       	cpi	r24, 0x03	; 3
     466:	91 05       	cpc	r25, r1
     468:	29 f1       	breq	.+74     	; 0x4b4 <car_status_cnt+0x64>
     46a:	84 30       	cpi	r24, 0x04	; 4
     46c:	91 05       	cpc	r25, r1
     46e:	69 f1       	breq	.+90     	; 0x4ca <car_status_cnt+0x7a>
     470:	08 95       	ret
		case 0:
			car_direction_cnt[car_direction]++;
     472:	88 0f       	add	r24, r24
     474:	99 1f       	adc	r25, r25
     476:	fc 01       	movw	r30, r24
     478:	e3 5b       	subi	r30, 0xB3	; 179
     47a:	fe 4f       	sbci	r31, 0xFE	; 254
     47c:	80 81       	ld	r24, Z
     47e:	91 81       	ldd	r25, Z+1	; 0x01
     480:	01 96       	adiw	r24, 0x01	; 1
     482:	91 83       	std	Z+1, r25	; 0x01
     484:	80 83       	st	Z, r24
			break;
     486:	08 95       	ret
		
		case 1:
			car_direction_cnt[car_direction]++;
     488:	88 0f       	add	r24, r24
     48a:	99 1f       	adc	r25, r25
     48c:	fc 01       	movw	r30, r24
     48e:	e3 5b       	subi	r30, 0xB3	; 179
     490:	fe 4f       	sbci	r31, 0xFE	; 254
     492:	80 81       	ld	r24, Z
     494:	91 81       	ldd	r25, Z+1	; 0x01
     496:	01 96       	adiw	r24, 0x01	; 1
     498:	91 83       	std	Z+1, r25	; 0x01
     49a:	80 83       	st	Z, r24
			break;
     49c:	08 95       	ret
		
		case 2:
			car_direction_cnt[car_direction]++;
     49e:	88 0f       	add	r24, r24
     4a0:	99 1f       	adc	r25, r25
     4a2:	fc 01       	movw	r30, r24
     4a4:	e3 5b       	subi	r30, 0xB3	; 179
     4a6:	fe 4f       	sbci	r31, 0xFE	; 254
     4a8:	80 81       	ld	r24, Z
     4aa:	91 81       	ldd	r25, Z+1	; 0x01
     4ac:	01 96       	adiw	r24, 0x01	; 1
     4ae:	91 83       	std	Z+1, r25	; 0x01
     4b0:	80 83       	st	Z, r24
			break;
     4b2:	08 95       	ret
		
		case 3:
			car_direction_cnt[car_direction]++;
     4b4:	88 0f       	add	r24, r24
     4b6:	99 1f       	adc	r25, r25
     4b8:	fc 01       	movw	r30, r24
     4ba:	e3 5b       	subi	r30, 0xB3	; 179
     4bc:	fe 4f       	sbci	r31, 0xFE	; 254
     4be:	80 81       	ld	r24, Z
     4c0:	91 81       	ldd	r25, Z+1	; 0x01
     4c2:	01 96       	adiw	r24, 0x01	; 1
     4c4:	91 83       	std	Z+1, r25	; 0x01
     4c6:	80 83       	st	Z, r24
			break;
     4c8:	08 95       	ret
		
		case 4:
			car_direction_cnt[car_direction]++;
     4ca:	88 0f       	add	r24, r24
     4cc:	99 1f       	adc	r25, r25
     4ce:	fc 01       	movw	r30, r24
     4d0:	e3 5b       	subi	r30, 0xB3	; 179
     4d2:	fe 4f       	sbci	r31, 0xFE	; 254
     4d4:	80 81       	ld	r24, Z
     4d6:	91 81       	ldd	r25, Z+1	; 0x01
     4d8:	01 96       	adiw	r24, 0x01	; 1
     4da:	91 83       	std	Z+1, r25	; 0x01
     4dc:	80 83       	st	Z, r24
     4de:	08 95       	ret

000004e0 <init_led>:
	return 0;
}

void init_led(void)
{
	DDRA=0xff;  // PORTA 를 출력 모드로 설정
     4e0:	8f ef       	ldi	r24, 0xFF	; 255
     4e2:	8a bb       	out	0x1a, r24	; 26
	PORTA=0x00;  // PORTA에 물려있는 led를 all off
     4e4:	1b ba       	out	0x1b, r1	; 27
     4e6:	08 95       	ret

000004e8 <manual_mode>:

volatile sensor_step_t sensor_step = 0;

void manual_mode(void)
{
	switch(data)
     4e8:	e0 91 9c 04 	lds	r30, 0x049C	; 0x80049c <data>
     4ec:	8e 2f       	mov	r24, r30
     4ee:	90 e0       	ldi	r25, 0x00	; 0
     4f0:	fc 01       	movw	r30, r24
     4f2:	e2 54       	subi	r30, 0x42	; 66
     4f4:	f1 09       	sbc	r31, r1
     4f6:	e2 33       	cpi	r30, 0x32	; 50
     4f8:	f1 05       	cpc	r31, r1
     4fa:	a0 f4       	brcc	.+40     	; 0x524 <manual_mode+0x3c>
     4fc:	ea 5a       	subi	r30, 0xAA	; 170
     4fe:	ff 4f       	sbci	r31, 0xFF	; 255
     500:	d5 c5       	rjmp	.+2986   	; 0x10ac <__tablejump2__>
	{
		case 'F':
		case 'f':
			forward(500);	// speed를 넘겨줌. 4us * 500 = 0.002sec(2ms)
     502:	84 ef       	ldi	r24, 0xF4	; 244
     504:	91 e0       	ldi	r25, 0x01	; 1
     506:	19 c2       	rjmp	.+1074   	; 0x93a <forward>
			break;
     508:	08 95       	ret

		case 'B':
		case 'b':
			backward(500);
     50a:	84 ef       	ldi	r24, 0xF4	; 244
     50c:	91 e0       	ldi	r25, 0x01	; 1
     50e:	23 c2       	rjmp	.+1094   	; 0x956 <backward>
			break;

		case 'L':
		case 'l':
			turn_left(700);	// 2.8ms
     510:	08 95       	ret
     512:	8c eb       	ldi	r24, 0xBC	; 188
     514:	92 e0       	ldi	r25, 0x02	; 2
			break;
     516:	2d c2       	rjmp	.+1114   	; 0x972 <turn_left>

		case 'R':
		case 'r':
			turn_right(700);
     518:	08 95       	ret
     51a:	8c eb       	ldi	r24, 0xBC	; 188
     51c:	92 e0       	ldi	r25, 0x02	; 2
			break;
     51e:	37 c2       	rjmp	.+1134   	; 0x98e <turn_right>
		
		case 'S':
		case 's':
			stop();
     520:	08 95       	ret
     522:	43 c2       	rjmp	.+1158   	; 0x9aa <stop>
     524:	08 95       	ret

00000526 <auto_mode>:
	}
}

void auto_mode(void)
{
	switch(car_direction)
     526:	80 91 00 01 	lds	r24, 0x0100	; 0x800100 <__DATA_REGION_ORIGIN__>
     52a:	82 30       	cpi	r24, 0x02	; 2
     52c:	99 f0       	breq	.+38     	; 0x554 <auto_mode+0x2e>
     52e:	28 f4       	brcc	.+10     	; 0x53a <auto_mode+0x14>
     530:	88 23       	and	r24, r24
     532:	41 f0       	breq	.+16     	; 0x544 <auto_mode+0x1e>
     534:	81 30       	cpi	r24, 0x01	; 1
     536:	51 f0       	breq	.+20     	; 0x54c <auto_mode+0x26>
     538:	08 95       	ret
     53a:	83 30       	cpi	r24, 0x03	; 3
     53c:	99 f0       	breq	.+38     	; 0x564 <auto_mode+0x3e>
     53e:	84 30       	cpi	r24, 0x04	; 4
     540:	69 f0       	breq	.+26     	; 0x55c <auto_mode+0x36>
     542:	08 95       	ret
	{
		case CAR_FORWARD: forward(400); break;
     544:	80 e9       	ldi	r24, 0x90	; 144
     546:	91 e0       	ldi	r25, 0x01	; 1
     548:	f8 c1       	rjmp	.+1008   	; 0x93a <forward>
     54a:	08 95       	ret
		case CAR_LEFT:    turn_left(600); break;
     54c:	88 e5       	ldi	r24, 0x58	; 88
     54e:	92 e0       	ldi	r25, 0x02	; 2
     550:	10 c2       	rjmp	.+1056   	; 0x972 <turn_left>
     552:	08 95       	ret
		case CAR_RIGHT:   turn_right(600); break;
     554:	88 e5       	ldi	r24, 0x58	; 88
     556:	92 e0       	ldi	r25, 0x02	; 2
     558:	1a c2       	rjmp	.+1076   	; 0x98e <turn_right>
     55a:	08 95       	ret
		case CAR_BACK:	  backward(400); break;
     55c:	80 e9       	ldi	r24, 0x90	; 144
     55e:	91 e0       	ldi	r25, 0x01	; 1
     560:	fa c1       	rjmp	.+1012   	; 0x956 <backward>
     562:	08 95       	ret
		case CAR_STOP:    stop(); break;
     564:	22 c2       	rjmp	.+1092   	; 0x9aa <stop>
     566:	08 95       	ret

00000568 <auto_mode_check>:
     568:	40 91 76 01 	lds	r20, 0x0176	; 0x800176 <ultrasonic_distance_r>
volatile int hold_count = 0;

// study todo: 확실히 상태를 enum처리하는 것이 더 처리하기 좋다
void auto_mode_check(void)
{
    printf("L=%d C=%d R=%d\r\n",
     56c:	50 91 77 01 	lds	r21, 0x0177	; 0x800177 <ultrasonic_distance_r+0x1>
     570:	20 91 78 01 	lds	r18, 0x0178	; 0x800178 <ultrasonic_distance_c>
     574:	30 91 79 01 	lds	r19, 0x0179	; 0x800179 <ultrasonic_distance_c+0x1>
     578:	80 91 7a 01 	lds	r24, 0x017A	; 0x80017a <ultrasonic_distance_l>
     57c:	90 91 7b 01 	lds	r25, 0x017B	; 0x80017b <ultrasonic_distance_l+0x1>
     580:	5f 93       	push	r21
     582:	4f 93       	push	r20
     584:	3f 93       	push	r19
     586:	2f 93       	push	r18
     588:	9f 93       	push	r25
     58a:	8f 93       	push	r24
     58c:	87 e3       	ldi	r24, 0x37	; 55
     58e:	91 e0       	ldi	r25, 0x01	; 1
     590:	9f 93       	push	r25
     592:	8f 93       	push	r24
     594:	94 d5       	rcall	.+2856   	; 0x10be <printf>
    ultrasonic_distance_l,
    ultrasonic_distance_c,
    ultrasonic_distance_r);

    if(hold_count > 0)
     596:	80 91 57 01 	lds	r24, 0x0157	; 0x800157 <hold_count>
     59a:	90 91 58 01 	lds	r25, 0x0158	; 0x800158 <hold_count+0x1>
     59e:	2d b7       	in	r18, 0x3d	; 61
     5a0:	3e b7       	in	r19, 0x3e	; 62
     5a2:	28 5f       	subi	r18, 0xF8	; 248
     5a4:	3f 4f       	sbci	r19, 0xFF	; 255
     5a6:	0f b6       	in	r0, 0x3f	; 63
     5a8:	f8 94       	cli
     5aa:	3e bf       	out	0x3e, r19	; 62
     5ac:	0f be       	out	0x3f, r0	; 63
     5ae:	2d bf       	out	0x3d, r18	; 61
     5b0:	18 16       	cp	r1, r24
     5b2:	19 06       	cpc	r1, r25
     5b4:	54 f4       	brge	.+20     	; 0x5ca <auto_mode_check+0x62>
    {
	    hold_count--;
     5b6:	80 91 57 01 	lds	r24, 0x0157	; 0x800157 <hold_count>
     5ba:	90 91 58 01 	lds	r25, 0x0158	; 0x800158 <hold_count+0x1>
     5be:	01 97       	sbiw	r24, 0x01	; 1
     5c0:	90 93 58 01 	sts	0x0158, r25	; 0x800158 <hold_count+0x1>
     5c4:	80 93 57 01 	sts	0x0157, r24	; 0x800157 <hold_count>
	    return;   // 아직 이전 방향 유지
     5c8:	08 95       	ret
    }

    if(ultrasonic_distance_c < 15)
     5ca:	80 91 78 01 	lds	r24, 0x0178	; 0x800178 <ultrasonic_distance_c>
     5ce:	90 91 79 01 	lds	r25, 0x0179	; 0x800179 <ultrasonic_distance_c+0x1>
     5d2:	0f 97       	sbiw	r24, 0x0f	; 15
     5d4:	6c f4       	brge	.+26     	; 0x5f0 <auto_mode_check+0x88>
    {
	    car_direction = CAR_BACK;
     5d6:	84 e0       	ldi	r24, 0x04	; 4
     5d8:	80 93 00 01 	sts	0x0100, r24	; 0x800100 <__DATA_REGION_ORIGIN__>
	    hold_count = HOLD_CYCLES_BACK;
     5dc:	8c e3       	ldi	r24, 0x3C	; 60
     5de:	90 e0       	ldi	r25, 0x00	; 0
     5e0:	90 93 58 01 	sts	0x0158, r25	; 0x800158 <hold_count+0x1>
     5e4:	80 93 57 01 	sts	0x0157, r24	; 0x800157 <hold_count>
		car_status_cnt(car_direction);
     5e8:	84 e0       	ldi	r24, 0x04	; 4
     5ea:	90 e0       	ldi	r25, 0x00	; 0
     5ec:	31 cf       	rjmp	.-414    	; 0x450 <car_status_cnt>
     5ee:	08 95       	ret
    }
    else if(ultrasonic_distance_l < 15)
     5f0:	80 91 7a 01 	lds	r24, 0x017A	; 0x80017a <ultrasonic_distance_l>
     5f4:	90 91 7b 01 	lds	r25, 0x017B	; 0x80017b <ultrasonic_distance_l+0x1>
     5f8:	0f 97       	sbiw	r24, 0x0f	; 15
     5fa:	6c f4       	brge	.+26     	; 0x616 <auto_mode_check+0xae>
    {
	    car_direction = CAR_RIGHT;
     5fc:	82 e0       	ldi	r24, 0x02	; 2
     5fe:	80 93 00 01 	sts	0x0100, r24	; 0x800100 <__DATA_REGION_ORIGIN__>
	    hold_count = HOLD_CYCLES_TURN;
     602:	8e e1       	ldi	r24, 0x1E	; 30
     604:	90 e0       	ldi	r25, 0x00	; 0
     606:	90 93 58 01 	sts	0x0158, r25	; 0x800158 <hold_count+0x1>
     60a:	80 93 57 01 	sts	0x0157, r24	; 0x800157 <hold_count>
		car_status_cnt(car_direction);
     60e:	82 e0       	ldi	r24, 0x02	; 2
     610:	90 e0       	ldi	r25, 0x00	; 0
     612:	1e cf       	rjmp	.-452    	; 0x450 <car_status_cnt>
     614:	08 95       	ret
    }
    else if(ultrasonic_distance_r < 14)
     616:	80 91 76 01 	lds	r24, 0x0176	; 0x800176 <ultrasonic_distance_r>
     61a:	90 91 77 01 	lds	r25, 0x0177	; 0x800177 <ultrasonic_distance_r+0x1>
     61e:	0e 97       	sbiw	r24, 0x0e	; 14
     620:	6c f4       	brge	.+26     	; 0x63c <auto_mode_check+0xd4>
    {
	    car_direction = CAR_LEFT;
     622:	81 e0       	ldi	r24, 0x01	; 1
     624:	80 93 00 01 	sts	0x0100, r24	; 0x800100 <__DATA_REGION_ORIGIN__>
	    hold_count = HOLD_CYCLES_TURN;
     628:	8e e1       	ldi	r24, 0x1E	; 30
     62a:	90 e0       	ldi	r25, 0x00	; 0
     62c:	90 93 58 01 	sts	0x0158, r25	; 0x800158 <hold_count+0x1>
     630:	80 93 57 01 	sts	0x0157, r24	; 0x800157 <hold_count>
		car_status_cnt(car_direction);
     634:	81 e0       	ldi	r24, 0x01	; 1
     636:	90 e0       	ldi	r25, 0x00	; 0
     638:	0b cf       	rjmp	.-490    	; 0x450 <car_status_cnt>
     63a:	08 95       	ret
    }
    else
    {
	    car_direction = CAR_FORWARD;
     63c:	10 92 00 01 	sts	0x0100, r1	; 0x800100 <__DATA_REGION_ORIGIN__>
		car_status_cnt(car_direction);
     640:	80 e0       	ldi	r24, 0x00	; 0
     642:	90 e0       	ldi	r25, 0x00	; 0
     644:	05 cf       	rjmp	.-502    	; 0x450 <car_status_cnt>
     646:	08 95       	ret

00000648 <distance_check>:
}


void distance_check(void)
{
	switch(sensor_step)
     648:	80 91 59 01 	lds	r24, 0x0159	; 0x800159 <sensor_step>
     64c:	81 30       	cpi	r24, 0x01	; 1
     64e:	69 f0       	breq	.+26     	; 0x66a <distance_check+0x22>
     650:	28 f0       	brcs	.+10     	; 0x65c <distance_check+0x14>
     652:	82 30       	cpi	r24, 0x02	; 2
     654:	d9 f0       	breq	.+54     	; 0x68c <distance_check+0x44>
     656:	83 30       	cpi	r24, 0x03	; 3
     658:	51 f1       	breq	.+84     	; 0x6ae <distance_check+0x66>
     65a:	08 95       	ret
	{	
		case 0:
			make_trigger(LEFT_TRIG_PIN);
     65c:	80 e0       	ldi	r24, 0x00	; 0
     65e:	90 e0       	ldi	r25, 0x00	; 0
     660:	19 d3       	rcall	.+1586   	; 0xc94 <make_trigger>
			sensor_step = 1;
     662:	81 e0       	ldi	r24, 0x01	; 1
     664:	80 93 59 01 	sts	0x0159, r24	; 0x800159 <sensor_step>
			break;
     668:	08 95       	ret

		case 1:
		if(flag_l)
     66a:	80 91 74 01 	lds	r24, 0x0174	; 0x800174 <flag_l>
     66e:	90 91 75 01 	lds	r25, 0x0175	; 0x800175 <flag_l+0x1>
     672:	89 2b       	or	r24, r25
     674:	41 f1       	breq	.+80     	; 0x6c6 <distance_check+0x7e>
		{
			flag_l = 0;
     676:	10 92 75 01 	sts	0x0175, r1	; 0x800175 <flag_l+0x1>
     67a:	10 92 74 01 	sts	0x0174, r1	; 0x800174 <flag_l>

			make_trigger(CENTER_TRIG_PIN);
     67e:	81 e0       	ldi	r24, 0x01	; 1
     680:	90 e0       	ldi	r25, 0x00	; 0
     682:	08 d3       	rcall	.+1552   	; 0xc94 <make_trigger>
			sensor_step = 2;
     684:	82 e0       	ldi	r24, 0x02	; 2
     686:	80 93 59 01 	sts	0x0159, r24	; 0x800159 <sensor_step>
     68a:	08 95       	ret
		}
		break;

		case 2:
		if(flag_c)
     68c:	80 91 72 01 	lds	r24, 0x0172	; 0x800172 <flag_c>
     690:	90 91 73 01 	lds	r25, 0x0173	; 0x800173 <flag_c+0x1>
     694:	89 2b       	or	r24, r25
     696:	b9 f0       	breq	.+46     	; 0x6c6 <distance_check+0x7e>
		{
			flag_c = 0;
     698:	10 92 73 01 	sts	0x0173, r1	; 0x800173 <flag_c+0x1>
     69c:	10 92 72 01 	sts	0x0172, r1	; 0x800172 <flag_c>

			make_trigger(RIGHT_TRIG_PIN);
     6a0:	82 e0       	ldi	r24, 0x02	; 2
     6a2:	90 e0       	ldi	r25, 0x00	; 0
     6a4:	f7 d2       	rcall	.+1518   	; 0xc94 <make_trigger>
			sensor_step = 3;
     6a6:	83 e0       	ldi	r24, 0x03	; 3
     6a8:	80 93 59 01 	sts	0x0159, r24	; 0x800159 <sensor_step>
     6ac:	08 95       	ret
		}
		break;

		case 3:
		if(flag_r)
     6ae:	80 91 70 01 	lds	r24, 0x0170	; 0x800170 <flag_r>
     6b2:	90 91 71 01 	lds	r25, 0x0171	; 0x800171 <flag_r+0x1>
     6b6:	89 2b       	or	r24, r25
     6b8:	31 f0       	breq	.+12     	; 0x6c6 <distance_check+0x7e>
		{
			flag_r = 0;
     6ba:	10 92 71 01 	sts	0x0171, r1	; 0x800171 <flag_r+0x1>
     6be:	10 92 70 01 	sts	0x0170, r1	; 0x800170 <flag_r>

			sensor_step = 0;
     6c2:	10 92 59 01 	sts	0x0159, r1	; 0x800159 <sensor_step>
     6c6:	08 95       	ret

000006c8 <__vector_16>:
		break;
	}
}

ISR(TIMER0_OVF_vect)
{
     6c8:	1f 92       	push	r1
     6ca:	0f 92       	push	r0
     6cc:	0f b6       	in	r0, 0x3f	; 63
     6ce:	0f 92       	push	r0
     6d0:	11 24       	eor	r1, r1
     6d2:	0b b6       	in	r0, 0x3b	; 59
     6d4:	0f 92       	push	r0
     6d6:	0f 93       	push	r16
     6d8:	1f 93       	push	r17
     6da:	2f 93       	push	r18
     6dc:	3f 93       	push	r19
     6de:	4f 93       	push	r20
     6e0:	5f 93       	push	r21
     6e2:	6f 93       	push	r22
     6e4:	7f 93       	push	r23
     6e6:	8f 93       	push	r24
     6e8:	9f 93       	push	r25
     6ea:	af 93       	push	r26
     6ec:	bf 93       	push	r27
     6ee:	ef 93       	push	r30
     6f0:	ff 93       	push	r31
	TCNT0 = 6;	// TCNT0 6~256: 250개 pulse count 하기 위해
     6f2:	86 e0       	ldi	r24, 0x06	; 6
     6f4:	82 bf       	out	0x32, r24	; 50

	if(is_auto)
     6f6:	80 91 5a 01 	lds	r24, 0x015A	; 0x80015a <is_auto>
     6fa:	90 91 5b 01 	lds	r25, 0x015B	; 0x80015b <is_auto+0x1>
     6fe:	89 2b       	or	r24, r25
     700:	09 f4       	brne	.+2      	; 0x704 <__vector_16+0x3c>
     702:	6a c0       	rjmp	.+212    	; 0x7d8 <__vector_16+0x110>
	{
		ms++;
     704:	80 91 5e 01 	lds	r24, 0x015E	; 0x80015e <ms>
     708:	90 91 5f 01 	lds	r25, 0x015F	; 0x80015f <ms+0x1>
     70c:	a0 91 60 01 	lds	r26, 0x0160	; 0x800160 <ms+0x2>
     710:	b0 91 61 01 	lds	r27, 0x0161	; 0x800161 <ms+0x3>
     714:	01 96       	adiw	r24, 0x01	; 1
     716:	a1 1d       	adc	r26, r1
     718:	b1 1d       	adc	r27, r1
     71a:	80 93 5e 01 	sts	0x015E, r24	; 0x80015e <ms>
     71e:	90 93 5f 01 	sts	0x015F, r25	; 0x80015f <ms+0x1>
     722:	a0 93 60 01 	sts	0x0160, r26	; 0x800160 <ms+0x2>
     726:	b0 93 61 01 	sts	0x0161, r27	; 0x800161 <ms+0x3>
		find_display_FST(sec_count, dot_display,car_direction);
     72a:	20 91 62 01 	lds	r18, 0x0162	; 0x800162 <dot_display>
     72e:	30 91 63 01 	lds	r19, 0x0163	; 0x800163 <dot_display+0x1>
     732:	40 91 64 01 	lds	r20, 0x0164	; 0x800164 <dot_display+0x2>
     736:	50 91 65 01 	lds	r21, 0x0165	; 0x800165 <dot_display+0x3>
     73a:	60 91 66 01 	lds	r22, 0x0166	; 0x800166 <sec_count>
     73e:	70 91 67 01 	lds	r23, 0x0167	; 0x800167 <sec_count+0x1>
     742:	80 91 68 01 	lds	r24, 0x0168	; 0x800168 <sec_count+0x2>
     746:	90 91 69 01 	lds	r25, 0x0169	; 0x800169 <sec_count+0x3>
     74a:	00 91 00 01 	lds	r16, 0x0100	; 0x800100 <__DATA_REGION_ORIGIN__>
     74e:	10 e0       	ldi	r17, 0x00	; 0
     750:	3c dd       	rcall	.-1416   	; 0x1ca <find_display_FST>
		
		if(1000 <= ms)
     752:	80 91 5e 01 	lds	r24, 0x015E	; 0x80015e <ms>
     756:	90 91 5f 01 	lds	r25, 0x015F	; 0x80015f <ms+0x1>
     75a:	a0 91 60 01 	lds	r26, 0x0160	; 0x800160 <ms+0x2>
     75e:	b0 91 61 01 	lds	r27, 0x0161	; 0x800161 <ms+0x3>
     762:	88 3e       	cpi	r24, 0xE8	; 232
     764:	93 40       	sbci	r25, 0x03	; 3
     766:	a1 05       	cpc	r26, r1
     768:	b1 05       	cpc	r27, r1
     76a:	b0 f1       	brcs	.+108    	; 0x7d8 <__vector_16+0x110>
		{
			sec_count++;
     76c:	80 91 66 01 	lds	r24, 0x0166	; 0x800166 <sec_count>
     770:	90 91 67 01 	lds	r25, 0x0167	; 0x800167 <sec_count+0x1>
     774:	a0 91 68 01 	lds	r26, 0x0168	; 0x800168 <sec_count+0x2>
     778:	b0 91 69 01 	lds	r27, 0x0169	; 0x800169 <sec_count+0x3>
     77c:	01 96       	adiw	r24, 0x01	; 1
     77e:	a1 1d       	adc	r26, r1
     780:	b1 1d       	adc	r27, r1
     782:	80 93 66 01 	sts	0x0166, r24	; 0x800166 <sec_count>
     786:	90 93 67 01 	sts	0x0167, r25	; 0x800167 <sec_count+0x1>
     78a:	a0 93 68 01 	sts	0x0168, r26	; 0x800168 <sec_count+0x2>
     78e:	b0 93 69 01 	sts	0x0169, r27	; 0x800169 <sec_count+0x3>
			ms=0;
     792:	10 92 5e 01 	sts	0x015E, r1	; 0x80015e <ms>
     796:	10 92 5f 01 	sts	0x015F, r1	; 0x80015f <ms+0x1>
     79a:	10 92 60 01 	sts	0x0160, r1	; 0x800160 <ms+0x2>
     79e:	10 92 61 01 	sts	0x0161, r1	; 0x800161 <ms+0x3>
			dot_display = !dot_display;
     7a2:	40 91 62 01 	lds	r20, 0x0162	; 0x800162 <dot_display>
     7a6:	50 91 63 01 	lds	r21, 0x0163	; 0x800163 <dot_display+0x1>
     7aa:	60 91 64 01 	lds	r22, 0x0164	; 0x800164 <dot_display+0x2>
     7ae:	70 91 65 01 	lds	r23, 0x0165	; 0x800165 <dot_display+0x3>
     7b2:	81 e0       	ldi	r24, 0x01	; 1
     7b4:	90 e0       	ldi	r25, 0x00	; 0
     7b6:	a0 e0       	ldi	r26, 0x00	; 0
     7b8:	b0 e0       	ldi	r27, 0x00	; 0
     7ba:	45 2b       	or	r20, r21
     7bc:	46 2b       	or	r20, r22
     7be:	47 2b       	or	r20, r23
     7c0:	19 f0       	breq	.+6      	; 0x7c8 <__vector_16+0x100>
     7c2:	80 e0       	ldi	r24, 0x00	; 0
     7c4:	90 e0       	ldi	r25, 0x00	; 0
     7c6:	dc 01       	movw	r26, r24
     7c8:	80 93 62 01 	sts	0x0162, r24	; 0x800162 <dot_display>
     7cc:	90 93 63 01 	sts	0x0163, r25	; 0x800163 <dot_display+0x1>
     7d0:	a0 93 64 01 	sts	0x0164, r26	; 0x800164 <dot_display+0x2>
     7d4:	b0 93 65 01 	sts	0x0165, r27	; 0x800165 <dot_display+0x3>
		}
		
	}
}
     7d8:	ff 91       	pop	r31
     7da:	ef 91       	pop	r30
     7dc:	bf 91       	pop	r27
     7de:	af 91       	pop	r26
     7e0:	9f 91       	pop	r25
     7e2:	8f 91       	pop	r24
     7e4:	7f 91       	pop	r23
     7e6:	6f 91       	pop	r22
     7e8:	5f 91       	pop	r21
     7ea:	4f 91       	pop	r20
     7ec:	3f 91       	pop	r19
     7ee:	2f 91       	pop	r18
     7f0:	1f 91       	pop	r17
     7f2:	0f 91       	pop	r16
     7f4:	0f 90       	pop	r0
     7f6:	0b be       	out	0x3b, r0	; 59
     7f8:	0f 90       	pop	r0
     7fa:	0f be       	out	0x3f, r0	; 63
     7fc:	0f 90       	pop	r0
     7fe:	1f 90       	pop	r1
     800:	18 95       	reti

00000802 <init_timer0>:
}


void init_timer0(void)
{
	TCNT0 = 6;	// TCNT0 0~256 : 250개 pulse count 위해
     802:	86 e0       	ldi	r24, 0x06	; 6
     804:	82 bf       	out	0x32, r24	; 50

	TCCR0 &= ~(1 << CS02 | 1 << CS01 | 1 << CS00);	// 0분주
     806:	83 b7       	in	r24, 0x33	; 51
     808:	88 7f       	andi	r24, 0xF8	; 248
     80a:	83 bf       	out	0x33, r24	; 51
	TCCR0 |= 1 << CS02 | 0 << CS01 | 0 << CS00;	// 64분주
     80c:	83 b7       	in	r24, 0x33	; 51
     80e:	84 60       	ori	r24, 0x04	; 4
     810:	83 bf       	out	0x33, r24	; 51
	
	TIMSK |= 1 << TOIE0;	// TIMER0 Overflow INT
     812:	87 b7       	in	r24, 0x37	; 55
     814:	81 60       	ori	r24, 0x01	; 1
     816:	87 bf       	out	0x37, r24	; 55
     818:	08 95       	ret

0000081a <main>:
}

int main(void)
{
	// want to do : 500ms 주기로 바뀌도록 하기
	init_led();
     81a:	62 de       	rcall	.-828    	; 0x4e0 <init_led>
	init_timer0();
     81c:	f2 df       	rcall	.-28     	; 0x802 <init_timer0>
	init_uart0();
     81e:	d2 d0       	rcall	.+420    	; 0x9c4 <init_uart0>
	init_fnd();
     820:	cc dc       	rcall	.-1640   	; 0x1ba <init_fnd>
	init_button();
     822:	95 dc       	rcall	.-1750   	; 0x14e <init_button>

	sei();		// 전역(대문) interrupt 허용
     824:	78 94       	sei

	init_motor_driver();
     826:	72 d0       	rcall	.+228    	; 0x90c <init_motor_driver>
     828:	5d d0       	rcall	.+186    	; 0x8e4 <init_timer1_pwm>
	init_timer1_pwm();
     82a:	6f d2       	rcall	.+1246   	; 0xd0a <init_ultrasonic>
     82c:	89 e0       	ldi	r24, 0x09	; 9
	init_ultrasonic();
     82e:	91 e0       	ldi	r25, 0x01	; 1
     830:	90 93 a0 04 	sts	0x04A0, r25	; 0x8004a0 <__iob+0x3>

	stdout = &OUTPUT;	// printf가 동작할 수 있도록 stdout을 설정
     834:	80 93 9f 04 	sts	0x049F, r24	; 0x80049f <__iob+0x2>
     838:	e0 91 5c 01 	lds	r30, 0x015C	; 0x80015c <func_state>
     83c:	f0 91 5d 01 	lds	r31, 0x015D	; 0x80015d <func_state+0x1>
	
    while (1) 
    {
		fp_mode[func_state]();
     840:	ee 0f       	add	r30, r30
     842:	ff 1f       	adc	r31, r31
     844:	ef 5f       	subi	r30, 0xFF	; 255
     846:	fe 4f       	sbci	r31, 0xFE	; 254
     848:	01 90       	ld	r0, Z+
     84a:	f0 81       	ld	r31, Z
     84c:	e0 2d       	mov	r30, r0
     84e:	09 95       	icall
     850:	64 e0       	ldi	r22, 0x04	; 4
     852:	70 e0       	ldi	r23, 0x00	; 0
		
		if(get_button(BUTTON, BUTTONPIN)) 
     854:	80 e0       	ldi	r24, 0x00	; 0
     856:	90 e0       	ldi	r25, 0x00	; 0
     858:	7e dc       	rcall	.-1796   	; 0x156 <get_button>
     85a:	89 2b       	or	r24, r25
     85c:	91 f0       	breq	.+36     	; 0x882 <main+0x68>
     85e:	81 e0       	ldi	r24, 0x01	; 1
     860:	90 e0       	ldi	r25, 0x00	; 0
     862:	20 91 5c 01 	lds	r18, 0x015C	; 0x80015c <func_state>
		{	
			func_state = func_state == 1 ? 0 : 1;
     866:	30 91 5d 01 	lds	r19, 0x015D	; 0x80015d <func_state+0x1>
     86a:	21 30       	cpi	r18, 0x01	; 1
     86c:	31 05       	cpc	r19, r1
     86e:	11 f4       	brne	.+4      	; 0x874 <main+0x5a>
     870:	80 e0       	ldi	r24, 0x00	; 0
     872:	90 e0       	ldi	r25, 0x00	; 0
     874:	90 93 5d 01 	sts	0x015D, r25	; 0x80015d <func_state+0x1>
     878:	80 93 5c 01 	sts	0x015C, r24	; 0x80015c <func_state>
     87c:	89 2b       	or	r24, r25
     87e:	09 f4       	brne	.+2      	; 0x882 <main+0x68>
			if(func_state == MANUAL_MODE) stop();
     880:	94 d0       	rcall	.+296    	; 0x9aa <stop>
     882:	80 91 5c 01 	lds	r24, 0x015C	; 0x80015c <func_state>
     886:	90 91 5d 01 	lds	r25, 0x015D	; 0x80015d <func_state+0x1>
		}
		
		
		if(func_state == AUTO_MODE)
     88a:	81 30       	cpi	r24, 0x01	; 1
     88c:	91 05       	cpc	r25, r1
     88e:	71 f4       	brne	.+28     	; 0x8ac <main+0x92>
     890:	81 e0       	ldi	r24, 0x01	; 1
     892:	90 e0       	ldi	r25, 0x00	; 0
		{
			is_auto = 1;
     894:	90 93 5b 01 	sts	0x015B, r25	; 0x80015b <is_auto+0x1>
     898:	80 93 5a 01 	sts	0x015A, r24	; 0x80015a <is_auto>
			distance_check();
     89c:	d5 de       	rcall	.-598    	; 0x648 <distance_check>
     89e:	80 91 59 01 	lds	r24, 0x0159	; 0x800159 <sensor_step>
	
			if(sensor_step == 0)
     8a2:	81 11       	cpse	r24, r1
     8a4:	c9 cf       	rjmp	.-110    	; 0x838 <main+0x1e>
     8a6:	60 de       	rcall	.-832    	; 0x568 <auto_mode_check>
			{
				auto_mode_check();
     8a8:	3e de       	rcall	.-900    	; 0x526 <auto_mode>
     8aa:	c6 cf       	rjmp	.-116    	; 0x838 <main+0x1e>
				auto_mode();
     8ac:	89 2b       	or	r24, r25
     8ae:	09 f0       	breq	.+2      	; 0x8b2 <main+0x98>
     8b0:	c3 cf       	rjmp	.-122    	; 0x838 <main+0x1e>
			}
		}
		else if(func_state == MANUAL_MODE)
     8b2:	10 92 5b 01 	sts	0x015B, r1	; 0x80015b <is_auto+0x1>
     8b6:	10 92 5a 01 	sts	0x015A, r1	; 0x80015a <is_auto>
		{
			is_auto = 0;
     8ba:	20 91 5e 01 	lds	r18, 0x015E	; 0x80015e <ms>
     8be:	30 91 5f 01 	lds	r19, 0x015F	; 0x80015f <ms+0x1>
			run_stop_watch(sec_count, ms, car_direction);
     8c2:	40 91 60 01 	lds	r20, 0x0160	; 0x800160 <ms+0x2>
     8c6:	50 91 61 01 	lds	r21, 0x0161	; 0x800161 <ms+0x3>
     8ca:	60 91 66 01 	lds	r22, 0x0166	; 0x800166 <sec_count>
     8ce:	70 91 67 01 	lds	r23, 0x0167	; 0x800167 <sec_count+0x1>
     8d2:	80 91 68 01 	lds	r24, 0x0168	; 0x800168 <sec_count+0x2>
     8d6:	90 91 69 01 	lds	r25, 0x0169	; 0x800169 <sec_count+0x3>
     8da:	00 91 00 01 	lds	r16, 0x0100	; 0x800100 <__DATA_REGION_ORIGIN__>
     8de:	10 e0       	ldi	r17, 0x00	; 0
     8e0:	17 dd       	rcall	.-1490   	; 0x310 <run_stop_watch>
     8e2:	aa cf       	rjmp	.-172    	; 0x838 <main+0x1e>

000008e4 <init_timer1_pwm>:
	// T = 1/f 1/250000Hz --> 0.000004sec --> 4us
	// 250000Hz에서 256개 펄스를 count하면 소요 시간 : 1.02ms
	//              127개                          : 0.5ms
	//				0x3ff(1024)				   : 4ms
	//TCNT3 : 0~255(0x00ff) 까지 count한 후 0으로 다시 돌아간다.
	TCCR1B |= 1 << CS11 | 1 << CS10; // 분주비 64
     8e4:	8e b5       	in	r24, 0x2e	; 46
     8e6:	83 60       	ori	r24, 0x03	; 3
     8e8:	8e bd       	out	0x2e, r24	; 46
	// OCR3C : 50 인 경우 Duty (HIGH)가 몇 % 인가?
	// Duty Cycle : (OCR3C / TOP) * 100 = 50 / 255 * 100 = 19.61%
	
	// 모드 14 : 고속 PWM 모드 사용하겠다. timer1 ( P327 표 14-5)
	// 고속 PWM + ICR1(TOP) > WGM13 : WGM12 : WGM11 : WGM10 = 1 : 1 : 1 : 0
	TCCR1A |= 1 << WGM11;	// TOP --> ICT1을 설정
     8ea:	8f b5       	in	r24, 0x2f	; 47
     8ec:	82 60       	ori	r24, 0x02	; 2
     8ee:	8f bd       	out	0x2f, r24	; 47
	TCCR1B |= 1 << WGM13 | 1 << WGM12;
     8f0:	8e b5       	in	r24, 0x2e	; 46
     8f2:	88 61       	ori	r24, 0x18	; 24
     8f4:	8e bd       	out	0x2e, r24	; 46
	// 비반전 모드 top : ICR1 비교일치 값(PWM) 지정 OCR1A OCR1B P350 표 15-7)
	// 비교 일치 발생 시, COR1, OCR1B의 출력핀은 LOW로 바뀌고, BOTTON에서 HIGH로 바뀐다.
	TCCR1A |= 1 << COM1A1;
     8f6:	8f b5       	in	r24, 0x2f	; 47
     8f8:	80 68       	ori	r24, 0x80	; 128
     8fa:	8f bd       	out	0x2f, r24	; 47
	TCCR1A |= 1 << COM1B1;
     8fc:	8f b5       	in	r24, 0x2f	; 47
     8fe:	80 62       	ori	r24, 0x20	; 32
     900:	8f bd       	out	0x2f, r24	; 47

	ICR1 = 0x3ff;	// 1023 * 4us == 4ms TOP 값
     902:	8f ef       	ldi	r24, 0xFF	; 255
     904:	93 e0       	ldi	r25, 0x03	; 3
     906:	97 bd       	out	0x27, r25	; 39
     908:	86 bd       	out	0x26, r24	; 38
     90a:	08 95       	ret

0000090c <init_motor_driver>:
			1			  0		: 정회전
			1			  1		: STOP
*/
void init_motor_driver(void) {
	// 1. 출력 모드로 설정
	MOTOR_PWM_DDR &= ~((1 << 5) | (1 << 6));	// 0으로 초기화 하고 시작
     90c:	87 b3       	in	r24, 0x17	; 23
     90e:	8f 79       	andi	r24, 0x9F	; 159
     910:	87 bb       	out	0x17, r24	; 23
	MOTOR_PWM_DDR |= (1 << 5) | (1 << 6);
     912:	87 b3       	in	r24, 0x17	; 23
     914:	80 66       	ori	r24, 0x60	; 96
     916:	87 bb       	out	0x17, r24	; 23
	
	MOTOR_DIRECTION_PORT_DDR &= ~((1 << 0) | (1 << 1) | (1 << 2) | (1 << 3));
     918:	e1 e6       	ldi	r30, 0x61	; 97
     91a:	f0 e0       	ldi	r31, 0x00	; 0
     91c:	80 81       	ld	r24, Z
     91e:	80 7f       	andi	r24, 0xF0	; 240
     920:	80 83       	st	Z, r24
	MOTOR_DIRECTION_PORT_DDR |= (1 << 0) | (1 << 1) | (1 << 2) | (1 << 3);	 // 출력 모드로 설정
     922:	80 81       	ld	r24, Z
     924:	8f 60       	ori	r24, 0x0F	; 15
     926:	80 83       	st	Z, r24
	
	// 2. 모터를 전진 모드로
	MOTOR_DIRECTION_PORT &= ~((1 << 0) | (1 << 1) | (1 << 2) | (1 << 3));	// 0으로 초기화 하고 시작
     928:	e2 e6       	ldi	r30, 0x62	; 98
     92a:	f0 e0       	ldi	r31, 0x00	; 0
     92c:	80 81       	ld	r24, Z
     92e:	80 7f       	andi	r24, 0xF0	; 240
     930:	80 83       	st	Z, r24
	// motor1) IN1 IN2  | motor2) IN3 IN4
	// IN1 IN2 IN3 IN4 = 0 1 0 1
	MOTOR_DIRECTION_PORT |= (1 << 0) | (1 << 2);
     932:	80 81       	ld	r24, Z
     934:	85 60       	ori	r24, 0x05	; 5
     936:	80 83       	st	Z, r24
     938:	08 95       	ret

0000093a <forward>:
	
}

void forward(int speed)
{
     93a:	9c 01       	movw	r18, r24
	// 모터를 전진모드로
	MOTOR_DIRECTION_PORT &= ~((1 << 0) | (1 << 1) | (1 << 2) | (1 << 3));	// 0으로 초기화 하고 시작
     93c:	e2 e6       	ldi	r30, 0x62	; 98
     93e:	f0 e0       	ldi	r31, 0x00	; 0
     940:	90 81       	ld	r25, Z
     942:	90 7f       	andi	r25, 0xF0	; 240
     944:	90 83       	st	Z, r25
	MOTOR_DIRECTION_PORT |= (1 << 0) | (1 << 2);	// 모터를 전진 모드로 IN4 IN3 IN2 IN1 = 0 1 0 1
     946:	90 81       	ld	r25, Z
     948:	95 60       	ori	r25, 0x05	; 5
     94a:	90 83       	st	Z, r25

	OCR1A = OCR1B = speed;	// OCR1A: PWM LEFT, OCR1B: PWM RIGHT
     94c:	39 bd       	out	0x29, r19	; 41
     94e:	28 bd       	out	0x28, r18	; 40
     950:	3b bd       	out	0x2b, r19	; 43
     952:	2a bd       	out	0x2a, r18	; 42
     954:	08 95       	ret

00000956 <backward>:
}

void backward(int speed)
{
     956:	9c 01       	movw	r18, r24
	// 모터를 후진모드로
	MOTOR_DIRECTION_PORT &= ~((1 << 0) | (1 << 1) | (1 << 2) | (1 << 3));	// 0으로 초기화 하고 시작
     958:	e2 e6       	ldi	r30, 0x62	; 98
     95a:	f0 e0       	ldi	r31, 0x00	; 0
     95c:	90 81       	ld	r25, Z
     95e:	90 7f       	andi	r25, 0xF0	; 240
     960:	90 83       	st	Z, r25
	MOTOR_DIRECTION_PORT |= (1 << 3) | (1 << 1);	// 모터를 후진 모드로 IN4 IN3 IN2 IN1 = 1 0 1 0
     962:	90 81       	ld	r25, Z
     964:	9a 60       	ori	r25, 0x0A	; 10
     966:	90 83       	st	Z, r25

	OCR1A = OCR1B = speed;	// OCR1A: PWM LEFT, OCR1B: PWM RIGHT
     968:	39 bd       	out	0x29, r19	; 41
     96a:	28 bd       	out	0x28, r18	; 40
     96c:	3b bd       	out	0x2b, r19	; 43
     96e:	2a bd       	out	0x2a, r18	; 42
     970:	08 95       	ret

00000972 <turn_left>:
}

void turn_left(int speed)
{
     972:	9c 01       	movw	r18, r24
	// 모터 좌측은 속도 감속, 모터 우측 속도 증가 
	MOTOR_DIRECTION_PORT &= ~((1 << 0) | (1 << 1) | (1 << 2) | (1 << 3));	// 0으로 초기화 하고 시작
     974:	e2 e6       	ldi	r30, 0x62	; 98
     976:	f0 e0       	ldi	r31, 0x00	; 0
     978:	90 81       	ld	r25, Z
     97a:	90 7f       	andi	r25, 0xF0	; 240
     97c:	90 83       	st	Z, r25
	MOTOR_DIRECTION_PORT |= (1 << 2) | (1 << 0);	// 모터를 후진 모드로 IN4 IN3 IN2 IN1 = 1 0 1 0
     97e:	90 81       	ld	r25, Z
     980:	95 60       	ori	r25, 0x05	; 5
     982:	90 83       	st	Z, r25

	// OCR1A: PWM LEFT, OCR1B: PWM RIGHT
	OCR1A = 0;
     984:	1b bc       	out	0x2b, r1	; 43
     986:	1a bc       	out	0x2a, r1	; 42
	OCR1B = speed;	
     988:	39 bd       	out	0x29, r19	; 41
     98a:	28 bd       	out	0x28, r18	; 40
     98c:	08 95       	ret

0000098e <turn_right>:
}

void turn_right(int speed)
{
     98e:	9c 01       	movw	r18, r24
	// 모터 좌측은 속도 감속, 모터 우측 속도 증가
	MOTOR_DIRECTION_PORT &= ~((1 << 0) | (1 << 1) | (1 << 2) | (1 << 3));	// 0으로 초기화 하고 시작
     990:	e2 e6       	ldi	r30, 0x62	; 98
     992:	f0 e0       	ldi	r31, 0x00	; 0
     994:	90 81       	ld	r25, Z
     996:	90 7f       	andi	r25, 0xF0	; 240
     998:	90 83       	st	Z, r25
	MOTOR_DIRECTION_PORT |= (1 << 2) | (1 << 0);	// 모터를 후진 모드로 IN4 IN3 IN2 IN1 = 1 0 1 0
     99a:	90 81       	ld	r25, Z
     99c:	95 60       	ori	r25, 0x05	; 5
     99e:	90 83       	st	Z, r25

	// OCR1A: PWM LEFT, OCR1B: PWM RIGHT
	OCR1A = speed;
     9a0:	3b bd       	out	0x2b, r19	; 43
     9a2:	2a bd       	out	0x2a, r18	; 42
	OCR1B = 0;	
     9a4:	19 bc       	out	0x29, r1	; 41
     9a6:	18 bc       	out	0x28, r1	; 40
     9a8:	08 95       	ret

000009aa <stop>:
}

void stop(void)
{
	// 모터 좌측은 속도 감속, 모터 우측 속도 증가
	MOTOR_DIRECTION_PORT &= ~((1 << 0) | (1 << 1) | (1 << 2) | (1 << 3));	// 0으로 초기화 하고 시작
     9aa:	e2 e6       	ldi	r30, 0x62	; 98
     9ac:	f0 e0       	ldi	r31, 0x00	; 0
     9ae:	80 81       	ld	r24, Z
     9b0:	80 7f       	andi	r24, 0xF0	; 240
     9b2:	80 83       	st	Z, r24
	MOTOR_DIRECTION_PORT |= (1 << 0) | (1 << 1) | (1 << 2) | (1 << 3);	// 모터를 후진 모드로 IN4 IN3 IN2 IN1 = 1 0 1 0
     9b4:	80 81       	ld	r24, Z
     9b6:	8f 60       	ori	r24, 0x0F	; 15
     9b8:	80 83       	st	Z, r24

	// OCR1A: PWM LEFT, OCR1B: PWM RIGHT
	OCR1A = 0;
     9ba:	1b bc       	out	0x2b, r1	; 43
     9bc:	1a bc       	out	0x2a, r1	; 42
	OCR1B = 0;	
     9be:	19 bc       	out	0x29, r1	; 41
     9c0:	18 bc       	out	0x28, r1	; 40
     9c2:	08 95       	ret

000009c4 <init_uart0>:
2. start / stop 비트 
3. RX(수신): interrupt로 설정
*/
void init_uart0(void)
{
	UBRR0H = 0x00;
     9c4:	10 92 90 00 	sts	0x0090, r1	; 0x800090 <__TEXT_REGION_LENGTH__+0x7e0090>
	UBRR0L = 207;  // 9600bps (표8-9)
     9c8:	8f ec       	ldi	r24, 0xCF	; 207
     9ca:	89 b9       	out	0x09, r24	; 9
	//UBRR0L = 51;  // 9600bps (표8-9)
	UCSR0A |= 1 << U2X0;  // 2배속 설정 (sampling 8)
     9cc:	8b b1       	in	r24, 0x0b	; 11
     9ce:	82 60       	ori	r24, 0x02	; 2
     9d0:	8b b9       	out	0x0b, r24	; 11
	// UART0 를 송신, 수신이 다 가능하고 RX INT 가 가능하도록 설정한다.
	UCSR0B |= 1 << RXEN0 | 1 << TXEN0 | 1 << RXCIE0;
     9d2:	8a b1       	in	r24, 0x0a	; 10
     9d4:	88 69       	ori	r24, 0x98	; 152
     9d6:	8a b9       	out	0x0a, r24	; 10
     9d8:	08 95       	ret

000009da <UART0_transmit>:
}

// UART0로 1byte 전송하는 함수
void UART0_transmit(uint8_t data)
{
	while(!(UCSR0A & (1 << UDRE0)))	// data가 송신 중이면, 송신이 끝날때까지 기다림.	
     9da:	5d 9b       	sbis	0x0b, 5	; 11
     9dc:	fe cf       	rjmp	.-4      	; 0x9da <UART0_transmit>
	{
		;	// no operation
	}
	
	UDR0 = data;  // HW 전송 register에 data 송신한다.
     9de:	8c b9       	out	0x0c, r24	; 12
     9e0:	08 95       	ret

000009e2 <__vector_18>:
// led_all_on\n 이면, 11번 이곳으로 진입한다.
volatile uint8_t data;


ISR(USART0_RX_vect)
{
     9e2:	1f 92       	push	r1
     9e4:	0f 92       	push	r0
     9e6:	0f b6       	in	r0, 0x3f	; 63
     9e8:	0f 92       	push	r0
     9ea:	11 24       	eor	r1, r1
     9ec:	0b b6       	in	r0, 0x3b	; 59
     9ee:	0f 92       	push	r0
     9f0:	2f 93       	push	r18
     9f2:	3f 93       	push	r19
     9f4:	4f 93       	push	r20
     9f6:	5f 93       	push	r21
     9f8:	6f 93       	push	r22
     9fa:	7f 93       	push	r23
     9fc:	8f 93       	push	r24
     9fe:	9f 93       	push	r25
     a00:	af 93       	push	r26
     a02:	bf 93       	push	r27
     a04:	ef 93       	push	r30
     a06:	ff 93       	push	r31
	data = UDR0;		// UDR0의 내용이 data에 복사된 후, UDR0의 내용은 빈 상태로 된다.
     a08:	8c b1       	in	r24, 0x0c	; 12
     a0a:	80 93 9c 04 	sts	0x049C, r24	; 0x80049c <data>
    PORTA ^= (1 << 0);
     a0e:	9b b3       	in	r25, 0x1b	; 27
     a10:	81 e0       	ldi	r24, 0x01	; 1
     a12:	89 27       	eor	r24, r25
     a14:	8b bb       	out	0x1b, r24	; 27
	UART0_transmit(data);	
     a16:	80 91 9c 04 	lds	r24, 0x049C	; 0x80049c <data>
     a1a:	df df       	rcall	.-66     	; 0x9da <UART0_transmit>
}
     a1c:	ff 91       	pop	r31
     a1e:	ef 91       	pop	r30
     a20:	bf 91       	pop	r27
     a22:	af 91       	pop	r26
     a24:	9f 91       	pop	r25
     a26:	8f 91       	pop	r24
     a28:	7f 91       	pop	r23
     a2a:	6f 91       	pop	r22
     a2c:	5f 91       	pop	r21
     a2e:	4f 91       	pop	r20
     a30:	3f 91       	pop	r19
     a32:	2f 91       	pop	r18
     a34:	0f 90       	pop	r0
     a36:	0b be       	out	0x3b, r0	; 59
     a38:	0f 90       	pop	r0
     a3a:	0f be       	out	0x3f, r0	; 63
     a3c:	0f 90       	pop	r0
     a3e:	1f 90       	pop	r1
     a40:	18 95       	reti

00000a42 <__vector_5>:
// p278 표12-3 참조
// INT4 : PE4 외부 INT4 초음파 센서 상승/하강에지 발생시, 이곳으로 들어옴
// 결국, 상승 에지때 1번, 하강 에지때 1번 들어옴
// 0x000A 
ISR (INT4_vect)
{
     a42:	1f 92       	push	r1
     a44:	0f 92       	push	r0
     a46:	0f b6       	in	r0, 0x3f	; 63
     a48:	0f 92       	push	r0
     a4a:	11 24       	eor	r1, r1
     a4c:	0b b6       	in	r0, 0x3b	; 59
     a4e:	0f 92       	push	r0
     a50:	2f 93       	push	r18
     a52:	3f 93       	push	r19
     a54:	4f 93       	push	r20
     a56:	5f 93       	push	r21
     a58:	6f 93       	push	r22
     a5a:	7f 93       	push	r23
     a5c:	8f 93       	push	r24
     a5e:	9f 93       	push	r25
     a60:	af 93       	push	r26
     a62:	bf 93       	push	r27
     a64:	ef 93       	push	r30
     a66:	ff 93       	push	r31
	// 1. 상승에지
	if(ECHO_PORT & (1 << ECHO_PIN_L))
     a68:	0c 9b       	sbis	0x01, 4	; 1
     a6a:	09 c0       	rjmp	.+18     	; 0xa7e <__vector_5+0x3c>
	{
		start_time_l = TCNT3;
     a6c:	80 91 88 00 	lds	r24, 0x0088	; 0x800088 <__TEXT_REGION_LENGTH__+0x7e0088>
     a70:	90 91 89 00 	lds	r25, 0x0089	; 0x800089 <__TEXT_REGION_LENGTH__+0x7e0089>
     a74:	90 93 6f 01 	sts	0x016F, r25	; 0x80016f <start_time_l+0x1>
     a78:	80 93 6e 01 	sts	0x016E, r24	; 0x80016e <start_time_l>
     a7c:	32 c0       	rjmp	.+100    	; 0xae2 <__vector_5+0xa0>
	}
	else // 2. 하강에지
	{
		uint16_t clc_time = TCNT3 - start_time_l;	
     a7e:	60 91 88 00 	lds	r22, 0x0088	; 0x800088 <__TEXT_REGION_LENGTH__+0x7e0088>
     a82:	70 91 89 00 	lds	r23, 0x0089	; 0x800089 <__TEXT_REGION_LENGTH__+0x7e0089>
     a86:	80 91 6e 01 	lds	r24, 0x016E	; 0x80016e <start_time_l>
     a8a:	90 91 6f 01 	lds	r25, 0x016F	; 0x80016f <start_time_l+0x1>
     a8e:	68 1b       	sub	r22, r24
     a90:	79 0b       	sbc	r23, r25
		
		int dist = (clc_time * 1000000.0 * 1024 / F_CPU) / 58;  
     a92:	80 e0       	ldi	r24, 0x00	; 0
     a94:	90 e0       	ldi	r25, 0x00	; 0
     a96:	f7 d1       	rcall	.+1006   	; 0xe86 <__floatunsisf>
     a98:	20 e0       	ldi	r18, 0x00	; 0
     a9a:	34 e2       	ldi	r19, 0x24	; 36
     a9c:	44 e7       	ldi	r20, 0x74	; 116
     a9e:	59 e4       	ldi	r21, 0x49	; 73
     aa0:	80 d2       	rcall	.+1280   	; 0xfa2 <__mulsf3>
     aa2:	20 e0       	ldi	r18, 0x00	; 0
     aa4:	30 e0       	ldi	r19, 0x00	; 0
     aa6:	40 e8       	ldi	r20, 0x80	; 128
     aa8:	54 e4       	ldi	r21, 0x44	; 68
     aaa:	7b d2       	rcall	.+1270   	; 0xfa2 <__mulsf3>
     aac:	20 e0       	ldi	r18, 0x00	; 0
     aae:	34 e2       	ldi	r19, 0x24	; 36
     ab0:	44 e7       	ldi	r20, 0x74	; 116
     ab2:	5b e4       	ldi	r21, 0x4B	; 75
     ab4:	4f d1       	rcall	.+670    	; 0xd54 <__divsf3>
     ab6:	20 e0       	ldi	r18, 0x00	; 0
     ab8:	30 e0       	ldi	r19, 0x00	; 0
     aba:	48 e6       	ldi	r20, 0x68	; 104
     abc:	52 e4       	ldi	r21, 0x42	; 66
     abe:	4a d1       	rcall	.+660    	; 0xd54 <__divsf3>
     ac0:	b1 d1       	rcall	.+866    	; 0xe24 <__fixsfsi>

		if(dist > 0 && dist < 400)         
     ac2:	9b 01       	movw	r18, r22
     ac4:	21 50       	subi	r18, 0x01	; 1
     ac6:	31 09       	sbc	r19, r1
     ac8:	2f 38       	cpi	r18, 0x8F	; 143
     aca:	31 40       	sbci	r19, 0x01	; 1
     acc:	20 f4       	brcc	.+8      	; 0xad6 <__vector_5+0x94>
			ultrasonic_distance_l = dist;  
     ace:	70 93 7b 01 	sts	0x017B, r23	; 0x80017b <ultrasonic_distance_l+0x1>
     ad2:	60 93 7a 01 	sts	0x017A, r22	; 0x80017a <ultrasonic_distance_l>
		
		flag_l = 1;
     ad6:	81 e0       	ldi	r24, 0x01	; 1
     ad8:	90 e0       	ldi	r25, 0x00	; 0
     ada:	90 93 75 01 	sts	0x0175, r25	; 0x800175 <flag_l+0x1>
     ade:	80 93 74 01 	sts	0x0174, r24	; 0x800174 <flag_l>
	}
}
     ae2:	ff 91       	pop	r31
     ae4:	ef 91       	pop	r30
     ae6:	bf 91       	pop	r27
     ae8:	af 91       	pop	r26
     aea:	9f 91       	pop	r25
     aec:	8f 91       	pop	r24
     aee:	7f 91       	pop	r23
     af0:	6f 91       	pop	r22
     af2:	5f 91       	pop	r21
     af4:	4f 91       	pop	r20
     af6:	3f 91       	pop	r19
     af8:	2f 91       	pop	r18
     afa:	0f 90       	pop	r0
     afc:	0b be       	out	0x3b, r0	; 59
     afe:	0f 90       	pop	r0
     b00:	0f be       	out	0x3f, r0	; 63
     b02:	0f 90       	pop	r0
     b04:	1f 90       	pop	r1
     b06:	18 95       	reti

00000b08 <__vector_6>:

ISR(INT5_vect)
{
     b08:	1f 92       	push	r1
     b0a:	0f 92       	push	r0
     b0c:	0f b6       	in	r0, 0x3f	; 63
     b0e:	0f 92       	push	r0
     b10:	11 24       	eor	r1, r1
     b12:	0b b6       	in	r0, 0x3b	; 59
     b14:	0f 92       	push	r0
     b16:	2f 93       	push	r18
     b18:	3f 93       	push	r19
     b1a:	4f 93       	push	r20
     b1c:	5f 93       	push	r21
     b1e:	6f 93       	push	r22
     b20:	7f 93       	push	r23
     b22:	8f 93       	push	r24
     b24:	9f 93       	push	r25
     b26:	af 93       	push	r26
     b28:	bf 93       	push	r27
     b2a:	ef 93       	push	r30
     b2c:	ff 93       	push	r31
	// 1. 상승에지
	if(ECHO_PORT & (1 << ECHO_PIN_C))
     b2e:	0d 9b       	sbis	0x01, 5	; 1
     b30:	09 c0       	rjmp	.+18     	; 0xb44 <__vector_6+0x3c>
	{
		start_time_c = TCNT3;
     b32:	80 91 88 00 	lds	r24, 0x0088	; 0x800088 <__TEXT_REGION_LENGTH__+0x7e0088>
     b36:	90 91 89 00 	lds	r25, 0x0089	; 0x800089 <__TEXT_REGION_LENGTH__+0x7e0089>
     b3a:	90 93 6d 01 	sts	0x016D, r25	; 0x80016d <start_time_c+0x1>
     b3e:	80 93 6c 01 	sts	0x016C, r24	; 0x80016c <start_time_c>
     b42:	32 c0       	rjmp	.+100    	; 0xba8 <__vector_6+0xa0>
	}
	else // 2. 하강에지
	{
		uint16_t clc_time = TCNT3 - start_time_c;
     b44:	60 91 88 00 	lds	r22, 0x0088	; 0x800088 <__TEXT_REGION_LENGTH__+0x7e0088>
     b48:	70 91 89 00 	lds	r23, 0x0089	; 0x800089 <__TEXT_REGION_LENGTH__+0x7e0089>
     b4c:	80 91 6c 01 	lds	r24, 0x016C	; 0x80016c <start_time_c>
     b50:	90 91 6d 01 	lds	r25, 0x016D	; 0x80016d <start_time_c+0x1>
     b54:	68 1b       	sub	r22, r24
     b56:	79 0b       	sbc	r23, r25
		int dist = (clc_time * 1000000.0 * 1024 / F_CPU) / 58;
     b58:	80 e0       	ldi	r24, 0x00	; 0
     b5a:	90 e0       	ldi	r25, 0x00	; 0
     b5c:	94 d1       	rcall	.+808    	; 0xe86 <__floatunsisf>
     b5e:	20 e0       	ldi	r18, 0x00	; 0
     b60:	34 e2       	ldi	r19, 0x24	; 36
     b62:	44 e7       	ldi	r20, 0x74	; 116
     b64:	59 e4       	ldi	r21, 0x49	; 73
     b66:	1d d2       	rcall	.+1082   	; 0xfa2 <__mulsf3>
     b68:	20 e0       	ldi	r18, 0x00	; 0
     b6a:	30 e0       	ldi	r19, 0x00	; 0
     b6c:	40 e8       	ldi	r20, 0x80	; 128
     b6e:	54 e4       	ldi	r21, 0x44	; 68
     b70:	18 d2       	rcall	.+1072   	; 0xfa2 <__mulsf3>
     b72:	20 e0       	ldi	r18, 0x00	; 0
     b74:	34 e2       	ldi	r19, 0x24	; 36
     b76:	44 e7       	ldi	r20, 0x74	; 116
     b78:	5b e4       	ldi	r21, 0x4B	; 75
     b7a:	ec d0       	rcall	.+472    	; 0xd54 <__divsf3>
     b7c:	20 e0       	ldi	r18, 0x00	; 0
     b7e:	30 e0       	ldi	r19, 0x00	; 0
     b80:	48 e6       	ldi	r20, 0x68	; 104
     b82:	52 e4       	ldi	r21, 0x42	; 66
     b84:	e7 d0       	rcall	.+462    	; 0xd54 <__divsf3>
     b86:	4e d1       	rcall	.+668    	; 0xe24 <__fixsfsi>

		if(dist > 0 && dist < 400)
     b88:	9b 01       	movw	r18, r22
     b8a:	21 50       	subi	r18, 0x01	; 1
     b8c:	31 09       	sbc	r19, r1
     b8e:	2f 38       	cpi	r18, 0x8F	; 143
     b90:	31 40       	sbci	r19, 0x01	; 1
     b92:	20 f4       	brcc	.+8      	; 0xb9c <__vector_6+0x94>
			ultrasonic_distance_c = dist;
     b94:	70 93 79 01 	sts	0x0179, r23	; 0x800179 <ultrasonic_distance_c+0x1>
     b98:	60 93 78 01 	sts	0x0178, r22	; 0x800178 <ultrasonic_distance_c>

		flag_c = 1; 
     b9c:	81 e0       	ldi	r24, 0x01	; 1
     b9e:	90 e0       	ldi	r25, 0x00	; 0
     ba0:	90 93 73 01 	sts	0x0173, r25	; 0x800173 <flag_c+0x1>
     ba4:	80 93 72 01 	sts	0x0172, r24	; 0x800172 <flag_c>
	}
}
     ba8:	ff 91       	pop	r31
     baa:	ef 91       	pop	r30
     bac:	bf 91       	pop	r27
     bae:	af 91       	pop	r26
     bb0:	9f 91       	pop	r25
     bb2:	8f 91       	pop	r24
     bb4:	7f 91       	pop	r23
     bb6:	6f 91       	pop	r22
     bb8:	5f 91       	pop	r21
     bba:	4f 91       	pop	r20
     bbc:	3f 91       	pop	r19
     bbe:	2f 91       	pop	r18
     bc0:	0f 90       	pop	r0
     bc2:	0b be       	out	0x3b, r0	; 59
     bc4:	0f 90       	pop	r0
     bc6:	0f be       	out	0x3f, r0	; 63
     bc8:	0f 90       	pop	r0
     bca:	1f 90       	pop	r1
     bcc:	18 95       	reti

00000bce <__vector_7>:

ISR(INT6_vect)
{
     bce:	1f 92       	push	r1
     bd0:	0f 92       	push	r0
     bd2:	0f b6       	in	r0, 0x3f	; 63
     bd4:	0f 92       	push	r0
     bd6:	11 24       	eor	r1, r1
     bd8:	0b b6       	in	r0, 0x3b	; 59
     bda:	0f 92       	push	r0
     bdc:	2f 93       	push	r18
     bde:	3f 93       	push	r19
     be0:	4f 93       	push	r20
     be2:	5f 93       	push	r21
     be4:	6f 93       	push	r22
     be6:	7f 93       	push	r23
     be8:	8f 93       	push	r24
     bea:	9f 93       	push	r25
     bec:	af 93       	push	r26
     bee:	bf 93       	push	r27
     bf0:	ef 93       	push	r30
     bf2:	ff 93       	push	r31
	// 1. 상승에지
	if(ECHO_PORT & (1 << ECHO_PIN_R))
     bf4:	0e 9b       	sbis	0x01, 6	; 1
     bf6:	09 c0       	rjmp	.+18     	; 0xc0a <__vector_7+0x3c>
	{
		start_time_r = TCNT3;
     bf8:	80 91 88 00 	lds	r24, 0x0088	; 0x800088 <__TEXT_REGION_LENGTH__+0x7e0088>
     bfc:	90 91 89 00 	lds	r25, 0x0089	; 0x800089 <__TEXT_REGION_LENGTH__+0x7e0089>
     c00:	90 93 6b 01 	sts	0x016B, r25	; 0x80016b <start_time_r+0x1>
     c04:	80 93 6a 01 	sts	0x016A, r24	; 0x80016a <start_time_r>
     c08:	32 c0       	rjmp	.+100    	; 0xc6e <__vector_7+0xa0>
	}
	else // 2. 하강에지
	{
		uint16_t clc_time = TCNT3 - start_time_r;
     c0a:	60 91 88 00 	lds	r22, 0x0088	; 0x800088 <__TEXT_REGION_LENGTH__+0x7e0088>
     c0e:	70 91 89 00 	lds	r23, 0x0089	; 0x800089 <__TEXT_REGION_LENGTH__+0x7e0089>
     c12:	80 91 6a 01 	lds	r24, 0x016A	; 0x80016a <start_time_r>
     c16:	90 91 6b 01 	lds	r25, 0x016B	; 0x80016b <start_time_r+0x1>
     c1a:	68 1b       	sub	r22, r24
     c1c:	79 0b       	sbc	r23, r25
		int dist = (clc_time * 1000000.0 * 1024 / F_CPU) / 58;
     c1e:	80 e0       	ldi	r24, 0x00	; 0
     c20:	90 e0       	ldi	r25, 0x00	; 0
     c22:	31 d1       	rcall	.+610    	; 0xe86 <__floatunsisf>
     c24:	20 e0       	ldi	r18, 0x00	; 0
     c26:	34 e2       	ldi	r19, 0x24	; 36
     c28:	44 e7       	ldi	r20, 0x74	; 116
     c2a:	59 e4       	ldi	r21, 0x49	; 73
     c2c:	ba d1       	rcall	.+884    	; 0xfa2 <__mulsf3>
     c2e:	20 e0       	ldi	r18, 0x00	; 0
     c30:	30 e0       	ldi	r19, 0x00	; 0
     c32:	40 e8       	ldi	r20, 0x80	; 128
     c34:	54 e4       	ldi	r21, 0x44	; 68
     c36:	b5 d1       	rcall	.+874    	; 0xfa2 <__mulsf3>
     c38:	20 e0       	ldi	r18, 0x00	; 0
     c3a:	34 e2       	ldi	r19, 0x24	; 36
     c3c:	44 e7       	ldi	r20, 0x74	; 116
     c3e:	5b e4       	ldi	r21, 0x4B	; 75
     c40:	89 d0       	rcall	.+274    	; 0xd54 <__divsf3>
     c42:	20 e0       	ldi	r18, 0x00	; 0
     c44:	30 e0       	ldi	r19, 0x00	; 0
     c46:	48 e6       	ldi	r20, 0x68	; 104
     c48:	52 e4       	ldi	r21, 0x42	; 66
     c4a:	84 d0       	rcall	.+264    	; 0xd54 <__divsf3>
     c4c:	eb d0       	rcall	.+470    	; 0xe24 <__fixsfsi>

		if(dist > 0 && dist < 400)
     c4e:	9b 01       	movw	r18, r22
     c50:	21 50       	subi	r18, 0x01	; 1
     c52:	31 09       	sbc	r19, r1
     c54:	2f 38       	cpi	r18, 0x8F	; 143
     c56:	31 40       	sbci	r19, 0x01	; 1
     c58:	20 f4       	brcc	.+8      	; 0xc62 <__vector_7+0x94>
			ultrasonic_distance_r = dist;
     c5a:	70 93 77 01 	sts	0x0177, r23	; 0x800177 <ultrasonic_distance_r+0x1>
     c5e:	60 93 76 01 	sts	0x0176, r22	; 0x800176 <ultrasonic_distance_r>

		flag_r = 1;
     c62:	81 e0       	ldi	r24, 0x01	; 1
     c64:	90 e0       	ldi	r25, 0x00	; 0
     c66:	90 93 71 01 	sts	0x0171, r25	; 0x800171 <flag_r+0x1>
     c6a:	80 93 70 01 	sts	0x0170, r24	; 0x800170 <flag_r>
	}
}
     c6e:	ff 91       	pop	r31
     c70:	ef 91       	pop	r30
     c72:	bf 91       	pop	r27
     c74:	af 91       	pop	r26
     c76:	9f 91       	pop	r25
     c78:	8f 91       	pop	r24
     c7a:	7f 91       	pop	r23
     c7c:	6f 91       	pop	r22
     c7e:	5f 91       	pop	r21
     c80:	4f 91       	pop	r20
     c82:	3f 91       	pop	r19
     c84:	2f 91       	pop	r18
     c86:	0f 90       	pop	r0
     c88:	0b be       	out	0x3b, r0	; 59
     c8a:	0f 90       	pop	r0
     c8c:	0f be       	out	0x3f, r0	; 63
     c8e:	0f 90       	pop	r0
     c90:	1f 90       	pop	r1
     c92:	18 95       	reti

00000c94 <make_trigger>:
	make_trigger(TRIG_PIN_L);   // 최초 시작
	
}

void make_trigger(volatile int pin) 
{
     c94:	cf 93       	push	r28
     c96:	df 93       	push	r29
     c98:	00 d0       	rcall	.+0      	; 0xc9a <make_trigger+0x6>
     c9a:	cd b7       	in	r28, 0x3d	; 61
     c9c:	de b7       	in	r29, 0x3e	; 62
     c9e:	9a 83       	std	Y+2, r25	; 0x02
     ca0:	89 83       	std	Y+1, r24	; 0x01
	TRIG_PORT &= ~(1 << pin); // low로 만든다.
     ca2:	29 81       	ldd	r18, Y+1	; 0x01
     ca4:	3a 81       	ldd	r19, Y+2	; 0x02
     ca6:	81 e0       	ldi	r24, 0x01	; 1
     ca8:	90 e0       	ldi	r25, 0x00	; 0
     caa:	ac 01       	movw	r20, r24
     cac:	02 c0       	rjmp	.+4      	; 0xcb2 <make_trigger+0x1e>
     cae:	44 0f       	add	r20, r20
     cb0:	55 1f       	adc	r21, r21
     cb2:	2a 95       	dec	r18
     cb4:	e2 f7       	brpl	.-8      	; 0xcae <make_trigger+0x1a>
     cb6:	9a 01       	movw	r18, r20
     cb8:	20 95       	com	r18
     cba:	30 95       	com	r19
     cbc:	3b b3       	in	r19, 0x1b	; 27
     cbe:	23 23       	and	r18, r19
     cc0:	2b bb       	out	0x1b, r18	; 27
	#else
		//round up by default
		__ticks_dc = (uint32_t)(ceil(fabs(__tmp)));
	#endif

	__builtin_avr_delay_cycles(__ticks_dc);
     cc2:	55 e0       	ldi	r21, 0x05	; 5
     cc4:	5a 95       	dec	r21
     cc6:	f1 f7       	brne	.-4      	; 0xcc4 <make_trigger+0x30>
     cc8:	00 00       	nop
	_delay_us(1);
	TRIG_PORT |= 1 << pin; // high로 만든다.
     cca:	29 81       	ldd	r18, Y+1	; 0x01
     ccc:	3a 81       	ldd	r19, Y+2	; 0x02
     cce:	ac 01       	movw	r20, r24
     cd0:	02 c0       	rjmp	.+4      	; 0xcd6 <make_trigger+0x42>
     cd2:	44 0f       	add	r20, r20
     cd4:	55 1f       	adc	r21, r21
     cd6:	2a 95       	dec	r18
     cd8:	e2 f7       	brpl	.-8      	; 0xcd2 <make_trigger+0x3e>
     cda:	9a 01       	movw	r18, r20
     cdc:	3b b3       	in	r19, 0x1b	; 27
     cde:	23 2b       	or	r18, r19
     ce0:	2b bb       	out	0x1b, r18	; 27
     ce2:	50 e5       	ldi	r21, 0x50	; 80
     ce4:	5a 95       	dec	r21
     ce6:	f1 f7       	brne	.-4      	; 0xce4 <make_trigger+0x50>
	_delay_us(15);    //규격에는 10us인데 redunacy로 15us
	TRIG_PORT &= ~(1 << pin);
     ce8:	29 81       	ldd	r18, Y+1	; 0x01
     cea:	3a 81       	ldd	r19, Y+2	; 0x02
     cec:	02 c0       	rjmp	.+4      	; 0xcf2 <make_trigger+0x5e>
     cee:	88 0f       	add	r24, r24
     cf0:	99 1f       	adc	r25, r25
     cf2:	2a 95       	dec	r18
     cf4:	e2 f7       	brpl	.-8      	; 0xcee <make_trigger+0x5a>
     cf6:	80 95       	com	r24
     cf8:	90 95       	com	r25
     cfa:	9b b3       	in	r25, 0x1b	; 27
     cfc:	89 23       	and	r24, r25
     cfe:	8b bb       	out	0x1b, r24	; 27
}
     d00:	0f 90       	pop	r0
     d02:	0f 90       	pop	r0
     d04:	df 91       	pop	r29
     d06:	cf 91       	pop	r28
     d08:	08 95       	ret

00000d0a <init_ultrasonic>:
	}
}

void init_ultrasonic(void)
{
	TRIG_DDR |= (1 << TRIG_PIN_L) | (1 << TRIG_PIN_C) | (1 << TRIG_PIN_R);	// output mode
     d0a:	8a b3       	in	r24, 0x1a	; 26
     d0c:	87 60       	ori	r24, 0x07	; 7
     d0e:	8a bb       	out	0x1a, r24	; 26
	ECHO_DDR &= ~(1 << ECHO_PIN_L | 1 << ECHO_PIN_C | 1 << ECHO_PIN_R);	// input mode
     d10:	82 b1       	in	r24, 0x02	; 2
     d12:	8f 78       	andi	r24, 0x8F	; 143
     d14:	82 b9       	out	0x02, r24	; 2
	
	EICRB |= (0 << ISC41 | 1 << ISC40 | 0 << ISC51 | 1 << ISC50 | 0 << ISC61 | 1 << ISC60);
     d16:	8a b7       	in	r24, 0x3a	; 58
     d18:	85 61       	ori	r24, 0x15	; 21
     d1a:	8a bf       	out	0x3a, r24	; 58
	
    TCCR3A = 0;
     d1c:	10 92 8b 00 	sts	0x008B, r1	; 0x80008b <__TEXT_REGION_LENGTH__+0x7e008b>
    TCCR3B = 0;
     d20:	ea e8       	ldi	r30, 0x8A	; 138
     d22:	f0 e0       	ldi	r31, 0x00	; 0
     d24:	10 82       	st	Z, r1
    TCNT3 = 0;
     d26:	10 92 89 00 	sts	0x0089, r1	; 0x800089 <__TEXT_REGION_LENGTH__+0x7e0089>
     d2a:	10 92 88 00 	sts	0x0088, r1	; 0x800088 <__TEXT_REGION_LENGTH__+0x7e0088>

    TCCR3B |= (1 << CS32) | (1 << CS30);
     d2e:	80 81       	ld	r24, Z
     d30:	85 60       	ori	r24, 0x05	; 5
     d32:	80 83       	st	Z, r24

	// ----- EINT4 설정 -----
	// page 247 그림 12-6
	EIMSK |= 1 << INT4 | 1 << INT5 | 1 << INT6;	// 외부 INT4(ECHO핀 설정)
     d34:	89 b7       	in	r24, 0x39	; 57
     d36:	80 67       	ori	r24, 0x70	; 112
     d38:	89 bf       	out	0x39, r24	; 57
	#else
		//round up by default
		__ticks_dc = (uint32_t)(ceil(fabs(__tmp)));
	#endif

	__builtin_avr_delay_cycles(__ticks_dc);
     d3a:	2f ef       	ldi	r18, 0xFF	; 255
     d3c:	81 ee       	ldi	r24, 0xE1	; 225
     d3e:	94 e0       	ldi	r25, 0x04	; 4
     d40:	21 50       	subi	r18, 0x01	; 1
     d42:	80 40       	sbci	r24, 0x00	; 0
     d44:	90 40       	sbci	r25, 0x00	; 0
     d46:	e1 f7       	brne	.-8      	; 0xd40 <init_ultrasonic+0x36>
     d48:	00 c0       	rjmp	.+0      	; 0xd4a <init_ultrasonic+0x40>
     d4a:	00 00       	nop


	_delay_ms(100);

	make_trigger(TRIG_PIN_L);   // 최초 시작
     d4c:	80 e0       	ldi	r24, 0x00	; 0
     d4e:	90 e0       	ldi	r25, 0x00	; 0
     d50:	a1 cf       	rjmp	.-190    	; 0xc94 <make_trigger>
     d52:	08 95       	ret

00000d54 <__divsf3>:
     d54:	0c d0       	rcall	.+24     	; 0xd6e <__divsf3x>
     d56:	eb c0       	rjmp	.+470    	; 0xf2e <__fp_round>
     d58:	e3 d0       	rcall	.+454    	; 0xf20 <__fp_pscB>
     d5a:	40 f0       	brcs	.+16     	; 0xd6c <__divsf3+0x18>
     d5c:	da d0       	rcall	.+436    	; 0xf12 <__fp_pscA>
     d5e:	30 f0       	brcs	.+12     	; 0xd6c <__divsf3+0x18>
     d60:	21 f4       	brne	.+8      	; 0xd6a <__divsf3+0x16>
     d62:	5f 3f       	cpi	r21, 0xFF	; 255
     d64:	19 f0       	breq	.+6      	; 0xd6c <__divsf3+0x18>
     d66:	cc c0       	rjmp	.+408    	; 0xf00 <__fp_inf>
     d68:	51 11       	cpse	r21, r1
     d6a:	15 c1       	rjmp	.+554    	; 0xf96 <__fp_szero>
     d6c:	cf c0       	rjmp	.+414    	; 0xf0c <__fp_nan>

00000d6e <__divsf3x>:
     d6e:	f0 d0       	rcall	.+480    	; 0xf50 <__fp_split3>
     d70:	98 f3       	brcs	.-26     	; 0xd58 <__divsf3+0x4>

00000d72 <__divsf3_pse>:
     d72:	99 23       	and	r25, r25
     d74:	c9 f3       	breq	.-14     	; 0xd68 <__divsf3+0x14>
     d76:	55 23       	and	r21, r21
     d78:	b1 f3       	breq	.-20     	; 0xd66 <__divsf3+0x12>
     d7a:	95 1b       	sub	r25, r21
     d7c:	55 0b       	sbc	r21, r21
     d7e:	bb 27       	eor	r27, r27
     d80:	aa 27       	eor	r26, r26
     d82:	62 17       	cp	r22, r18
     d84:	73 07       	cpc	r23, r19
     d86:	84 07       	cpc	r24, r20
     d88:	38 f0       	brcs	.+14     	; 0xd98 <__divsf3_pse+0x26>
     d8a:	9f 5f       	subi	r25, 0xFF	; 255
     d8c:	5f 4f       	sbci	r21, 0xFF	; 255
     d8e:	22 0f       	add	r18, r18
     d90:	33 1f       	adc	r19, r19
     d92:	44 1f       	adc	r20, r20
     d94:	aa 1f       	adc	r26, r26
     d96:	a9 f3       	breq	.-22     	; 0xd82 <__divsf3_pse+0x10>
     d98:	33 d0       	rcall	.+102    	; 0xe00 <__divsf3_pse+0x8e>
     d9a:	0e 2e       	mov	r0, r30
     d9c:	3a f0       	brmi	.+14     	; 0xdac <__divsf3_pse+0x3a>
     d9e:	e0 e8       	ldi	r30, 0x80	; 128
     da0:	30 d0       	rcall	.+96     	; 0xe02 <__divsf3_pse+0x90>
     da2:	91 50       	subi	r25, 0x01	; 1
     da4:	50 40       	sbci	r21, 0x00	; 0
     da6:	e6 95       	lsr	r30
     da8:	00 1c       	adc	r0, r0
     daa:	ca f7       	brpl	.-14     	; 0xd9e <__divsf3_pse+0x2c>
     dac:	29 d0       	rcall	.+82     	; 0xe00 <__divsf3_pse+0x8e>
     dae:	fe 2f       	mov	r31, r30
     db0:	27 d0       	rcall	.+78     	; 0xe00 <__divsf3_pse+0x8e>
     db2:	66 0f       	add	r22, r22
     db4:	77 1f       	adc	r23, r23
     db6:	88 1f       	adc	r24, r24
     db8:	bb 1f       	adc	r27, r27
     dba:	26 17       	cp	r18, r22
     dbc:	37 07       	cpc	r19, r23
     dbe:	48 07       	cpc	r20, r24
     dc0:	ab 07       	cpc	r26, r27
     dc2:	b0 e8       	ldi	r27, 0x80	; 128
     dc4:	09 f0       	breq	.+2      	; 0xdc8 <__divsf3_pse+0x56>
     dc6:	bb 0b       	sbc	r27, r27
     dc8:	80 2d       	mov	r24, r0
     dca:	bf 01       	movw	r22, r30
     dcc:	ff 27       	eor	r31, r31
     dce:	93 58       	subi	r25, 0x83	; 131
     dd0:	5f 4f       	sbci	r21, 0xFF	; 255
     dd2:	2a f0       	brmi	.+10     	; 0xdde <__divsf3_pse+0x6c>
     dd4:	9e 3f       	cpi	r25, 0xFE	; 254
     dd6:	51 05       	cpc	r21, r1
     dd8:	68 f0       	brcs	.+26     	; 0xdf4 <__divsf3_pse+0x82>
     dda:	92 c0       	rjmp	.+292    	; 0xf00 <__fp_inf>
     ddc:	dc c0       	rjmp	.+440    	; 0xf96 <__fp_szero>
     dde:	5f 3f       	cpi	r21, 0xFF	; 255
     de0:	ec f3       	brlt	.-6      	; 0xddc <__divsf3_pse+0x6a>
     de2:	98 3e       	cpi	r25, 0xE8	; 232
     de4:	dc f3       	brlt	.-10     	; 0xddc <__divsf3_pse+0x6a>
     de6:	86 95       	lsr	r24
     de8:	77 95       	ror	r23
     dea:	67 95       	ror	r22
     dec:	b7 95       	ror	r27
     dee:	f7 95       	ror	r31
     df0:	9f 5f       	subi	r25, 0xFF	; 255
     df2:	c9 f7       	brne	.-14     	; 0xde6 <__divsf3_pse+0x74>
     df4:	88 0f       	add	r24, r24
     df6:	91 1d       	adc	r25, r1
     df8:	96 95       	lsr	r25
     dfa:	87 95       	ror	r24
     dfc:	97 f9       	bld	r25, 7
     dfe:	08 95       	ret
     e00:	e1 e0       	ldi	r30, 0x01	; 1
     e02:	66 0f       	add	r22, r22
     e04:	77 1f       	adc	r23, r23
     e06:	88 1f       	adc	r24, r24
     e08:	bb 1f       	adc	r27, r27
     e0a:	62 17       	cp	r22, r18
     e0c:	73 07       	cpc	r23, r19
     e0e:	84 07       	cpc	r24, r20
     e10:	ba 07       	cpc	r27, r26
     e12:	20 f0       	brcs	.+8      	; 0xe1c <__divsf3_pse+0xaa>
     e14:	62 1b       	sub	r22, r18
     e16:	73 0b       	sbc	r23, r19
     e18:	84 0b       	sbc	r24, r20
     e1a:	ba 0b       	sbc	r27, r26
     e1c:	ee 1f       	adc	r30, r30
     e1e:	88 f7       	brcc	.-30     	; 0xe02 <__divsf3_pse+0x90>
     e20:	e0 95       	com	r30
     e22:	08 95       	ret

00000e24 <__fixsfsi>:
     e24:	04 d0       	rcall	.+8      	; 0xe2e <__fixunssfsi>
     e26:	68 94       	set
     e28:	b1 11       	cpse	r27, r1
     e2a:	b5 c0       	rjmp	.+362    	; 0xf96 <__fp_szero>
     e2c:	08 95       	ret

00000e2e <__fixunssfsi>:
     e2e:	98 d0       	rcall	.+304    	; 0xf60 <__fp_splitA>
     e30:	88 f0       	brcs	.+34     	; 0xe54 <__fixunssfsi+0x26>
     e32:	9f 57       	subi	r25, 0x7F	; 127
     e34:	90 f0       	brcs	.+36     	; 0xe5a <__fixunssfsi+0x2c>
     e36:	b9 2f       	mov	r27, r25
     e38:	99 27       	eor	r25, r25
     e3a:	b7 51       	subi	r27, 0x17	; 23
     e3c:	a0 f0       	brcs	.+40     	; 0xe66 <__fixunssfsi+0x38>
     e3e:	d1 f0       	breq	.+52     	; 0xe74 <__fixunssfsi+0x46>
     e40:	66 0f       	add	r22, r22
     e42:	77 1f       	adc	r23, r23
     e44:	88 1f       	adc	r24, r24
     e46:	99 1f       	adc	r25, r25
     e48:	1a f0       	brmi	.+6      	; 0xe50 <__fixunssfsi+0x22>
     e4a:	ba 95       	dec	r27
     e4c:	c9 f7       	brne	.-14     	; 0xe40 <__fixunssfsi+0x12>
     e4e:	12 c0       	rjmp	.+36     	; 0xe74 <__fixunssfsi+0x46>
     e50:	b1 30       	cpi	r27, 0x01	; 1
     e52:	81 f0       	breq	.+32     	; 0xe74 <__fixunssfsi+0x46>
     e54:	9f d0       	rcall	.+318    	; 0xf94 <__fp_zero>
     e56:	b1 e0       	ldi	r27, 0x01	; 1
     e58:	08 95       	ret
     e5a:	9c c0       	rjmp	.+312    	; 0xf94 <__fp_zero>
     e5c:	67 2f       	mov	r22, r23
     e5e:	78 2f       	mov	r23, r24
     e60:	88 27       	eor	r24, r24
     e62:	b8 5f       	subi	r27, 0xF8	; 248
     e64:	39 f0       	breq	.+14     	; 0xe74 <__fixunssfsi+0x46>
     e66:	b9 3f       	cpi	r27, 0xF9	; 249
     e68:	cc f3       	brlt	.-14     	; 0xe5c <__fixunssfsi+0x2e>
     e6a:	86 95       	lsr	r24
     e6c:	77 95       	ror	r23
     e6e:	67 95       	ror	r22
     e70:	b3 95       	inc	r27
     e72:	d9 f7       	brne	.-10     	; 0xe6a <__fixunssfsi+0x3c>
     e74:	3e f4       	brtc	.+14     	; 0xe84 <__fixunssfsi+0x56>
     e76:	90 95       	com	r25
     e78:	80 95       	com	r24
     e7a:	70 95       	com	r23
     e7c:	61 95       	neg	r22
     e7e:	7f 4f       	sbci	r23, 0xFF	; 255
     e80:	8f 4f       	sbci	r24, 0xFF	; 255
     e82:	9f 4f       	sbci	r25, 0xFF	; 255
     e84:	08 95       	ret

00000e86 <__floatunsisf>:
     e86:	e8 94       	clt
     e88:	09 c0       	rjmp	.+18     	; 0xe9c <__floatsisf+0x12>

00000e8a <__floatsisf>:
     e8a:	97 fb       	bst	r25, 7
     e8c:	3e f4       	brtc	.+14     	; 0xe9c <__floatsisf+0x12>
     e8e:	90 95       	com	r25
     e90:	80 95       	com	r24
     e92:	70 95       	com	r23
     e94:	61 95       	neg	r22
     e96:	7f 4f       	sbci	r23, 0xFF	; 255
     e98:	8f 4f       	sbci	r24, 0xFF	; 255
     e9a:	9f 4f       	sbci	r25, 0xFF	; 255
     e9c:	99 23       	and	r25, r25
     e9e:	a9 f0       	breq	.+42     	; 0xeca <__floatsisf+0x40>
     ea0:	f9 2f       	mov	r31, r25
     ea2:	96 e9       	ldi	r25, 0x96	; 150
     ea4:	bb 27       	eor	r27, r27
     ea6:	93 95       	inc	r25
     ea8:	f6 95       	lsr	r31
     eaa:	87 95       	ror	r24
     eac:	77 95       	ror	r23
     eae:	67 95       	ror	r22
     eb0:	b7 95       	ror	r27
     eb2:	f1 11       	cpse	r31, r1
     eb4:	f8 cf       	rjmp	.-16     	; 0xea6 <__floatsisf+0x1c>
     eb6:	fa f4       	brpl	.+62     	; 0xef6 <__floatsisf+0x6c>
     eb8:	bb 0f       	add	r27, r27
     eba:	11 f4       	brne	.+4      	; 0xec0 <__floatsisf+0x36>
     ebc:	60 ff       	sbrs	r22, 0
     ebe:	1b c0       	rjmp	.+54     	; 0xef6 <__floatsisf+0x6c>
     ec0:	6f 5f       	subi	r22, 0xFF	; 255
     ec2:	7f 4f       	sbci	r23, 0xFF	; 255
     ec4:	8f 4f       	sbci	r24, 0xFF	; 255
     ec6:	9f 4f       	sbci	r25, 0xFF	; 255
     ec8:	16 c0       	rjmp	.+44     	; 0xef6 <__floatsisf+0x6c>
     eca:	88 23       	and	r24, r24
     ecc:	11 f0       	breq	.+4      	; 0xed2 <__floatsisf+0x48>
     ece:	96 e9       	ldi	r25, 0x96	; 150
     ed0:	11 c0       	rjmp	.+34     	; 0xef4 <__floatsisf+0x6a>
     ed2:	77 23       	and	r23, r23
     ed4:	21 f0       	breq	.+8      	; 0xede <__floatsisf+0x54>
     ed6:	9e e8       	ldi	r25, 0x8E	; 142
     ed8:	87 2f       	mov	r24, r23
     eda:	76 2f       	mov	r23, r22
     edc:	05 c0       	rjmp	.+10     	; 0xee8 <__floatsisf+0x5e>
     ede:	66 23       	and	r22, r22
     ee0:	71 f0       	breq	.+28     	; 0xefe <__floatsisf+0x74>
     ee2:	96 e8       	ldi	r25, 0x86	; 134
     ee4:	86 2f       	mov	r24, r22
     ee6:	70 e0       	ldi	r23, 0x00	; 0
     ee8:	60 e0       	ldi	r22, 0x00	; 0
     eea:	2a f0       	brmi	.+10     	; 0xef6 <__floatsisf+0x6c>
     eec:	9a 95       	dec	r25
     eee:	66 0f       	add	r22, r22
     ef0:	77 1f       	adc	r23, r23
     ef2:	88 1f       	adc	r24, r24
     ef4:	da f7       	brpl	.-10     	; 0xeec <__floatsisf+0x62>
     ef6:	88 0f       	add	r24, r24
     ef8:	96 95       	lsr	r25
     efa:	87 95       	ror	r24
     efc:	97 f9       	bld	r25, 7
     efe:	08 95       	ret

00000f00 <__fp_inf>:
     f00:	97 f9       	bld	r25, 7
     f02:	9f 67       	ori	r25, 0x7F	; 127
     f04:	80 e8       	ldi	r24, 0x80	; 128
     f06:	70 e0       	ldi	r23, 0x00	; 0
     f08:	60 e0       	ldi	r22, 0x00	; 0
     f0a:	08 95       	ret

00000f0c <__fp_nan>:
     f0c:	9f ef       	ldi	r25, 0xFF	; 255
     f0e:	80 ec       	ldi	r24, 0xC0	; 192
     f10:	08 95       	ret

00000f12 <__fp_pscA>:
     f12:	00 24       	eor	r0, r0
     f14:	0a 94       	dec	r0
     f16:	16 16       	cp	r1, r22
     f18:	17 06       	cpc	r1, r23
     f1a:	18 06       	cpc	r1, r24
     f1c:	09 06       	cpc	r0, r25
     f1e:	08 95       	ret

00000f20 <__fp_pscB>:
     f20:	00 24       	eor	r0, r0
     f22:	0a 94       	dec	r0
     f24:	12 16       	cp	r1, r18
     f26:	13 06       	cpc	r1, r19
     f28:	14 06       	cpc	r1, r20
     f2a:	05 06       	cpc	r0, r21
     f2c:	08 95       	ret

00000f2e <__fp_round>:
     f2e:	09 2e       	mov	r0, r25
     f30:	03 94       	inc	r0
     f32:	00 0c       	add	r0, r0
     f34:	11 f4       	brne	.+4      	; 0xf3a <__fp_round+0xc>
     f36:	88 23       	and	r24, r24
     f38:	52 f0       	brmi	.+20     	; 0xf4e <__fp_round+0x20>
     f3a:	bb 0f       	add	r27, r27
     f3c:	40 f4       	brcc	.+16     	; 0xf4e <__fp_round+0x20>
     f3e:	bf 2b       	or	r27, r31
     f40:	11 f4       	brne	.+4      	; 0xf46 <__fp_round+0x18>
     f42:	60 ff       	sbrs	r22, 0
     f44:	04 c0       	rjmp	.+8      	; 0xf4e <__fp_round+0x20>
     f46:	6f 5f       	subi	r22, 0xFF	; 255
     f48:	7f 4f       	sbci	r23, 0xFF	; 255
     f4a:	8f 4f       	sbci	r24, 0xFF	; 255
     f4c:	9f 4f       	sbci	r25, 0xFF	; 255
     f4e:	08 95       	ret

00000f50 <__fp_split3>:
     f50:	57 fd       	sbrc	r21, 7
     f52:	90 58       	subi	r25, 0x80	; 128
     f54:	44 0f       	add	r20, r20
     f56:	55 1f       	adc	r21, r21
     f58:	59 f0       	breq	.+22     	; 0xf70 <__fp_splitA+0x10>
     f5a:	5f 3f       	cpi	r21, 0xFF	; 255
     f5c:	71 f0       	breq	.+28     	; 0xf7a <__fp_splitA+0x1a>
     f5e:	47 95       	ror	r20

00000f60 <__fp_splitA>:
     f60:	88 0f       	add	r24, r24
     f62:	97 fb       	bst	r25, 7
     f64:	99 1f       	adc	r25, r25
     f66:	61 f0       	breq	.+24     	; 0xf80 <__fp_splitA+0x20>
     f68:	9f 3f       	cpi	r25, 0xFF	; 255
     f6a:	79 f0       	breq	.+30     	; 0xf8a <__fp_splitA+0x2a>
     f6c:	87 95       	ror	r24
     f6e:	08 95       	ret
     f70:	12 16       	cp	r1, r18
     f72:	13 06       	cpc	r1, r19
     f74:	14 06       	cpc	r1, r20
     f76:	55 1f       	adc	r21, r21
     f78:	f2 cf       	rjmp	.-28     	; 0xf5e <__fp_split3+0xe>
     f7a:	46 95       	lsr	r20
     f7c:	f1 df       	rcall	.-30     	; 0xf60 <__fp_splitA>
     f7e:	08 c0       	rjmp	.+16     	; 0xf90 <__fp_splitA+0x30>
     f80:	16 16       	cp	r1, r22
     f82:	17 06       	cpc	r1, r23
     f84:	18 06       	cpc	r1, r24
     f86:	99 1f       	adc	r25, r25
     f88:	f1 cf       	rjmp	.-30     	; 0xf6c <__fp_splitA+0xc>
     f8a:	86 95       	lsr	r24
     f8c:	71 05       	cpc	r23, r1
     f8e:	61 05       	cpc	r22, r1
     f90:	08 94       	sec
     f92:	08 95       	ret

00000f94 <__fp_zero>:
     f94:	e8 94       	clt

00000f96 <__fp_szero>:
     f96:	bb 27       	eor	r27, r27
     f98:	66 27       	eor	r22, r22
     f9a:	77 27       	eor	r23, r23
     f9c:	cb 01       	movw	r24, r22
     f9e:	97 f9       	bld	r25, 7
     fa0:	08 95       	ret

00000fa2 <__mulsf3>:
     fa2:	0b d0       	rcall	.+22     	; 0xfba <__mulsf3x>
     fa4:	c4 cf       	rjmp	.-120    	; 0xf2e <__fp_round>
     fa6:	b5 df       	rcall	.-150    	; 0xf12 <__fp_pscA>
     fa8:	28 f0       	brcs	.+10     	; 0xfb4 <__mulsf3+0x12>
     faa:	ba df       	rcall	.-140    	; 0xf20 <__fp_pscB>
     fac:	18 f0       	brcs	.+6      	; 0xfb4 <__mulsf3+0x12>
     fae:	95 23       	and	r25, r21
     fb0:	09 f0       	breq	.+2      	; 0xfb4 <__mulsf3+0x12>
     fb2:	a6 cf       	rjmp	.-180    	; 0xf00 <__fp_inf>
     fb4:	ab cf       	rjmp	.-170    	; 0xf0c <__fp_nan>
     fb6:	11 24       	eor	r1, r1
     fb8:	ee cf       	rjmp	.-36     	; 0xf96 <__fp_szero>

00000fba <__mulsf3x>:
     fba:	ca df       	rcall	.-108    	; 0xf50 <__fp_split3>
     fbc:	a0 f3       	brcs	.-24     	; 0xfa6 <__mulsf3+0x4>

00000fbe <__mulsf3_pse>:
     fbe:	95 9f       	mul	r25, r21
     fc0:	d1 f3       	breq	.-12     	; 0xfb6 <__mulsf3+0x14>
     fc2:	95 0f       	add	r25, r21
     fc4:	50 e0       	ldi	r21, 0x00	; 0
     fc6:	55 1f       	adc	r21, r21
     fc8:	62 9f       	mul	r22, r18
     fca:	f0 01       	movw	r30, r0
     fcc:	72 9f       	mul	r23, r18
     fce:	bb 27       	eor	r27, r27
     fd0:	f0 0d       	add	r31, r0
     fd2:	b1 1d       	adc	r27, r1
     fd4:	63 9f       	mul	r22, r19
     fd6:	aa 27       	eor	r26, r26
     fd8:	f0 0d       	add	r31, r0
     fda:	b1 1d       	adc	r27, r1
     fdc:	aa 1f       	adc	r26, r26
     fde:	64 9f       	mul	r22, r20
     fe0:	66 27       	eor	r22, r22
     fe2:	b0 0d       	add	r27, r0
     fe4:	a1 1d       	adc	r26, r1
     fe6:	66 1f       	adc	r22, r22
     fe8:	82 9f       	mul	r24, r18
     fea:	22 27       	eor	r18, r18
     fec:	b0 0d       	add	r27, r0
     fee:	a1 1d       	adc	r26, r1
     ff0:	62 1f       	adc	r22, r18
     ff2:	73 9f       	mul	r23, r19
     ff4:	b0 0d       	add	r27, r0
     ff6:	a1 1d       	adc	r26, r1
     ff8:	62 1f       	adc	r22, r18
     ffa:	83 9f       	mul	r24, r19
     ffc:	a0 0d       	add	r26, r0
     ffe:	61 1d       	adc	r22, r1
    1000:	22 1f       	adc	r18, r18
    1002:	74 9f       	mul	r23, r20
    1004:	33 27       	eor	r19, r19
    1006:	a0 0d       	add	r26, r0
    1008:	61 1d       	adc	r22, r1
    100a:	23 1f       	adc	r18, r19
    100c:	84 9f       	mul	r24, r20
    100e:	60 0d       	add	r22, r0
    1010:	21 1d       	adc	r18, r1
    1012:	82 2f       	mov	r24, r18
    1014:	76 2f       	mov	r23, r22
    1016:	6a 2f       	mov	r22, r26
    1018:	11 24       	eor	r1, r1
    101a:	9f 57       	subi	r25, 0x7F	; 127
    101c:	50 40       	sbci	r21, 0x00	; 0
    101e:	8a f0       	brmi	.+34     	; 0x1042 <__DATA_REGION_LENGTH__+0x42>
    1020:	e1 f0       	breq	.+56     	; 0x105a <__DATA_REGION_LENGTH__+0x5a>
    1022:	88 23       	and	r24, r24
    1024:	4a f0       	brmi	.+18     	; 0x1038 <__DATA_REGION_LENGTH__+0x38>
    1026:	ee 0f       	add	r30, r30
    1028:	ff 1f       	adc	r31, r31
    102a:	bb 1f       	adc	r27, r27
    102c:	66 1f       	adc	r22, r22
    102e:	77 1f       	adc	r23, r23
    1030:	88 1f       	adc	r24, r24
    1032:	91 50       	subi	r25, 0x01	; 1
    1034:	50 40       	sbci	r21, 0x00	; 0
    1036:	a9 f7       	brne	.-22     	; 0x1022 <__DATA_REGION_LENGTH__+0x22>
    1038:	9e 3f       	cpi	r25, 0xFE	; 254
    103a:	51 05       	cpc	r21, r1
    103c:	70 f0       	brcs	.+28     	; 0x105a <__DATA_REGION_LENGTH__+0x5a>
    103e:	60 cf       	rjmp	.-320    	; 0xf00 <__fp_inf>
    1040:	aa cf       	rjmp	.-172    	; 0xf96 <__fp_szero>
    1042:	5f 3f       	cpi	r21, 0xFF	; 255
    1044:	ec f3       	brlt	.-6      	; 0x1040 <__DATA_REGION_LENGTH__+0x40>
    1046:	98 3e       	cpi	r25, 0xE8	; 232
    1048:	dc f3       	brlt	.-10     	; 0x1040 <__DATA_REGION_LENGTH__+0x40>
    104a:	86 95       	lsr	r24
    104c:	77 95       	ror	r23
    104e:	67 95       	ror	r22
    1050:	b7 95       	ror	r27
    1052:	f7 95       	ror	r31
    1054:	e7 95       	ror	r30
    1056:	9f 5f       	subi	r25, 0xFF	; 255
    1058:	c1 f7       	brne	.-16     	; 0x104a <__DATA_REGION_LENGTH__+0x4a>
    105a:	fe 2b       	or	r31, r30
    105c:	88 0f       	add	r24, r24
    105e:	91 1d       	adc	r25, r1
    1060:	96 95       	lsr	r25
    1062:	87 95       	ror	r24
    1064:	97 f9       	bld	r25, 7
    1066:	08 95       	ret

00001068 <__udivmodsi4>:
    1068:	a1 e2       	ldi	r26, 0x21	; 33
    106a:	1a 2e       	mov	r1, r26
    106c:	aa 1b       	sub	r26, r26
    106e:	bb 1b       	sub	r27, r27
    1070:	fd 01       	movw	r30, r26
    1072:	0d c0       	rjmp	.+26     	; 0x108e <__udivmodsi4_ep>

00001074 <__udivmodsi4_loop>:
    1074:	aa 1f       	adc	r26, r26
    1076:	bb 1f       	adc	r27, r27
    1078:	ee 1f       	adc	r30, r30
    107a:	ff 1f       	adc	r31, r31
    107c:	a2 17       	cp	r26, r18
    107e:	b3 07       	cpc	r27, r19
    1080:	e4 07       	cpc	r30, r20
    1082:	f5 07       	cpc	r31, r21
    1084:	20 f0       	brcs	.+8      	; 0x108e <__udivmodsi4_ep>
    1086:	a2 1b       	sub	r26, r18
    1088:	b3 0b       	sbc	r27, r19
    108a:	e4 0b       	sbc	r30, r20
    108c:	f5 0b       	sbc	r31, r21

0000108e <__udivmodsi4_ep>:
    108e:	66 1f       	adc	r22, r22
    1090:	77 1f       	adc	r23, r23
    1092:	88 1f       	adc	r24, r24
    1094:	99 1f       	adc	r25, r25
    1096:	1a 94       	dec	r1
    1098:	69 f7       	brne	.-38     	; 0x1074 <__udivmodsi4_loop>
    109a:	60 95       	com	r22
    109c:	70 95       	com	r23
    109e:	80 95       	com	r24
    10a0:	90 95       	com	r25
    10a2:	9b 01       	movw	r18, r22
    10a4:	ac 01       	movw	r20, r24
    10a6:	bd 01       	movw	r22, r26
    10a8:	cf 01       	movw	r24, r30
    10aa:	08 95       	ret

000010ac <__tablejump2__>:
    10ac:	ee 0f       	add	r30, r30
    10ae:	ff 1f       	adc	r31, r31
    10b0:	00 24       	eor	r0, r0
    10b2:	00 1c       	adc	r0, r0
    10b4:	0b be       	out	0x3b, r0	; 59
    10b6:	07 90       	elpm	r0, Z+
    10b8:	f6 91       	elpm	r31, Z
    10ba:	e0 2d       	mov	r30, r0
    10bc:	09 94       	ijmp

000010be <printf>:
    10be:	cf 93       	push	r28
    10c0:	df 93       	push	r29
    10c2:	cd b7       	in	r28, 0x3d	; 61
    10c4:	de b7       	in	r29, 0x3e	; 62
    10c6:	ae 01       	movw	r20, r28
    10c8:	4b 5f       	subi	r20, 0xFB	; 251
    10ca:	5f 4f       	sbci	r21, 0xFF	; 255
    10cc:	fa 01       	movw	r30, r20
    10ce:	61 91       	ld	r22, Z+
    10d0:	71 91       	ld	r23, Z+
    10d2:	af 01       	movw	r20, r30
    10d4:	80 91 9f 04 	lds	r24, 0x049F	; 0x80049f <__iob+0x2>
    10d8:	90 91 a0 04 	lds	r25, 0x04A0	; 0x8004a0 <__iob+0x3>
    10dc:	03 d0       	rcall	.+6      	; 0x10e4 <vfprintf>
    10de:	df 91       	pop	r29
    10e0:	cf 91       	pop	r28
    10e2:	08 95       	ret

000010e4 <vfprintf>:
    10e4:	2f 92       	push	r2
    10e6:	3f 92       	push	r3
    10e8:	4f 92       	push	r4
    10ea:	5f 92       	push	r5
    10ec:	6f 92       	push	r6
    10ee:	7f 92       	push	r7
    10f0:	8f 92       	push	r8
    10f2:	9f 92       	push	r9
    10f4:	af 92       	push	r10
    10f6:	bf 92       	push	r11
    10f8:	cf 92       	push	r12
    10fa:	df 92       	push	r13
    10fc:	ef 92       	push	r14
    10fe:	ff 92       	push	r15
    1100:	0f 93       	push	r16
    1102:	1f 93       	push	r17
    1104:	cf 93       	push	r28
    1106:	df 93       	push	r29
    1108:	cd b7       	in	r28, 0x3d	; 61
    110a:	de b7       	in	r29, 0x3e	; 62
    110c:	2b 97       	sbiw	r28, 0x0b	; 11
    110e:	0f b6       	in	r0, 0x3f	; 63
    1110:	f8 94       	cli
    1112:	de bf       	out	0x3e, r29	; 62
    1114:	0f be       	out	0x3f, r0	; 63
    1116:	cd bf       	out	0x3d, r28	; 61
    1118:	6c 01       	movw	r12, r24
    111a:	7b 01       	movw	r14, r22
    111c:	8a 01       	movw	r16, r20
    111e:	fc 01       	movw	r30, r24
    1120:	17 82       	std	Z+7, r1	; 0x07
    1122:	16 82       	std	Z+6, r1	; 0x06
    1124:	83 81       	ldd	r24, Z+3	; 0x03
    1126:	81 ff       	sbrs	r24, 1
    1128:	bf c1       	rjmp	.+894    	; 0x14a8 <__stack+0x3a9>
    112a:	ce 01       	movw	r24, r28
    112c:	01 96       	adiw	r24, 0x01	; 1
    112e:	3c 01       	movw	r6, r24
    1130:	f6 01       	movw	r30, r12
    1132:	93 81       	ldd	r25, Z+3	; 0x03
    1134:	f7 01       	movw	r30, r14
    1136:	93 fd       	sbrc	r25, 3
    1138:	85 91       	lpm	r24, Z+
    113a:	93 ff       	sbrs	r25, 3
    113c:	81 91       	ld	r24, Z+
    113e:	7f 01       	movw	r14, r30
    1140:	88 23       	and	r24, r24
    1142:	09 f4       	brne	.+2      	; 0x1146 <__stack+0x47>
    1144:	ad c1       	rjmp	.+858    	; 0x14a0 <__stack+0x3a1>
    1146:	85 32       	cpi	r24, 0x25	; 37
    1148:	39 f4       	brne	.+14     	; 0x1158 <__stack+0x59>
    114a:	93 fd       	sbrc	r25, 3
    114c:	85 91       	lpm	r24, Z+
    114e:	93 ff       	sbrs	r25, 3
    1150:	81 91       	ld	r24, Z+
    1152:	7f 01       	movw	r14, r30
    1154:	85 32       	cpi	r24, 0x25	; 37
    1156:	21 f4       	brne	.+8      	; 0x1160 <__stack+0x61>
    1158:	b6 01       	movw	r22, r12
    115a:	90 e0       	ldi	r25, 0x00	; 0
    115c:	d6 d1       	rcall	.+940    	; 0x150a <fputc>
    115e:	e8 cf       	rjmp	.-48     	; 0x1130 <__stack+0x31>
    1160:	91 2c       	mov	r9, r1
    1162:	21 2c       	mov	r2, r1
    1164:	31 2c       	mov	r3, r1
    1166:	ff e1       	ldi	r31, 0x1F	; 31
    1168:	f3 15       	cp	r31, r3
    116a:	d8 f0       	brcs	.+54     	; 0x11a2 <__stack+0xa3>
    116c:	8b 32       	cpi	r24, 0x2B	; 43
    116e:	79 f0       	breq	.+30     	; 0x118e <__stack+0x8f>
    1170:	38 f4       	brcc	.+14     	; 0x1180 <__stack+0x81>
    1172:	80 32       	cpi	r24, 0x20	; 32
    1174:	79 f0       	breq	.+30     	; 0x1194 <__stack+0x95>
    1176:	83 32       	cpi	r24, 0x23	; 35
    1178:	a1 f4       	brne	.+40     	; 0x11a2 <__stack+0xa3>
    117a:	23 2d       	mov	r18, r3
    117c:	20 61       	ori	r18, 0x10	; 16
    117e:	1d c0       	rjmp	.+58     	; 0x11ba <__stack+0xbb>
    1180:	8d 32       	cpi	r24, 0x2D	; 45
    1182:	61 f0       	breq	.+24     	; 0x119c <__stack+0x9d>
    1184:	80 33       	cpi	r24, 0x30	; 48
    1186:	69 f4       	brne	.+26     	; 0x11a2 <__stack+0xa3>
    1188:	23 2d       	mov	r18, r3
    118a:	21 60       	ori	r18, 0x01	; 1
    118c:	16 c0       	rjmp	.+44     	; 0x11ba <__stack+0xbb>
    118e:	83 2d       	mov	r24, r3
    1190:	82 60       	ori	r24, 0x02	; 2
    1192:	38 2e       	mov	r3, r24
    1194:	e3 2d       	mov	r30, r3
    1196:	e4 60       	ori	r30, 0x04	; 4
    1198:	3e 2e       	mov	r3, r30
    119a:	2a c0       	rjmp	.+84     	; 0x11f0 <__stack+0xf1>
    119c:	f3 2d       	mov	r31, r3
    119e:	f8 60       	ori	r31, 0x08	; 8
    11a0:	1d c0       	rjmp	.+58     	; 0x11dc <__stack+0xdd>
    11a2:	37 fc       	sbrc	r3, 7
    11a4:	2d c0       	rjmp	.+90     	; 0x1200 <__stack+0x101>
    11a6:	20 ed       	ldi	r18, 0xD0	; 208
    11a8:	28 0f       	add	r18, r24
    11aa:	2a 30       	cpi	r18, 0x0A	; 10
    11ac:	40 f0       	brcs	.+16     	; 0x11be <__stack+0xbf>
    11ae:	8e 32       	cpi	r24, 0x2E	; 46
    11b0:	b9 f4       	brne	.+46     	; 0x11e0 <__stack+0xe1>
    11b2:	36 fc       	sbrc	r3, 6
    11b4:	75 c1       	rjmp	.+746    	; 0x14a0 <__stack+0x3a1>
    11b6:	23 2d       	mov	r18, r3
    11b8:	20 64       	ori	r18, 0x40	; 64
    11ba:	32 2e       	mov	r3, r18
    11bc:	19 c0       	rjmp	.+50     	; 0x11f0 <__stack+0xf1>
    11be:	36 fe       	sbrs	r3, 6
    11c0:	06 c0       	rjmp	.+12     	; 0x11ce <__stack+0xcf>
    11c2:	8a e0       	ldi	r24, 0x0A	; 10
    11c4:	98 9e       	mul	r9, r24
    11c6:	20 0d       	add	r18, r0
    11c8:	11 24       	eor	r1, r1
    11ca:	92 2e       	mov	r9, r18
    11cc:	11 c0       	rjmp	.+34     	; 0x11f0 <__stack+0xf1>
    11ce:	ea e0       	ldi	r30, 0x0A	; 10
    11d0:	2e 9e       	mul	r2, r30
    11d2:	20 0d       	add	r18, r0
    11d4:	11 24       	eor	r1, r1
    11d6:	22 2e       	mov	r2, r18
    11d8:	f3 2d       	mov	r31, r3
    11da:	f0 62       	ori	r31, 0x20	; 32
    11dc:	3f 2e       	mov	r3, r31
    11de:	08 c0       	rjmp	.+16     	; 0x11f0 <__stack+0xf1>
    11e0:	8c 36       	cpi	r24, 0x6C	; 108
    11e2:	21 f4       	brne	.+8      	; 0x11ec <__stack+0xed>
    11e4:	83 2d       	mov	r24, r3
    11e6:	80 68       	ori	r24, 0x80	; 128
    11e8:	38 2e       	mov	r3, r24
    11ea:	02 c0       	rjmp	.+4      	; 0x11f0 <__stack+0xf1>
    11ec:	88 36       	cpi	r24, 0x68	; 104
    11ee:	41 f4       	brne	.+16     	; 0x1200 <__stack+0x101>
    11f0:	f7 01       	movw	r30, r14
    11f2:	93 fd       	sbrc	r25, 3
    11f4:	85 91       	lpm	r24, Z+
    11f6:	93 ff       	sbrs	r25, 3
    11f8:	81 91       	ld	r24, Z+
    11fa:	7f 01       	movw	r14, r30
    11fc:	81 11       	cpse	r24, r1
    11fe:	b3 cf       	rjmp	.-154    	; 0x1166 <__stack+0x67>
    1200:	98 2f       	mov	r25, r24
    1202:	9f 7d       	andi	r25, 0xDF	; 223
    1204:	95 54       	subi	r25, 0x45	; 69
    1206:	93 30       	cpi	r25, 0x03	; 3
    1208:	28 f4       	brcc	.+10     	; 0x1214 <__stack+0x115>
    120a:	0c 5f       	subi	r16, 0xFC	; 252
    120c:	1f 4f       	sbci	r17, 0xFF	; 255
    120e:	9f e3       	ldi	r25, 0x3F	; 63
    1210:	99 83       	std	Y+1, r25	; 0x01
    1212:	0d c0       	rjmp	.+26     	; 0x122e <__stack+0x12f>
    1214:	83 36       	cpi	r24, 0x63	; 99
    1216:	31 f0       	breq	.+12     	; 0x1224 <__stack+0x125>
    1218:	83 37       	cpi	r24, 0x73	; 115
    121a:	71 f0       	breq	.+28     	; 0x1238 <__stack+0x139>
    121c:	83 35       	cpi	r24, 0x53	; 83
    121e:	09 f0       	breq	.+2      	; 0x1222 <__stack+0x123>
    1220:	55 c0       	rjmp	.+170    	; 0x12cc <__stack+0x1cd>
    1222:	20 c0       	rjmp	.+64     	; 0x1264 <__stack+0x165>
    1224:	f8 01       	movw	r30, r16
    1226:	80 81       	ld	r24, Z
    1228:	89 83       	std	Y+1, r24	; 0x01
    122a:	0e 5f       	subi	r16, 0xFE	; 254
    122c:	1f 4f       	sbci	r17, 0xFF	; 255
    122e:	88 24       	eor	r8, r8
    1230:	83 94       	inc	r8
    1232:	91 2c       	mov	r9, r1
    1234:	53 01       	movw	r10, r6
    1236:	12 c0       	rjmp	.+36     	; 0x125c <__stack+0x15d>
    1238:	28 01       	movw	r4, r16
    123a:	f2 e0       	ldi	r31, 0x02	; 2
    123c:	4f 0e       	add	r4, r31
    123e:	51 1c       	adc	r5, r1
    1240:	f8 01       	movw	r30, r16
    1242:	a0 80       	ld	r10, Z
    1244:	b1 80       	ldd	r11, Z+1	; 0x01
    1246:	36 fe       	sbrs	r3, 6
    1248:	03 c0       	rjmp	.+6      	; 0x1250 <__stack+0x151>
    124a:	69 2d       	mov	r22, r9
    124c:	70 e0       	ldi	r23, 0x00	; 0
    124e:	02 c0       	rjmp	.+4      	; 0x1254 <__stack+0x155>
    1250:	6f ef       	ldi	r22, 0xFF	; 255
    1252:	7f ef       	ldi	r23, 0xFF	; 255
    1254:	c5 01       	movw	r24, r10
    1256:	4e d1       	rcall	.+668    	; 0x14f4 <strnlen>
    1258:	4c 01       	movw	r8, r24
    125a:	82 01       	movw	r16, r4
    125c:	f3 2d       	mov	r31, r3
    125e:	ff 77       	andi	r31, 0x7F	; 127
    1260:	3f 2e       	mov	r3, r31
    1262:	15 c0       	rjmp	.+42     	; 0x128e <__stack+0x18f>
    1264:	28 01       	movw	r4, r16
    1266:	22 e0       	ldi	r18, 0x02	; 2
    1268:	42 0e       	add	r4, r18
    126a:	51 1c       	adc	r5, r1
    126c:	f8 01       	movw	r30, r16
    126e:	a0 80       	ld	r10, Z
    1270:	b1 80       	ldd	r11, Z+1	; 0x01
    1272:	36 fe       	sbrs	r3, 6
    1274:	03 c0       	rjmp	.+6      	; 0x127c <__stack+0x17d>
    1276:	69 2d       	mov	r22, r9
    1278:	70 e0       	ldi	r23, 0x00	; 0
    127a:	02 c0       	rjmp	.+4      	; 0x1280 <__stack+0x181>
    127c:	6f ef       	ldi	r22, 0xFF	; 255
    127e:	7f ef       	ldi	r23, 0xFF	; 255
    1280:	c5 01       	movw	r24, r10
    1282:	2d d1       	rcall	.+602    	; 0x14de <strnlen_P>
    1284:	4c 01       	movw	r8, r24
    1286:	f3 2d       	mov	r31, r3
    1288:	f0 68       	ori	r31, 0x80	; 128
    128a:	3f 2e       	mov	r3, r31
    128c:	82 01       	movw	r16, r4
    128e:	33 fc       	sbrc	r3, 3
    1290:	19 c0       	rjmp	.+50     	; 0x12c4 <__stack+0x1c5>
    1292:	82 2d       	mov	r24, r2
    1294:	90 e0       	ldi	r25, 0x00	; 0
    1296:	88 16       	cp	r8, r24
    1298:	99 06       	cpc	r9, r25
    129a:	a0 f4       	brcc	.+40     	; 0x12c4 <__stack+0x1c5>
    129c:	b6 01       	movw	r22, r12
    129e:	80 e2       	ldi	r24, 0x20	; 32
    12a0:	90 e0       	ldi	r25, 0x00	; 0
    12a2:	33 d1       	rcall	.+614    	; 0x150a <fputc>
    12a4:	2a 94       	dec	r2
    12a6:	f5 cf       	rjmp	.-22     	; 0x1292 <__stack+0x193>
    12a8:	f5 01       	movw	r30, r10
    12aa:	37 fc       	sbrc	r3, 7
    12ac:	85 91       	lpm	r24, Z+
    12ae:	37 fe       	sbrs	r3, 7
    12b0:	81 91       	ld	r24, Z+
    12b2:	5f 01       	movw	r10, r30
    12b4:	b6 01       	movw	r22, r12
    12b6:	90 e0       	ldi	r25, 0x00	; 0
    12b8:	28 d1       	rcall	.+592    	; 0x150a <fputc>
    12ba:	21 10       	cpse	r2, r1
    12bc:	2a 94       	dec	r2
    12be:	21 e0       	ldi	r18, 0x01	; 1
    12c0:	82 1a       	sub	r8, r18
    12c2:	91 08       	sbc	r9, r1
    12c4:	81 14       	cp	r8, r1
    12c6:	91 04       	cpc	r9, r1
    12c8:	79 f7       	brne	.-34     	; 0x12a8 <__stack+0x1a9>
    12ca:	e1 c0       	rjmp	.+450    	; 0x148e <__stack+0x38f>
    12cc:	84 36       	cpi	r24, 0x64	; 100
    12ce:	11 f0       	breq	.+4      	; 0x12d4 <__stack+0x1d5>
    12d0:	89 36       	cpi	r24, 0x69	; 105
    12d2:	39 f5       	brne	.+78     	; 0x1322 <__stack+0x223>
    12d4:	f8 01       	movw	r30, r16
    12d6:	37 fe       	sbrs	r3, 7
    12d8:	07 c0       	rjmp	.+14     	; 0x12e8 <__stack+0x1e9>
    12da:	60 81       	ld	r22, Z
    12dc:	71 81       	ldd	r23, Z+1	; 0x01
    12de:	82 81       	ldd	r24, Z+2	; 0x02
    12e0:	93 81       	ldd	r25, Z+3	; 0x03
    12e2:	0c 5f       	subi	r16, 0xFC	; 252
    12e4:	1f 4f       	sbci	r17, 0xFF	; 255
    12e6:	08 c0       	rjmp	.+16     	; 0x12f8 <__stack+0x1f9>
    12e8:	60 81       	ld	r22, Z
    12ea:	71 81       	ldd	r23, Z+1	; 0x01
    12ec:	07 2e       	mov	r0, r23
    12ee:	00 0c       	add	r0, r0
    12f0:	88 0b       	sbc	r24, r24
    12f2:	99 0b       	sbc	r25, r25
    12f4:	0e 5f       	subi	r16, 0xFE	; 254
    12f6:	1f 4f       	sbci	r17, 0xFF	; 255
    12f8:	f3 2d       	mov	r31, r3
    12fa:	ff 76       	andi	r31, 0x6F	; 111
    12fc:	3f 2e       	mov	r3, r31
    12fe:	97 ff       	sbrs	r25, 7
    1300:	09 c0       	rjmp	.+18     	; 0x1314 <__stack+0x215>
    1302:	90 95       	com	r25
    1304:	80 95       	com	r24
    1306:	70 95       	com	r23
    1308:	61 95       	neg	r22
    130a:	7f 4f       	sbci	r23, 0xFF	; 255
    130c:	8f 4f       	sbci	r24, 0xFF	; 255
    130e:	9f 4f       	sbci	r25, 0xFF	; 255
    1310:	f0 68       	ori	r31, 0x80	; 128
    1312:	3f 2e       	mov	r3, r31
    1314:	2a e0       	ldi	r18, 0x0A	; 10
    1316:	30 e0       	ldi	r19, 0x00	; 0
    1318:	a3 01       	movw	r20, r6
    131a:	33 d1       	rcall	.+614    	; 0x1582 <__ultoa_invert>
    131c:	88 2e       	mov	r8, r24
    131e:	86 18       	sub	r8, r6
    1320:	44 c0       	rjmp	.+136    	; 0x13aa <__stack+0x2ab>
    1322:	85 37       	cpi	r24, 0x75	; 117
    1324:	31 f4       	brne	.+12     	; 0x1332 <__stack+0x233>
    1326:	23 2d       	mov	r18, r3
    1328:	2f 7e       	andi	r18, 0xEF	; 239
    132a:	b2 2e       	mov	r11, r18
    132c:	2a e0       	ldi	r18, 0x0A	; 10
    132e:	30 e0       	ldi	r19, 0x00	; 0
    1330:	25 c0       	rjmp	.+74     	; 0x137c <__stack+0x27d>
    1332:	93 2d       	mov	r25, r3
    1334:	99 7f       	andi	r25, 0xF9	; 249
    1336:	b9 2e       	mov	r11, r25
    1338:	8f 36       	cpi	r24, 0x6F	; 111
    133a:	c1 f0       	breq	.+48     	; 0x136c <__stack+0x26d>
    133c:	18 f4       	brcc	.+6      	; 0x1344 <__stack+0x245>
    133e:	88 35       	cpi	r24, 0x58	; 88
    1340:	79 f0       	breq	.+30     	; 0x1360 <__stack+0x261>
    1342:	ae c0       	rjmp	.+348    	; 0x14a0 <__stack+0x3a1>
    1344:	80 37       	cpi	r24, 0x70	; 112
    1346:	19 f0       	breq	.+6      	; 0x134e <__stack+0x24f>
    1348:	88 37       	cpi	r24, 0x78	; 120
    134a:	21 f0       	breq	.+8      	; 0x1354 <__stack+0x255>
    134c:	a9 c0       	rjmp	.+338    	; 0x14a0 <__stack+0x3a1>
    134e:	e9 2f       	mov	r30, r25
    1350:	e0 61       	ori	r30, 0x10	; 16
    1352:	be 2e       	mov	r11, r30
    1354:	b4 fe       	sbrs	r11, 4
    1356:	0d c0       	rjmp	.+26     	; 0x1372 <__stack+0x273>
    1358:	fb 2d       	mov	r31, r11
    135a:	f4 60       	ori	r31, 0x04	; 4
    135c:	bf 2e       	mov	r11, r31
    135e:	09 c0       	rjmp	.+18     	; 0x1372 <__stack+0x273>
    1360:	34 fe       	sbrs	r3, 4
    1362:	0a c0       	rjmp	.+20     	; 0x1378 <__stack+0x279>
    1364:	29 2f       	mov	r18, r25
    1366:	26 60       	ori	r18, 0x06	; 6
    1368:	b2 2e       	mov	r11, r18
    136a:	06 c0       	rjmp	.+12     	; 0x1378 <__stack+0x279>
    136c:	28 e0       	ldi	r18, 0x08	; 8
    136e:	30 e0       	ldi	r19, 0x00	; 0
    1370:	05 c0       	rjmp	.+10     	; 0x137c <__stack+0x27d>
    1372:	20 e1       	ldi	r18, 0x10	; 16
    1374:	30 e0       	ldi	r19, 0x00	; 0
    1376:	02 c0       	rjmp	.+4      	; 0x137c <__stack+0x27d>
    1378:	20 e1       	ldi	r18, 0x10	; 16
    137a:	32 e0       	ldi	r19, 0x02	; 2
    137c:	f8 01       	movw	r30, r16
    137e:	b7 fe       	sbrs	r11, 7
    1380:	07 c0       	rjmp	.+14     	; 0x1390 <__stack+0x291>
    1382:	60 81       	ld	r22, Z
    1384:	71 81       	ldd	r23, Z+1	; 0x01
    1386:	82 81       	ldd	r24, Z+2	; 0x02
    1388:	93 81       	ldd	r25, Z+3	; 0x03
    138a:	0c 5f       	subi	r16, 0xFC	; 252
    138c:	1f 4f       	sbci	r17, 0xFF	; 255
    138e:	06 c0       	rjmp	.+12     	; 0x139c <__stack+0x29d>
    1390:	60 81       	ld	r22, Z
    1392:	71 81       	ldd	r23, Z+1	; 0x01
    1394:	80 e0       	ldi	r24, 0x00	; 0
    1396:	90 e0       	ldi	r25, 0x00	; 0
    1398:	0e 5f       	subi	r16, 0xFE	; 254
    139a:	1f 4f       	sbci	r17, 0xFF	; 255
    139c:	a3 01       	movw	r20, r6
    139e:	f1 d0       	rcall	.+482    	; 0x1582 <__ultoa_invert>
    13a0:	88 2e       	mov	r8, r24
    13a2:	86 18       	sub	r8, r6
    13a4:	fb 2d       	mov	r31, r11
    13a6:	ff 77       	andi	r31, 0x7F	; 127
    13a8:	3f 2e       	mov	r3, r31
    13aa:	36 fe       	sbrs	r3, 6
    13ac:	0d c0       	rjmp	.+26     	; 0x13c8 <__stack+0x2c9>
    13ae:	23 2d       	mov	r18, r3
    13b0:	2e 7f       	andi	r18, 0xFE	; 254
    13b2:	a2 2e       	mov	r10, r18
    13b4:	89 14       	cp	r8, r9
    13b6:	58 f4       	brcc	.+22     	; 0x13ce <__stack+0x2cf>
    13b8:	34 fe       	sbrs	r3, 4
    13ba:	0b c0       	rjmp	.+22     	; 0x13d2 <__stack+0x2d3>
    13bc:	32 fc       	sbrc	r3, 2
    13be:	09 c0       	rjmp	.+18     	; 0x13d2 <__stack+0x2d3>
    13c0:	83 2d       	mov	r24, r3
    13c2:	8e 7e       	andi	r24, 0xEE	; 238
    13c4:	a8 2e       	mov	r10, r24
    13c6:	05 c0       	rjmp	.+10     	; 0x13d2 <__stack+0x2d3>
    13c8:	b8 2c       	mov	r11, r8
    13ca:	a3 2c       	mov	r10, r3
    13cc:	03 c0       	rjmp	.+6      	; 0x13d4 <__stack+0x2d5>
    13ce:	b8 2c       	mov	r11, r8
    13d0:	01 c0       	rjmp	.+2      	; 0x13d4 <__stack+0x2d5>
    13d2:	b9 2c       	mov	r11, r9
    13d4:	a4 fe       	sbrs	r10, 4
    13d6:	0f c0       	rjmp	.+30     	; 0x13f6 <__stack+0x2f7>
    13d8:	fe 01       	movw	r30, r28
    13da:	e8 0d       	add	r30, r8
    13dc:	f1 1d       	adc	r31, r1
    13de:	80 81       	ld	r24, Z
    13e0:	80 33       	cpi	r24, 0x30	; 48
    13e2:	21 f4       	brne	.+8      	; 0x13ec <__stack+0x2ed>
    13e4:	9a 2d       	mov	r25, r10
    13e6:	99 7e       	andi	r25, 0xE9	; 233
    13e8:	a9 2e       	mov	r10, r25
    13ea:	09 c0       	rjmp	.+18     	; 0x13fe <__stack+0x2ff>
    13ec:	a2 fe       	sbrs	r10, 2
    13ee:	06 c0       	rjmp	.+12     	; 0x13fc <__stack+0x2fd>
    13f0:	b3 94       	inc	r11
    13f2:	b3 94       	inc	r11
    13f4:	04 c0       	rjmp	.+8      	; 0x13fe <__stack+0x2ff>
    13f6:	8a 2d       	mov	r24, r10
    13f8:	86 78       	andi	r24, 0x86	; 134
    13fa:	09 f0       	breq	.+2      	; 0x13fe <__stack+0x2ff>
    13fc:	b3 94       	inc	r11
    13fe:	a3 fc       	sbrc	r10, 3
    1400:	10 c0       	rjmp	.+32     	; 0x1422 <__stack+0x323>
    1402:	a0 fe       	sbrs	r10, 0
    1404:	06 c0       	rjmp	.+12     	; 0x1412 <__stack+0x313>
    1406:	b2 14       	cp	r11, r2
    1408:	80 f4       	brcc	.+32     	; 0x142a <__stack+0x32b>
    140a:	28 0c       	add	r2, r8
    140c:	92 2c       	mov	r9, r2
    140e:	9b 18       	sub	r9, r11
    1410:	0d c0       	rjmp	.+26     	; 0x142c <__stack+0x32d>
    1412:	b2 14       	cp	r11, r2
    1414:	58 f4       	brcc	.+22     	; 0x142c <__stack+0x32d>
    1416:	b6 01       	movw	r22, r12
    1418:	80 e2       	ldi	r24, 0x20	; 32
    141a:	90 e0       	ldi	r25, 0x00	; 0
    141c:	76 d0       	rcall	.+236    	; 0x150a <fputc>
    141e:	b3 94       	inc	r11
    1420:	f8 cf       	rjmp	.-16     	; 0x1412 <__stack+0x313>
    1422:	b2 14       	cp	r11, r2
    1424:	18 f4       	brcc	.+6      	; 0x142c <__stack+0x32d>
    1426:	2b 18       	sub	r2, r11
    1428:	02 c0       	rjmp	.+4      	; 0x142e <__stack+0x32f>
    142a:	98 2c       	mov	r9, r8
    142c:	21 2c       	mov	r2, r1
    142e:	a4 fe       	sbrs	r10, 4
    1430:	0f c0       	rjmp	.+30     	; 0x1450 <__stack+0x351>
    1432:	b6 01       	movw	r22, r12
    1434:	80 e3       	ldi	r24, 0x30	; 48
    1436:	90 e0       	ldi	r25, 0x00	; 0
    1438:	68 d0       	rcall	.+208    	; 0x150a <fputc>
    143a:	a2 fe       	sbrs	r10, 2
    143c:	16 c0       	rjmp	.+44     	; 0x146a <__stack+0x36b>
    143e:	a1 fc       	sbrc	r10, 1
    1440:	03 c0       	rjmp	.+6      	; 0x1448 <__stack+0x349>
    1442:	88 e7       	ldi	r24, 0x78	; 120
    1444:	90 e0       	ldi	r25, 0x00	; 0
    1446:	02 c0       	rjmp	.+4      	; 0x144c <__stack+0x34d>
    1448:	88 e5       	ldi	r24, 0x58	; 88
    144a:	90 e0       	ldi	r25, 0x00	; 0
    144c:	b6 01       	movw	r22, r12
    144e:	0c c0       	rjmp	.+24     	; 0x1468 <__stack+0x369>
    1450:	8a 2d       	mov	r24, r10
    1452:	86 78       	andi	r24, 0x86	; 134
    1454:	51 f0       	breq	.+20     	; 0x146a <__stack+0x36b>
    1456:	a1 fe       	sbrs	r10, 1
    1458:	02 c0       	rjmp	.+4      	; 0x145e <__stack+0x35f>
    145a:	8b e2       	ldi	r24, 0x2B	; 43
    145c:	01 c0       	rjmp	.+2      	; 0x1460 <__stack+0x361>
    145e:	80 e2       	ldi	r24, 0x20	; 32
    1460:	a7 fc       	sbrc	r10, 7
    1462:	8d e2       	ldi	r24, 0x2D	; 45
    1464:	b6 01       	movw	r22, r12
    1466:	90 e0       	ldi	r25, 0x00	; 0
    1468:	50 d0       	rcall	.+160    	; 0x150a <fputc>
    146a:	89 14       	cp	r8, r9
    146c:	30 f4       	brcc	.+12     	; 0x147a <__stack+0x37b>
    146e:	b6 01       	movw	r22, r12
    1470:	80 e3       	ldi	r24, 0x30	; 48
    1472:	90 e0       	ldi	r25, 0x00	; 0
    1474:	4a d0       	rcall	.+148    	; 0x150a <fputc>
    1476:	9a 94       	dec	r9
    1478:	f8 cf       	rjmp	.-16     	; 0x146a <__stack+0x36b>
    147a:	8a 94       	dec	r8
    147c:	f3 01       	movw	r30, r6
    147e:	e8 0d       	add	r30, r8
    1480:	f1 1d       	adc	r31, r1
    1482:	80 81       	ld	r24, Z
    1484:	b6 01       	movw	r22, r12
    1486:	90 e0       	ldi	r25, 0x00	; 0
    1488:	40 d0       	rcall	.+128    	; 0x150a <fputc>
    148a:	81 10       	cpse	r8, r1
    148c:	f6 cf       	rjmp	.-20     	; 0x147a <__stack+0x37b>
    148e:	22 20       	and	r2, r2
    1490:	09 f4       	brne	.+2      	; 0x1494 <__stack+0x395>
    1492:	4e ce       	rjmp	.-868    	; 0x1130 <__stack+0x31>
    1494:	b6 01       	movw	r22, r12
    1496:	80 e2       	ldi	r24, 0x20	; 32
    1498:	90 e0       	ldi	r25, 0x00	; 0
    149a:	37 d0       	rcall	.+110    	; 0x150a <fputc>
    149c:	2a 94       	dec	r2
    149e:	f7 cf       	rjmp	.-18     	; 0x148e <__stack+0x38f>
    14a0:	f6 01       	movw	r30, r12
    14a2:	86 81       	ldd	r24, Z+6	; 0x06
    14a4:	97 81       	ldd	r25, Z+7	; 0x07
    14a6:	02 c0       	rjmp	.+4      	; 0x14ac <__stack+0x3ad>
    14a8:	8f ef       	ldi	r24, 0xFF	; 255
    14aa:	9f ef       	ldi	r25, 0xFF	; 255
    14ac:	2b 96       	adiw	r28, 0x0b	; 11
    14ae:	0f b6       	in	r0, 0x3f	; 63
    14b0:	f8 94       	cli
    14b2:	de bf       	out	0x3e, r29	; 62
    14b4:	0f be       	out	0x3f, r0	; 63
    14b6:	cd bf       	out	0x3d, r28	; 61
    14b8:	df 91       	pop	r29
    14ba:	cf 91       	pop	r28
    14bc:	1f 91       	pop	r17
    14be:	0f 91       	pop	r16
    14c0:	ff 90       	pop	r15
    14c2:	ef 90       	pop	r14
    14c4:	df 90       	pop	r13
    14c6:	cf 90       	pop	r12
    14c8:	bf 90       	pop	r11
    14ca:	af 90       	pop	r10
    14cc:	9f 90       	pop	r9
    14ce:	8f 90       	pop	r8
    14d0:	7f 90       	pop	r7
    14d2:	6f 90       	pop	r6
    14d4:	5f 90       	pop	r5
    14d6:	4f 90       	pop	r4
    14d8:	3f 90       	pop	r3
    14da:	2f 90       	pop	r2
    14dc:	08 95       	ret

000014de <strnlen_P>:
    14de:	fc 01       	movw	r30, r24
    14e0:	05 90       	lpm	r0, Z+
    14e2:	61 50       	subi	r22, 0x01	; 1
    14e4:	70 40       	sbci	r23, 0x00	; 0
    14e6:	01 10       	cpse	r0, r1
    14e8:	d8 f7       	brcc	.-10     	; 0x14e0 <strnlen_P+0x2>
    14ea:	80 95       	com	r24
    14ec:	90 95       	com	r25
    14ee:	8e 0f       	add	r24, r30
    14f0:	9f 1f       	adc	r25, r31
    14f2:	08 95       	ret

000014f4 <strnlen>:
    14f4:	fc 01       	movw	r30, r24
    14f6:	61 50       	subi	r22, 0x01	; 1
    14f8:	70 40       	sbci	r23, 0x00	; 0
    14fa:	01 90       	ld	r0, Z+
    14fc:	01 10       	cpse	r0, r1
    14fe:	d8 f7       	brcc	.-10     	; 0x14f6 <strnlen+0x2>
    1500:	80 95       	com	r24
    1502:	90 95       	com	r25
    1504:	8e 0f       	add	r24, r30
    1506:	9f 1f       	adc	r25, r31
    1508:	08 95       	ret

0000150a <fputc>:
    150a:	0f 93       	push	r16
    150c:	1f 93       	push	r17
    150e:	cf 93       	push	r28
    1510:	df 93       	push	r29
    1512:	fb 01       	movw	r30, r22
    1514:	23 81       	ldd	r18, Z+3	; 0x03
    1516:	21 fd       	sbrc	r18, 1
    1518:	03 c0       	rjmp	.+6      	; 0x1520 <fputc+0x16>
    151a:	8f ef       	ldi	r24, 0xFF	; 255
    151c:	9f ef       	ldi	r25, 0xFF	; 255
    151e:	2c c0       	rjmp	.+88     	; 0x1578 <fputc+0x6e>
    1520:	22 ff       	sbrs	r18, 2
    1522:	16 c0       	rjmp	.+44     	; 0x1550 <fputc+0x46>
    1524:	46 81       	ldd	r20, Z+6	; 0x06
    1526:	57 81       	ldd	r21, Z+7	; 0x07
    1528:	24 81       	ldd	r18, Z+4	; 0x04
    152a:	35 81       	ldd	r19, Z+5	; 0x05
    152c:	42 17       	cp	r20, r18
    152e:	53 07       	cpc	r21, r19
    1530:	44 f4       	brge	.+16     	; 0x1542 <fputc+0x38>
    1532:	a0 81       	ld	r26, Z
    1534:	b1 81       	ldd	r27, Z+1	; 0x01
    1536:	9d 01       	movw	r18, r26
    1538:	2f 5f       	subi	r18, 0xFF	; 255
    153a:	3f 4f       	sbci	r19, 0xFF	; 255
    153c:	31 83       	std	Z+1, r19	; 0x01
    153e:	20 83       	st	Z, r18
    1540:	8c 93       	st	X, r24
    1542:	26 81       	ldd	r18, Z+6	; 0x06
    1544:	37 81       	ldd	r19, Z+7	; 0x07
    1546:	2f 5f       	subi	r18, 0xFF	; 255
    1548:	3f 4f       	sbci	r19, 0xFF	; 255
    154a:	37 83       	std	Z+7, r19	; 0x07
    154c:	26 83       	std	Z+6, r18	; 0x06
    154e:	14 c0       	rjmp	.+40     	; 0x1578 <fputc+0x6e>
    1550:	8b 01       	movw	r16, r22
    1552:	ec 01       	movw	r28, r24
    1554:	fb 01       	movw	r30, r22
    1556:	00 84       	ldd	r0, Z+8	; 0x08
    1558:	f1 85       	ldd	r31, Z+9	; 0x09
    155a:	e0 2d       	mov	r30, r0
    155c:	09 95       	icall
    155e:	89 2b       	or	r24, r25
    1560:	e1 f6       	brne	.-72     	; 0x151a <fputc+0x10>
    1562:	d8 01       	movw	r26, r16
    1564:	16 96       	adiw	r26, 0x06	; 6
    1566:	8d 91       	ld	r24, X+
    1568:	9c 91       	ld	r25, X
    156a:	17 97       	sbiw	r26, 0x07	; 7
    156c:	01 96       	adiw	r24, 0x01	; 1
    156e:	17 96       	adiw	r26, 0x07	; 7
    1570:	9c 93       	st	X, r25
    1572:	8e 93       	st	-X, r24
    1574:	16 97       	sbiw	r26, 0x06	; 6
    1576:	ce 01       	movw	r24, r28
    1578:	df 91       	pop	r29
    157a:	cf 91       	pop	r28
    157c:	1f 91       	pop	r17
    157e:	0f 91       	pop	r16
    1580:	08 95       	ret

00001582 <__ultoa_invert>:
    1582:	fa 01       	movw	r30, r20
    1584:	aa 27       	eor	r26, r26
    1586:	28 30       	cpi	r18, 0x08	; 8
    1588:	51 f1       	breq	.+84     	; 0x15de <__ultoa_invert+0x5c>
    158a:	20 31       	cpi	r18, 0x10	; 16
    158c:	81 f1       	breq	.+96     	; 0x15ee <__ultoa_invert+0x6c>
    158e:	e8 94       	clt
    1590:	6f 93       	push	r22
    1592:	6e 7f       	andi	r22, 0xFE	; 254
    1594:	6e 5f       	subi	r22, 0xFE	; 254
    1596:	7f 4f       	sbci	r23, 0xFF	; 255
    1598:	8f 4f       	sbci	r24, 0xFF	; 255
    159a:	9f 4f       	sbci	r25, 0xFF	; 255
    159c:	af 4f       	sbci	r26, 0xFF	; 255
    159e:	b1 e0       	ldi	r27, 0x01	; 1
    15a0:	3e d0       	rcall	.+124    	; 0x161e <__ultoa_invert+0x9c>
    15a2:	b4 e0       	ldi	r27, 0x04	; 4
    15a4:	3c d0       	rcall	.+120    	; 0x161e <__ultoa_invert+0x9c>
    15a6:	67 0f       	add	r22, r23
    15a8:	78 1f       	adc	r23, r24
    15aa:	89 1f       	adc	r24, r25
    15ac:	9a 1f       	adc	r25, r26
    15ae:	a1 1d       	adc	r26, r1
    15b0:	68 0f       	add	r22, r24
    15b2:	79 1f       	adc	r23, r25
    15b4:	8a 1f       	adc	r24, r26
    15b6:	91 1d       	adc	r25, r1
    15b8:	a1 1d       	adc	r26, r1
    15ba:	6a 0f       	add	r22, r26
    15bc:	71 1d       	adc	r23, r1
    15be:	81 1d       	adc	r24, r1
    15c0:	91 1d       	adc	r25, r1
    15c2:	a1 1d       	adc	r26, r1
    15c4:	20 d0       	rcall	.+64     	; 0x1606 <__ultoa_invert+0x84>
    15c6:	09 f4       	brne	.+2      	; 0x15ca <__ultoa_invert+0x48>
    15c8:	68 94       	set
    15ca:	3f 91       	pop	r19
    15cc:	2a e0       	ldi	r18, 0x0A	; 10
    15ce:	26 9f       	mul	r18, r22
    15d0:	11 24       	eor	r1, r1
    15d2:	30 19       	sub	r19, r0
    15d4:	30 5d       	subi	r19, 0xD0	; 208
    15d6:	31 93       	st	Z+, r19
    15d8:	de f6       	brtc	.-74     	; 0x1590 <__ultoa_invert+0xe>
    15da:	cf 01       	movw	r24, r30
    15dc:	08 95       	ret
    15de:	46 2f       	mov	r20, r22
    15e0:	47 70       	andi	r20, 0x07	; 7
    15e2:	40 5d       	subi	r20, 0xD0	; 208
    15e4:	41 93       	st	Z+, r20
    15e6:	b3 e0       	ldi	r27, 0x03	; 3
    15e8:	0f d0       	rcall	.+30     	; 0x1608 <__ultoa_invert+0x86>
    15ea:	c9 f7       	brne	.-14     	; 0x15de <__ultoa_invert+0x5c>
    15ec:	f6 cf       	rjmp	.-20     	; 0x15da <__ultoa_invert+0x58>
    15ee:	46 2f       	mov	r20, r22
    15f0:	4f 70       	andi	r20, 0x0F	; 15
    15f2:	40 5d       	subi	r20, 0xD0	; 208
    15f4:	4a 33       	cpi	r20, 0x3A	; 58
    15f6:	18 f0       	brcs	.+6      	; 0x15fe <__ultoa_invert+0x7c>
    15f8:	49 5d       	subi	r20, 0xD9	; 217
    15fa:	31 fd       	sbrc	r19, 1
    15fc:	40 52       	subi	r20, 0x20	; 32
    15fe:	41 93       	st	Z+, r20
    1600:	02 d0       	rcall	.+4      	; 0x1606 <__ultoa_invert+0x84>
    1602:	a9 f7       	brne	.-22     	; 0x15ee <__ultoa_invert+0x6c>
    1604:	ea cf       	rjmp	.-44     	; 0x15da <__ultoa_invert+0x58>
    1606:	b4 e0       	ldi	r27, 0x04	; 4
    1608:	a6 95       	lsr	r26
    160a:	97 95       	ror	r25
    160c:	87 95       	ror	r24
    160e:	77 95       	ror	r23
    1610:	67 95       	ror	r22
    1612:	ba 95       	dec	r27
    1614:	c9 f7       	brne	.-14     	; 0x1608 <__ultoa_invert+0x86>
    1616:	00 97       	sbiw	r24, 0x00	; 0
    1618:	61 05       	cpc	r22, r1
    161a:	71 05       	cpc	r23, r1
    161c:	08 95       	ret
    161e:	9b 01       	movw	r18, r22
    1620:	ac 01       	movw	r20, r24
    1622:	0a 2e       	mov	r0, r26
    1624:	06 94       	lsr	r0
    1626:	57 95       	ror	r21
    1628:	47 95       	ror	r20
    162a:	37 95       	ror	r19
    162c:	27 95       	ror	r18
    162e:	ba 95       	dec	r27
    1630:	c9 f7       	brne	.-14     	; 0x1624 <__ultoa_invert+0xa2>
    1632:	62 0f       	add	r22, r18
    1634:	73 1f       	adc	r23, r19
    1636:	84 1f       	adc	r24, r20
    1638:	95 1f       	adc	r25, r21
    163a:	a0 1d       	adc	r26, r0
    163c:	08 95       	ret

0000163e <_exit>:
    163e:	f8 94       	cli

00001640 <__stop_program>:
    1640:	ff cf       	rjmp	.-2      	; 0x1640 <__stop_program>
