
13. RTC_LCD_calculator.elf:     file format elf32-avr

Sections:
Idx Name          Size      VMA       LMA       File off  Algn
  0 .data         000001c4  00800100  00002432  000024c6  2**0
                  CONTENTS, ALLOC, LOAD, DATA
  1 .text         00002432  00000000  00000000  00000094  2**1
                  CONTENTS, ALLOC, LOAD, READONLY, CODE
  2 .bss          000003d0  008002c4  008002c4  0000268a  2**0
                  ALLOC
  3 .comment      0000005c  00000000  00000000  0000268a  2**0
                  CONTENTS, READONLY
  4 .note.gnu.avr.deviceinfo 00000040  00000000  00000000  000026e8  2**2
                  CONTENTS, READONLY
  5 .debug_aranges 00000298  00000000  00000000  00002728  2**0
                  CONTENTS, READONLY, DEBUGGING
  6 .debug_info   000033f0  00000000  00000000  000029c0  2**0
                  CONTENTS, READONLY, DEBUGGING
  7 .debug_abbrev 00001606  00000000  00000000  00005db0  2**0
                  CONTENTS, READONLY, DEBUGGING
  8 .debug_line   00001b5a  00000000  00000000  000073b6  2**0
                  CONTENTS, READONLY, DEBUGGING
  9 .debug_frame  0000072c  00000000  00000000  00008f10  2**2
                  CONTENTS, READONLY, DEBUGGING
 10 .debug_str    00000a2b  00000000  00000000  0000963c  2**0
                  CONTENTS, READONLY, DEBUGGING
 11 .debug_loc    00001e81  00000000  00000000  0000a067  2**0
                  CONTENTS, READONLY, DEBUGGING
 12 .debug_ranges 000002c0  00000000  00000000  0000bee8  2**0
                  CONTENTS, READONLY, DEBUGGING

Disassembly of section .text:

00000000 <__vectors>:
       0:	4b c0       	rjmp	.+150    	; 0x98 <__ctors_end>
       2:	00 00       	nop
       4:	68 c0       	rjmp	.+208    	; 0xd6 <__bad_interrupt>
       6:	00 00       	nop
       8:	66 c0       	rjmp	.+204    	; 0xd6 <__bad_interrupt>
       a:	00 00       	nop
       c:	64 c0       	rjmp	.+200    	; 0xd6 <__bad_interrupt>
       e:	00 00       	nop
      10:	62 c0       	rjmp	.+196    	; 0xd6 <__bad_interrupt>
      12:	00 00       	nop
      14:	60 c0       	rjmp	.+192    	; 0xd6 <__bad_interrupt>
      16:	00 00       	nop
      18:	5e c0       	rjmp	.+188    	; 0xd6 <__bad_interrupt>
      1a:	00 00       	nop
      1c:	5c c0       	rjmp	.+184    	; 0xd6 <__bad_interrupt>
      1e:	00 00       	nop
      20:	5a c0       	rjmp	.+180    	; 0xd6 <__bad_interrupt>
      22:	00 00       	nop
      24:	58 c0       	rjmp	.+176    	; 0xd6 <__bad_interrupt>
      26:	00 00       	nop
      28:	56 c0       	rjmp	.+172    	; 0xd6 <__bad_interrupt>
      2a:	00 00       	nop
      2c:	54 c0       	rjmp	.+168    	; 0xd6 <__bad_interrupt>
      2e:	00 00       	nop
      30:	52 c0       	rjmp	.+164    	; 0xd6 <__bad_interrupt>
      32:	00 00       	nop
      34:	50 c0       	rjmp	.+160    	; 0xd6 <__bad_interrupt>
      36:	00 00       	nop
      38:	4e c0       	rjmp	.+156    	; 0xd6 <__bad_interrupt>
      3a:	00 00       	nop
      3c:	4c c0       	rjmp	.+152    	; 0xd6 <__bad_interrupt>
      3e:	00 00       	nop
      40:	c8 c7       	rjmp	.+3984   	; 0xfd2 <__vector_16>
      42:	00 00       	nop
      44:	48 c0       	rjmp	.+144    	; 0xd6 <__bad_interrupt>
      46:	00 00       	nop
      48:	0c 94 c6 09 	jmp	0x138c	; 0x138c <__vector_18>
      4c:	44 c0       	rjmp	.+136    	; 0xd6 <__bad_interrupt>
      4e:	00 00       	nop
      50:	42 c0       	rjmp	.+132    	; 0xd6 <__bad_interrupt>
      52:	00 00       	nop
      54:	40 c0       	rjmp	.+128    	; 0xd6 <__bad_interrupt>
      56:	00 00       	nop
      58:	3e c0       	rjmp	.+124    	; 0xd6 <__bad_interrupt>
      5a:	00 00       	nop
      5c:	3c c0       	rjmp	.+120    	; 0xd6 <__bad_interrupt>
      5e:	00 00       	nop
      60:	3a c0       	rjmp	.+116    	; 0xd6 <__bad_interrupt>
      62:	00 00       	nop
      64:	38 c0       	rjmp	.+112    	; 0xd6 <__bad_interrupt>
      66:	00 00       	nop
      68:	36 c0       	rjmp	.+108    	; 0xd6 <__bad_interrupt>
      6a:	00 00       	nop
      6c:	34 c0       	rjmp	.+104    	; 0xd6 <__bad_interrupt>
      6e:	00 00       	nop
      70:	32 c0       	rjmp	.+100    	; 0xd6 <__bad_interrupt>
      72:	00 00       	nop
      74:	30 c0       	rjmp	.+96     	; 0xd6 <__bad_interrupt>
      76:	00 00       	nop
      78:	2e c0       	rjmp	.+92     	; 0xd6 <__bad_interrupt>
      7a:	00 00       	nop
      7c:	2c c0       	rjmp	.+88     	; 0xd6 <__bad_interrupt>
      7e:	00 00       	nop
      80:	2a c0       	rjmp	.+84     	; 0xd6 <__bad_interrupt>
      82:	00 00       	nop
      84:	28 c0       	rjmp	.+80     	; 0xd6 <__bad_interrupt>
      86:	00 00       	nop
      88:	26 c0       	rjmp	.+76     	; 0xd6 <__bad_interrupt>
	...

0000008c <__trampolines_end>:
      8c:	63 64       	ori	r22, 0x43	; 67
      8e:	69 6e       	ori	r22, 0xE9	; 233
      90:	6f 70       	andi	r22, 0x0F	; 15
      92:	73 75       	andi	r23, 0x53	; 83
      94:	78 58       	subi	r23, 0x88	; 136
      96:	5b 00       	.word	0x005b	; ????

00000098 <__ctors_end>:
      98:	11 24       	eor	r1, r1
      9a:	1f be       	out	0x3f, r1	; 63
      9c:	cf ef       	ldi	r28, 0xFF	; 255
      9e:	d0 e1       	ldi	r29, 0x10	; 16
      a0:	de bf       	out	0x3e, r29	; 62
      a2:	cd bf       	out	0x3d, r28	; 61

000000a4 <__do_copy_data>:
      a4:	12 e0       	ldi	r17, 0x02	; 2
      a6:	a0 e0       	ldi	r26, 0x00	; 0
      a8:	b1 e0       	ldi	r27, 0x01	; 1
      aa:	e2 e3       	ldi	r30, 0x32	; 50
      ac:	f4 e2       	ldi	r31, 0x24	; 36
      ae:	00 e0       	ldi	r16, 0x00	; 0
      b0:	0b bf       	out	0x3b, r16	; 59
      b2:	02 c0       	rjmp	.+4      	; 0xb8 <__do_copy_data+0x14>
      b4:	07 90       	elpm	r0, Z+
      b6:	0d 92       	st	X+, r0
      b8:	a4 3c       	cpi	r26, 0xC4	; 196
      ba:	b1 07       	cpc	r27, r17
      bc:	d9 f7       	brne	.-10     	; 0xb4 <__do_copy_data+0x10>

000000be <__do_clear_bss>:
      be:	26 e0       	ldi	r18, 0x06	; 6
      c0:	a4 ec       	ldi	r26, 0xC4	; 196
      c2:	b2 e0       	ldi	r27, 0x02	; 2
      c4:	01 c0       	rjmp	.+2      	; 0xc8 <.do_clear_bss_start>

000000c6 <.do_clear_bss_loop>:
      c6:	1d 92       	st	X+, r1

000000c8 <.do_clear_bss_start>:
      c8:	a4 39       	cpi	r26, 0x94	; 148
      ca:	b2 07       	cpc	r27, r18
      cc:	e1 f7       	brne	.-8      	; 0xc6 <.do_clear_bss_loop>
      ce:	0e 94 a8 08 	call	0x1150	; 0x1150 <main>
      d2:	0c 94 17 12 	jmp	0x242e	; 0x242e <_exit>

000000d6 <__bad_interrupt>:
      d6:	94 cf       	rjmp	.-216    	; 0x0 <__vectors>

000000d8 <get_button>:
	};
	// static 지역변수에 static을 선언하면 함수를 빠져나와 다시 들어가도 이전값유지 
	int current_state;
	
	// 1. button을 읽는다. 
	current_state = BUTTON_PIN & (1 << button_pin);
      d8:	20 b3       	in	r18, 0x10	; 16
      da:	42 2f       	mov	r20, r18
      dc:	50 e0       	ldi	r21, 0x00	; 0
      de:	21 e0       	ldi	r18, 0x01	; 1
      e0:	30 e0       	ldi	r19, 0x00	; 0
      e2:	02 c0       	rjmp	.+4      	; 0xe8 <get_button+0x10>
      e4:	22 0f       	add	r18, r18
      e6:	33 1f       	adc	r19, r19
      e8:	6a 95       	dec	r22
      ea:	e2 f7       	brpl	.-8      	; 0xe4 <get_button+0xc>
      ec:	24 23       	and	r18, r20
      ee:	35 23       	and	r19, r21
	// 2. 버튼 상태 check 
	if (current_state  && button_status[button_num] == BUTTON_RELEASE)  // 버튼이 처음 눌려진 상태 
      f0:	21 15       	cp	r18, r1
      f2:	31 05       	cpc	r19, r1
      f4:	a1 f0       	breq	.+40     	; 0x11e <get_button+0x46>
      f6:	fc 01       	movw	r30, r24
      f8:	ec 53       	subi	r30, 0x3C	; 60
      fa:	fd 4f       	sbci	r31, 0xFD	; 253
      fc:	40 81       	ld	r20, Z
      fe:	41 11       	cpse	r20, r1
     100:	0e c0       	rjmp	.+28     	; 0x11e <get_button+0x46>
	#else
		//round up by default
		__ticks_dc = (uint32_t)(ceil(fabs(__tmp)));
	#endif

	__builtin_avr_delay_cycles(__ticks_dc);
     102:	ef e5       	ldi	r30, 0x5F	; 95
     104:	fa ee       	ldi	r31, 0xEA	; 234
     106:	31 97       	sbiw	r30, 0x01	; 1
     108:	f1 f7       	brne	.-4      	; 0x106 <get_button+0x2e>
     10a:	00 c0       	rjmp	.+0      	; 0x10c <get_button+0x34>
     10c:	00 00       	nop
	{
		_delay_ms(15);  // noise가 지나가기를 기다린다. 
		button_status[button_num] =BUTTON_PRESS;  
     10e:	fc 01       	movw	r30, r24
     110:	ec 53       	subi	r30, 0x3C	; 60
     112:	fd 4f       	sbci	r31, 0xFD	; 253
     114:	21 e0       	ldi	r18, 0x01	; 1
     116:	20 83       	st	Z, r18
		return 0;     // 아직은 완전히 눌렀다 뗀 상태가 아니다. 
     118:	80 e0       	ldi	r24, 0x00	; 0
     11a:	90 e0       	ldi	r25, 0x00	; 0
     11c:	08 95       	ret
	}
	else if (button_status[button_num] == BUTTON_PRESS && current_state == BUTTON_RELEASE)
     11e:	fc 01       	movw	r30, r24
     120:	ec 53       	subi	r30, 0x3C	; 60
     122:	fd 4f       	sbci	r31, 0xFD	; 253
     124:	40 81       	ld	r20, Z
     126:	41 30       	cpi	r20, 0x01	; 1
     128:	79 f4       	brne	.+30     	; 0x148 <get_button+0x70>
     12a:	23 2b       	or	r18, r19
     12c:	81 f4       	brne	.+32     	; 0x14e <get_button+0x76>
     12e:	ef e5       	ldi	r30, 0x5F	; 95
     130:	fa ee       	ldi	r31, 0xEA	; 234
     132:	31 97       	sbiw	r30, 0x01	; 1
     134:	f1 f7       	brne	.-4      	; 0x132 <get_button+0x5a>
     136:	00 c0       	rjmp	.+0      	; 0x138 <get_button+0x60>
     138:	00 00       	nop
	{  // 버튼이 이전에 눌려진 상태였으며 지금은 떼어진 상태 
		_delay_ms(15);  // noise가 지나가기를 기다린다.
		button_status[button_num] = BUTTON_RELEASE;   // 다음 버튼을 체크 하기 위하여 초기화
     13a:	fc 01       	movw	r30, r24
     13c:	ec 53       	subi	r30, 0x3C	; 60
     13e:	fd 4f       	sbci	r31, 0xFD	; 253
     140:	10 82       	st	Z, r1
		return 1;   // 완전히 1번 눌렀다 뗀 상태로 인정 한다. 
     142:	81 e0       	ldi	r24, 0x01	; 1
     144:	90 e0       	ldi	r25, 0x00	; 0
     146:	08 95       	ret
	}
	
	return 0;   // 버튼이 open 상태 이다. 
     148:	80 e0       	ldi	r24, 0x00	; 0
     14a:	90 e0       	ldi	r25, 0x00	; 0
     14c:	08 95       	ret
     14e:	80 e0       	ldi	r24, 0x00	; 0
     150:	90 e0       	ldi	r25, 0x00	; 0
}
     152:	08 95       	ret

00000154 <check_parentheses>:

/**
 * @brief 수식의 괄호 쌍 매칭 상태를 검사합니다.
 */
static int check_parentheses(const char* expr) 
{ 
     154:	bc 01       	movw	r22, r24
    int count = 0; 
    for (int i = 0; expr[i] != '\0'; i++) 
     156:	20 e0       	ldi	r18, 0x00	; 0
     158:	30 e0       	ldi	r19, 0x00	; 0
/**
 * @brief 수식의 괄호 쌍 매칭 상태를 검사합니다.
 */
static int check_parentheses(const char* expr) 
{ 
    int count = 0; 
     15a:	40 e0       	ldi	r20, 0x00	; 0
     15c:	50 e0       	ldi	r21, 0x00	; 0
    for (int i = 0; expr[i] != '\0'; i++) 
     15e:	0c c0       	rjmp	.+24     	; 0x178 <check_parentheses+0x24>
    { 
        if (expr[i] == '(') count++; 
     160:	98 32       	cpi	r25, 0x28	; 40
     162:	19 f4       	brne	.+6      	; 0x16a <check_parentheses+0x16>
     164:	4f 5f       	subi	r20, 0xFF	; 255
     166:	5f 4f       	sbci	r21, 0xFF	; 255
     168:	05 c0       	rjmp	.+10     	; 0x174 <check_parentheses+0x20>
        else if (expr[i] == ')') 
     16a:	99 32       	cpi	r25, 0x29	; 41
     16c:	19 f4       	brne	.+6      	; 0x174 <check_parentheses+0x20>
        { 
            count--; 
     16e:	41 50       	subi	r20, 0x01	; 1
     170:	51 09       	sbc	r21, r1
            if (count < 0) return 0; 
     172:	72 f0       	brmi	.+28     	; 0x190 <check_parentheses+0x3c>
 * @brief 수식의 괄호 쌍 매칭 상태를 검사합니다.
 */
static int check_parentheses(const char* expr) 
{ 
    int count = 0; 
    for (int i = 0; expr[i] != '\0'; i++) 
     174:	2f 5f       	subi	r18, 0xFF	; 255
     176:	3f 4f       	sbci	r19, 0xFF	; 255
     178:	fb 01       	movw	r30, r22
     17a:	e2 0f       	add	r30, r18
     17c:	f3 1f       	adc	r31, r19
     17e:	90 81       	ld	r25, Z
     180:	91 11       	cpse	r25, r1
     182:	ee cf       	rjmp	.-36     	; 0x160 <check_parentheses+0xc>
        { 
            count--; 
            if (count < 0) return 0; 
        } 
    } 
    return (count == 0); 
     184:	81 e0       	ldi	r24, 0x01	; 1
     186:	45 2b       	or	r20, r21
     188:	09 f0       	breq	.+2      	; 0x18c <check_parentheses+0x38>
     18a:	80 e0       	ldi	r24, 0x00	; 0
     18c:	90 e0       	ldi	r25, 0x00	; 0
     18e:	08 95       	ret
    { 
        if (expr[i] == '(') count++; 
        else if (expr[i] == ')') 
        { 
            count--; 
            if (count < 0) return 0; 
     190:	80 e0       	ldi	r24, 0x00	; 0
     192:	90 e0       	ldi	r25, 0x00	; 0
        } 
    } 
    return (count == 0); 
}
     194:	08 95       	ret

00000196 <get_precedence>:
/**
 * @brief 사칙연산자의 우선순위를 반환합니다.
 */
static int get_precedence(char op) 
{ 
    if (op == '+' || op == '-') return 1; 
     196:	8b 32       	cpi	r24, 0x2B	; 43
     198:	49 f0       	breq	.+18     	; 0x1ac <get_precedence+0x16>
     19a:	8d 32       	cpi	r24, 0x2D	; 45
     19c:	51 f0       	breq	.+20     	; 0x1b2 <get_precedence+0x1c>
    if (op == '*' || op == '/') return 2; 
     19e:	8a 32       	cpi	r24, 0x2A	; 42
     1a0:	59 f0       	breq	.+22     	; 0x1b8 <get_precedence+0x22>
     1a2:	8f 32       	cpi	r24, 0x2F	; 47
     1a4:	61 f4       	brne	.+24     	; 0x1be <get_precedence+0x28>
     1a6:	82 e0       	ldi	r24, 0x02	; 2
     1a8:	90 e0       	ldi	r25, 0x00	; 0
     1aa:	08 95       	ret
/**
 * @brief 사칙연산자의 우선순위를 반환합니다.
 */
static int get_precedence(char op) 
{ 
    if (op == '+' || op == '-') return 1; 
     1ac:	81 e0       	ldi	r24, 0x01	; 1
     1ae:	90 e0       	ldi	r25, 0x00	; 0
     1b0:	08 95       	ret
     1b2:	81 e0       	ldi	r24, 0x01	; 1
     1b4:	90 e0       	ldi	r25, 0x00	; 0
     1b6:	08 95       	ret
    if (op == '*' || op == '/') return 2; 
     1b8:	82 e0       	ldi	r24, 0x02	; 2
     1ba:	90 e0       	ldi	r25, 0x00	; 0
     1bc:	08 95       	ret
    return 0; 
     1be:	80 e0       	ldi	r24, 0x00	; 0
     1c0:	90 e0       	ldi	r25, 0x00	; 0
}
     1c2:	08 95       	ret

000001c4 <apply_op>:

/**
 * @brief 지정된 이항 연산을 수행합니다. (0 나누기 체크 포함)
 */
static int32_t apply_op(char op, int32_t b, int32_t a, int* valid) 
{ 
     1c4:	8f 92       	push	r8
     1c6:	9f 92       	push	r9
     1c8:	af 92       	push	r10
     1ca:	bf 92       	push	r11
     1cc:	ef 92       	push	r14
     1ce:	ff 92       	push	r15
     1d0:	0f 93       	push	r16
     1d2:	1f 93       	push	r17
     1d4:	4a 01       	movw	r8, r20
     1d6:	5b 01       	movw	r10, r22
    switch (op) 
     1d8:	8b 32       	cpi	r24, 0x2B	; 43
     1da:	49 f0       	breq	.+18     	; 0x1ee <apply_op+0x2a>
     1dc:	18 f4       	brcc	.+6      	; 0x1e4 <apply_op+0x20>
     1de:	8a 32       	cpi	r24, 0x2A	; 42
     1e0:	a1 f0       	breq	.+40     	; 0x20a <apply_op+0x46>
     1e2:	2e c0       	rjmp	.+92     	; 0x240 <apply_op+0x7c>
     1e4:	8d 32       	cpi	r24, 0x2D	; 45
     1e6:	51 f0       	breq	.+20     	; 0x1fc <apply_op+0x38>
     1e8:	8f 32       	cpi	r24, 0x2F	; 47
     1ea:	b1 f0       	breq	.+44     	; 0x218 <apply_op+0x54>
     1ec:	29 c0       	rjmp	.+82     	; 0x240 <apply_op+0x7c>
    { 
        case '+': return a + b; 
     1ee:	c9 01       	movw	r24, r18
     1f0:	b8 01       	movw	r22, r16
     1f2:	68 0d       	add	r22, r8
     1f4:	79 1d       	adc	r23, r9
     1f6:	8a 1d       	adc	r24, r10
     1f8:	9b 1d       	adc	r25, r11
     1fa:	25 c0       	rjmp	.+74     	; 0x246 <apply_op+0x82>
        case '-': return a - b; 
     1fc:	c9 01       	movw	r24, r18
     1fe:	b8 01       	movw	r22, r16
     200:	68 19       	sub	r22, r8
     202:	79 09       	sbc	r23, r9
     204:	8a 09       	sbc	r24, r10
     206:	9b 09       	sbc	r25, r11
     208:	1e c0       	rjmp	.+60     	; 0x246 <apply_op+0x82>
        case '*': return a * b; 
     20a:	a9 01       	movw	r20, r18
     20c:	98 01       	movw	r18, r16
     20e:	c5 01       	movw	r24, r10
     210:	b4 01       	movw	r22, r8
     212:	0e 94 02 0b 	call	0x1604	; 0x1604 <__mulsi3>
     216:	17 c0       	rjmp	.+46     	; 0x246 <apply_op+0x82>
        case '/': 
            if (b == 0) 
     218:	45 2b       	or	r20, r21
     21a:	46 2b       	or	r20, r22
     21c:	47 2b       	or	r20, r23
     21e:	39 f4       	brne	.+14     	; 0x22e <apply_op+0x6a>
            { 
                *valid = 0; 
     220:	f7 01       	movw	r30, r14
     222:	11 82       	std	Z+1, r1	; 0x01
     224:	10 82       	st	Z, r1
                return 0; 
     226:	60 e0       	ldi	r22, 0x00	; 0
     228:	70 e0       	ldi	r23, 0x00	; 0
     22a:	cb 01       	movw	r24, r22
     22c:	0c c0       	rjmp	.+24     	; 0x246 <apply_op+0x82>
            } 
            return a / b; 
     22e:	c9 01       	movw	r24, r18
     230:	b8 01       	movw	r22, r16
     232:	a5 01       	movw	r20, r10
     234:	94 01       	movw	r18, r8
     236:	0e 94 24 0b 	call	0x1648	; 0x1648 <__divmodsi4>
     23a:	ca 01       	movw	r24, r20
     23c:	b9 01       	movw	r22, r18
     23e:	03 c0       	rjmp	.+6      	; 0x246 <apply_op+0x82>
    } 
    return 0; 
     240:	60 e0       	ldi	r22, 0x00	; 0
     242:	70 e0       	ldi	r23, 0x00	; 0
     244:	cb 01       	movw	r24, r22
}
     246:	1f 91       	pop	r17
     248:	0f 91       	pop	r16
     24a:	ff 90       	pop	r15
     24c:	ef 90       	pop	r14
     24e:	bf 90       	pop	r11
     250:	af 90       	pop	r10
     252:	9f 90       	pop	r9
     254:	8f 90       	pop	r8
     256:	08 95       	ret

00000258 <eval_expression>:

/**
 * @brief 중위 표기법(Infix) 수식 문자열을 파싱하여 결과를 계산합니다.
 */
static int32_t eval_expression(const char* expr, int* valid) 
{ 
     258:	2f 92       	push	r2
     25a:	3f 92       	push	r3
     25c:	4f 92       	push	r4
     25e:	5f 92       	push	r5
     260:	6f 92       	push	r6
     262:	7f 92       	push	r7
     264:	8f 92       	push	r8
     266:	9f 92       	push	r9
     268:	af 92       	push	r10
     26a:	bf 92       	push	r11
     26c:	cf 92       	push	r12
     26e:	df 92       	push	r13
     270:	ef 92       	push	r14
     272:	ff 92       	push	r15
     274:	0f 93       	push	r16
     276:	1f 93       	push	r17
     278:	cf 93       	push	r28
     27a:	df 93       	push	r29
     27c:	cd b7       	in	r28, 0x3d	; 61
     27e:	de b7       	in	r29, 0x3e	; 62
     280:	cb 5c       	subi	r28, 0xCB	; 203
     282:	d1 09       	sbc	r29, r1
     284:	0f b6       	in	r0, 0x3f	; 63
     286:	f8 94       	cli
     288:	de bf       	out	0x3e, r29	; 62
     28a:	0f be       	out	0x3f, r0	; 63
     28c:	cd bf       	out	0x3d, r28	; 61
     28e:	4c 01       	movw	r8, r24
     290:	c7 53       	subi	r28, 0x37	; 55
     292:	df 4f       	sbci	r29, 0xFF	; 255
     294:	79 83       	std	Y+1, r23	; 0x01
     296:	68 83       	st	Y, r22
     298:	c9 5c       	subi	r28, 0xC9	; 201
     29a:	d0 40       	sbci	r29, 0x00	; 0
    int32_t val_stack[MAX_EXPR_LEN]; 
    char op_stack[MAX_EXPR_LEN]; 
    int val_top = -1; 
    int op_top = -1; 

    for (int i = 0; expr[i] != '\0'; i++) 
     29c:	c1 2c       	mov	r12, r1
     29e:	d1 2c       	mov	r13, r1
static int32_t eval_expression(const char* expr, int* valid) 
{ 
    int32_t val_stack[MAX_EXPR_LEN]; 
    char op_stack[MAX_EXPR_LEN]; 
    int val_top = -1; 
    int op_top = -1; 
     2a0:	aa 24       	eor	r10, r10
     2a2:	aa 94       	dec	r10
     2a4:	ba 2c       	mov	r11, r10
 */
static int32_t eval_expression(const char* expr, int* valid) 
{ 
    int32_t val_stack[MAX_EXPR_LEN]; 
    char op_stack[MAX_EXPR_LEN]; 
    int val_top = -1; 
     2a6:	0f ef       	ldi	r16, 0xFF	; 255
     2a8:	1f ef       	ldi	r17, 0xFF	; 255
    int op_top = -1; 

    for (int i = 0; expr[i] != '\0'; i++) 
     2aa:	23 c1       	rjmp	.+582    	; 0x4f2 <__LOCK_REGION_LENGTH__+0xf2>
    { 
        if (expr[i] == ' ') continue; 
     2ac:	80 32       	cpi	r24, 0x20	; 32
     2ae:	09 f4       	brne	.+2      	; 0x2b2 <eval_expression+0x5a>
     2b0:	1d c1       	rjmp	.+570    	; 0x4ec <__LOCK_REGION_LENGTH__+0xec>

        // 1. 숫자가 연달아 나오는 경우 피연산자로 묶어서 숫리스택에 push
        if (isdigit((unsigned char)expr[i])) 
     2b2:	28 2f       	mov	r18, r24
     2b4:	30 e0       	ldi	r19, 0x00	; 0
     2b6:	20 53       	subi	r18, 0x30	; 48
     2b8:	31 09       	sbc	r19, r1
     2ba:	2a 30       	cpi	r18, 0x0A	; 10
     2bc:	31 05       	cpc	r19, r1
     2be:	10 f1       	brcs	.+68     	; 0x304 <eval_expression+0xac>
     2c0:	41 c0       	rjmp	.+130    	; 0x344 <eval_expression+0xec>
        { 
            int32_t val = 0; 
            while (expr[i] != '\0' && isdigit((unsigned char)expr[i])) 
            { 
                val = (val * 10) + (expr[i] - '0'); 
     2c2:	88 0f       	add	r24, r24
     2c4:	99 1f       	adc	r25, r25
     2c6:	aa 1f       	adc	r26, r26
     2c8:	bb 1f       	adc	r27, r27
     2ca:	2c 01       	movw	r4, r24
     2cc:	3d 01       	movw	r6, r26
     2ce:	44 0c       	add	r4, r4
     2d0:	55 1c       	adc	r5, r5
     2d2:	66 1c       	adc	r6, r6
     2d4:	77 1c       	adc	r7, r7
     2d6:	44 0c       	add	r4, r4
     2d8:	55 1c       	adc	r5, r5
     2da:	66 1c       	adc	r6, r6
     2dc:	77 1c       	adc	r7, r7
     2de:	84 0d       	add	r24, r4
     2e0:	95 1d       	adc	r25, r5
     2e2:	a6 1d       	adc	r26, r6
     2e4:	b7 1d       	adc	r27, r7
     2e6:	50 e0       	ldi	r21, 0x00	; 0
     2e8:	40 53       	subi	r20, 0x30	; 48
     2ea:	51 09       	sbc	r21, r1
     2ec:	05 2e       	mov	r0, r21
     2ee:	00 0c       	add	r0, r0
     2f0:	66 0b       	sbc	r22, r22
     2f2:	77 0b       	sbc	r23, r23
     2f4:	84 0f       	add	r24, r20
     2f6:	95 1f       	adc	r25, r21
     2f8:	a6 1f       	adc	r26, r22
     2fa:	b7 1f       	adc	r27, r23
                i++; 
     2fc:	2f ef       	ldi	r18, 0xFF	; 255
     2fe:	c2 1a       	sub	r12, r18
     300:	d2 0a       	sbc	r13, r18
     302:	03 c0       	rjmp	.+6      	; 0x30a <eval_expression+0xb2>
     304:	80 e0       	ldi	r24, 0x00	; 0
     306:	90 e0       	ldi	r25, 0x00	; 0
     308:	dc 01       	movw	r26, r24

        // 1. 숫자가 연달아 나오는 경우 피연산자로 묶어서 숫리스택에 push
        if (isdigit((unsigned char)expr[i])) 
        { 
            int32_t val = 0; 
            while (expr[i] != '\0' && isdigit((unsigned char)expr[i])) 
     30a:	f4 01       	movw	r30, r8
     30c:	ec 0d       	add	r30, r12
     30e:	fd 1d       	adc	r31, r13
     310:	40 81       	ld	r20, Z
     312:	20 ed       	ldi	r18, 0xD0	; 208
     314:	24 0f       	add	r18, r20
     316:	2a 30       	cpi	r18, 0x0A	; 10
     318:	a0 f2       	brcs	.-88     	; 0x2c2 <eval_expression+0x6a>
            { 
                val = (val * 10) + (expr[i] - '0'); 
                i++; 
            } 
            i--; 
     31a:	31 e0       	ldi	r19, 0x01	; 1
     31c:	c3 1a       	sub	r12, r19
     31e:	d1 08       	sbc	r13, r1
            val_stack[++val_top] = val; 
     320:	0f 5f       	subi	r16, 0xFF	; 255
     322:	1f 4f       	sbci	r17, 0xFF	; 255
     324:	f8 01       	movw	r30, r16
     326:	ee 0f       	add	r30, r30
     328:	ff 1f       	adc	r31, r31
     32a:	ee 0f       	add	r30, r30
     32c:	ff 1f       	adc	r31, r31
     32e:	21 e0       	ldi	r18, 0x01	; 1
     330:	30 e0       	ldi	r19, 0x00	; 0
     332:	2c 0f       	add	r18, r28
     334:	3d 1f       	adc	r19, r29
     336:	e2 0f       	add	r30, r18
     338:	f3 1f       	adc	r31, r19
     33a:	80 83       	st	Z, r24
     33c:	91 83       	std	Z+1, r25	; 0x01
     33e:	a2 83       	std	Z+2, r26	; 0x02
     340:	b3 83       	std	Z+3, r27	; 0x03
     342:	d4 c0       	rjmp	.+424    	; 0x4ec <__LOCK_REGION_LENGTH__+0xec>
        } 
        // 2. 여는 괄호는 연산자 스택에 push
        else if (expr[i] == '(') 
     344:	88 32       	cpi	r24, 0x28	; 40
     346:	59 f4       	brne	.+22     	; 0x35e <eval_expression+0x106>
        { 
            op_stack[++op_top] = expr[i]; 
     348:	3f ef       	ldi	r19, 0xFF	; 255
     34a:	a3 1a       	sub	r10, r19
     34c:	b3 0a       	sbc	r11, r19
     34e:	e1 ea       	ldi	r30, 0xA1	; 161
     350:	f0 e0       	ldi	r31, 0x00	; 0
     352:	ec 0f       	add	r30, r28
     354:	fd 1f       	adc	r31, r29
     356:	ea 0d       	add	r30, r10
     358:	fb 1d       	adc	r31, r11
     35a:	80 83       	st	Z, r24
     35c:	c7 c0       	rjmp	.+398    	; 0x4ec <__LOCK_REGION_LENGTH__+0xec>
        } 
        // 3. 닫는 괄호 처리: 여는 괄호를 만날 때까지 누적 연산 진행
        else if (expr[i] == ')') 
     35e:	89 32       	cpi	r24, 0x29	; 41
     360:	09 f0       	breq	.+2      	; 0x364 <eval_expression+0x10c>
     362:	51 c0       	rjmp	.+162    	; 0x406 <__LOCK_REGION_LENGTH__+0x6>
     364:	3d c0       	rjmp	.+122    	; 0x3e0 <eval_expression+0x188>
        { 
            while (op_top >= 0 && op_stack[op_top] != '(') 
            { 
                int32_t val2 = val_stack[val_top--]; 
     366:	28 01       	movw	r4, r16
     368:	91 e0       	ldi	r25, 0x01	; 1
     36a:	49 1a       	sub	r4, r25
     36c:	51 08       	sbc	r5, r1
     36e:	00 0f       	add	r16, r16
     370:	11 1f       	adc	r17, r17
     372:	00 0f       	add	r16, r16
     374:	11 1f       	adc	r17, r17
     376:	e1 e0       	ldi	r30, 0x01	; 1
     378:	f0 e0       	ldi	r31, 0x00	; 0
     37a:	ec 0f       	add	r30, r28
     37c:	fd 1f       	adc	r31, r29
     37e:	e0 0f       	add	r30, r16
     380:	f1 1f       	adc	r31, r17
     382:	40 81       	ld	r20, Z
     384:	51 81       	ldd	r21, Z+1	; 0x01
     386:	62 81       	ldd	r22, Z+2	; 0x02
     388:	73 81       	ldd	r23, Z+3	; 0x03
                int32_t val1 = val_stack[val_top--]; 
     38a:	12 01       	movw	r2, r4
     38c:	22 0c       	add	r2, r2
     38e:	33 1c       	adc	r3, r3
     390:	22 0c       	add	r2, r2
     392:	33 1c       	adc	r3, r3
     394:	e1 e0       	ldi	r30, 0x01	; 1
     396:	f0 e0       	ldi	r31, 0x00	; 0
     398:	ec 0f       	add	r30, r28
     39a:	fd 1f       	adc	r31, r29
     39c:	2e 0e       	add	r2, r30
     39e:	3f 1e       	adc	r3, r31
     3a0:	f1 01       	movw	r30, r2
     3a2:	00 81       	ld	r16, Z
     3a4:	11 81       	ldd	r17, Z+1	; 0x01
     3a6:	22 81       	ldd	r18, Z+2	; 0x02
     3a8:	33 81       	ldd	r19, Z+3	; 0x03
                char op = op_stack[op_top--]; 
     3aa:	f1 e0       	ldi	r31, 0x01	; 1
     3ac:	af 1a       	sub	r10, r31
     3ae:	b1 08       	sbc	r11, r1
                
                val_stack[++val_top] = apply_op(op, val2, val1, valid); 
     3b0:	c7 53       	subi	r28, 0x37	; 55
     3b2:	df 4f       	sbci	r29, 0xFF	; 255
     3b4:	e8 80       	ld	r14, Y
     3b6:	f9 80       	ldd	r15, Y+1	; 0x01
     3b8:	c9 5c       	subi	r28, 0xC9	; 201
     3ba:	d0 40       	sbci	r29, 0x00	; 0
     3bc:	03 df       	rcall	.-506    	; 0x1c4 <apply_op>
     3be:	f1 01       	movw	r30, r2
     3c0:	60 83       	st	Z, r22
     3c2:	71 83       	std	Z+1, r23	; 0x01
     3c4:	82 83       	std	Z+2, r24	; 0x02
     3c6:	93 83       	std	Z+3, r25	; 0x03
                if (!(*valid)) return 0; 
     3c8:	c7 53       	subi	r28, 0x37	; 55
     3ca:	df 4f       	sbci	r29, 0xFF	; 255
     3cc:	e8 81       	ld	r30, Y
     3ce:	f9 81       	ldd	r31, Y+1	; 0x01
     3d0:	c9 5c       	subi	r28, 0xC9	; 201
     3d2:	d0 40       	sbci	r29, 0x00	; 0
     3d4:	80 81       	ld	r24, Z
     3d6:	91 81       	ldd	r25, Z+1	; 0x01
     3d8:	89 2b       	or	r24, r25
     3da:	09 f4       	brne	.+2      	; 0x3de <eval_expression+0x186>
     3dc:	ec c0       	rjmp	.+472    	; 0x5b6 <__LOCK_REGION_LENGTH__+0x1b6>
            { 
                int32_t val2 = val_stack[val_top--]; 
                int32_t val1 = val_stack[val_top--]; 
                char op = op_stack[op_top--]; 
                
                val_stack[++val_top] = apply_op(op, val2, val1, valid); 
     3de:	82 01       	movw	r16, r4
            op_stack[++op_top] = expr[i]; 
        } 
        // 3. 닫는 괄호 처리: 여는 괄호를 만날 때까지 누적 연산 진행
        else if (expr[i] == ')') 
        { 
            while (op_top >= 0 && op_stack[op_top] != '(') 
     3e0:	bb 20       	and	r11, r11
     3e2:	54 f0       	brlt	.+20     	; 0x3f8 <eval_expression+0x1a0>
     3e4:	e1 ea       	ldi	r30, 0xA1	; 161
     3e6:	f0 e0       	ldi	r31, 0x00	; 0
     3e8:	ec 0f       	add	r30, r28
     3ea:	fd 1f       	adc	r31, r29
     3ec:	ea 0d       	add	r30, r10
     3ee:	fb 1d       	adc	r31, r11
     3f0:	80 81       	ld	r24, Z
     3f2:	88 32       	cpi	r24, 0x28	; 40
     3f4:	09 f0       	breq	.+2      	; 0x3f8 <eval_expression+0x1a0>
     3f6:	b7 cf       	rjmp	.-146    	; 0x366 <eval_expression+0x10e>
                char op = op_stack[op_top--]; 
                
                val_stack[++val_top] = apply_op(op, val2, val1, valid); 
                if (!(*valid)) return 0; 
            } 
            if (op_top >= 0) op_top--; // 여는 괄호 제거
     3f8:	bb 20       	and	r11, r11
     3fa:	0c f4       	brge	.+2      	; 0x3fe <eval_expression+0x1a6>
     3fc:	77 c0       	rjmp	.+238    	; 0x4ec <__LOCK_REGION_LENGTH__+0xec>
     3fe:	f1 e0       	ldi	r31, 0x01	; 1
     400:	af 1a       	sub	r10, r31
     402:	b1 08       	sbc	r11, r1
     404:	73 c0       	rjmp	.+230    	; 0x4ec <__LOCK_REGION_LENGTH__+0xec>
        } 
        // 4. 일반 연산자 처리: 이전 연산자와 우선순위를 비교하여 처리
        else if (expr[i] == '+' || expr[i] == '-' || expr[i] == '*' || expr[i] == '/') 
     406:	8b 32       	cpi	r24, 0x2B	; 43
     408:	09 f4       	brne	.+2      	; 0x40c <__LOCK_REGION_LENGTH__+0xc>
     40a:	4c c0       	rjmp	.+152    	; 0x4a4 <__LOCK_REGION_LENGTH__+0xa4>
     40c:	8d 32       	cpi	r24, 0x2D	; 45
     40e:	09 f4       	brne	.+2      	; 0x412 <__LOCK_REGION_LENGTH__+0x12>
     410:	49 c0       	rjmp	.+146    	; 0x4a4 <__LOCK_REGION_LENGTH__+0xa4>
     412:	8a 32       	cpi	r24, 0x2A	; 42
     414:	09 f4       	brne	.+2      	; 0x418 <__LOCK_REGION_LENGTH__+0x18>
     416:	46 c0       	rjmp	.+140    	; 0x4a4 <__LOCK_REGION_LENGTH__+0xa4>
     418:	8f 32       	cpi	r24, 0x2F	; 47
     41a:	09 f0       	breq	.+2      	; 0x41e <__LOCK_REGION_LENGTH__+0x1e>
     41c:	67 c0       	rjmp	.+206    	; 0x4ec <__LOCK_REGION_LENGTH__+0xec>
     41e:	42 c0       	rjmp	.+132    	; 0x4a4 <__LOCK_REGION_LENGTH__+0xa4>
        { 
            while (op_top >= 0 && get_precedence(op_stack[op_top]) >= get_precedence(expr[i])) 
            { 
                int32_t val2 = val_stack[val_top--]; 
     420:	28 01       	movw	r4, r16
     422:	21 e0       	ldi	r18, 0x01	; 1
     424:	42 1a       	sub	r4, r18
     426:	51 08       	sbc	r5, r1
     428:	00 0f       	add	r16, r16
     42a:	11 1f       	adc	r17, r17
     42c:	00 0f       	add	r16, r16
     42e:	11 1f       	adc	r17, r17
     430:	e1 e0       	ldi	r30, 0x01	; 1
     432:	f0 e0       	ldi	r31, 0x00	; 0
     434:	ec 0f       	add	r30, r28
     436:	fd 1f       	adc	r31, r29
     438:	e0 0f       	add	r30, r16
     43a:	f1 1f       	adc	r31, r17
     43c:	40 81       	ld	r20, Z
     43e:	51 81       	ldd	r21, Z+1	; 0x01
     440:	62 81       	ldd	r22, Z+2	; 0x02
     442:	73 81       	ldd	r23, Z+3	; 0x03
                int32_t val1 = val_stack[val_top--]; 
     444:	12 01       	movw	r2, r4
     446:	22 0c       	add	r2, r2
     448:	33 1c       	adc	r3, r3
     44a:	22 0c       	add	r2, r2
     44c:	33 1c       	adc	r3, r3
     44e:	81 e0       	ldi	r24, 0x01	; 1
     450:	90 e0       	ldi	r25, 0x00	; 0
     452:	8c 0f       	add	r24, r28
     454:	9d 1f       	adc	r25, r29
     456:	28 0e       	add	r2, r24
     458:	39 1e       	adc	r3, r25
     45a:	f1 01       	movw	r30, r2
     45c:	00 81       	ld	r16, Z
     45e:	11 81       	ldd	r17, Z+1	; 0x01
     460:	22 81       	ldd	r18, Z+2	; 0x02
     462:	33 81       	ldd	r19, Z+3	; 0x03
                char op = op_stack[op_top--]; 
     464:	f1 e0       	ldi	r31, 0x01	; 1
     466:	af 1a       	sub	r10, r31
     468:	b1 08       	sbc	r11, r1
                
                val_stack[++val_top] = apply_op(op, val2, val1, valid); 
     46a:	c7 53       	subi	r28, 0x37	; 55
     46c:	df 4f       	sbci	r29, 0xFF	; 255
     46e:	e8 80       	ld	r14, Y
     470:	f9 80       	ldd	r15, Y+1	; 0x01
     472:	c9 5c       	subi	r28, 0xC9	; 201
     474:	d0 40       	sbci	r29, 0x00	; 0
     476:	c5 53       	subi	r28, 0x35	; 53
     478:	df 4f       	sbci	r29, 0xFF	; 255
     47a:	88 81       	ld	r24, Y
     47c:	cb 5c       	subi	r28, 0xCB	; 203
     47e:	d0 40       	sbci	r29, 0x00	; 0
     480:	a1 de       	rcall	.-702    	; 0x1c4 <apply_op>
     482:	f1 01       	movw	r30, r2
     484:	60 83       	st	Z, r22
     486:	71 83       	std	Z+1, r23	; 0x01
     488:	82 83       	std	Z+2, r24	; 0x02
     48a:	93 83       	std	Z+3, r25	; 0x03
                if (!(*valid)) return 0; 
     48c:	c7 53       	subi	r28, 0x37	; 55
     48e:	df 4f       	sbci	r29, 0xFF	; 255
     490:	e8 81       	ld	r30, Y
     492:	f9 81       	ldd	r31, Y+1	; 0x01
     494:	c9 5c       	subi	r28, 0xC9	; 201
     496:	d0 40       	sbci	r29, 0x00	; 0
     498:	80 81       	ld	r24, Z
     49a:	91 81       	ldd	r25, Z+1	; 0x01
     49c:	89 2b       	or	r24, r25
     49e:	09 f4       	brne	.+2      	; 0x4a2 <__LOCK_REGION_LENGTH__+0xa2>
     4a0:	8e c0       	rjmp	.+284    	; 0x5be <__LOCK_REGION_LENGTH__+0x1be>
            { 
                int32_t val2 = val_stack[val_top--]; 
                int32_t val1 = val_stack[val_top--]; 
                char op = op_stack[op_top--]; 
                
                val_stack[++val_top] = apply_op(op, val2, val1, valid); 
     4a2:	82 01       	movw	r16, r4
            if (op_top >= 0) op_top--; // 여는 괄호 제거
        } 
        // 4. 일반 연산자 처리: 이전 연산자와 우선순위를 비교하여 처리
        else if (expr[i] == '+' || expr[i] == '-' || expr[i] == '*' || expr[i] == '/') 
        { 
            while (op_top >= 0 && get_precedence(op_stack[op_top]) >= get_precedence(expr[i])) 
     4a4:	bb 20       	and	r11, r11
     4a6:	b4 f0       	brlt	.+44     	; 0x4d4 <__LOCK_REGION_LENGTH__+0xd4>
     4a8:	e1 ea       	ldi	r30, 0xA1	; 161
     4aa:	f0 e0       	ldi	r31, 0x00	; 0
     4ac:	ec 0f       	add	r30, r28
     4ae:	fd 1f       	adc	r31, r29
     4b0:	ea 0d       	add	r30, r10
     4b2:	fb 1d       	adc	r31, r11
     4b4:	20 81       	ld	r18, Z
     4b6:	c5 53       	subi	r28, 0x35	; 53
     4b8:	df 4f       	sbci	r29, 0xFF	; 255
     4ba:	28 83       	st	Y, r18
     4bc:	cb 5c       	subi	r28, 0xCB	; 203
     4be:	d0 40       	sbci	r29, 0x00	; 0
     4c0:	82 2f       	mov	r24, r18
     4c2:	69 de       	rcall	.-814    	; 0x196 <get_precedence>
     4c4:	7c 01       	movw	r14, r24
     4c6:	f3 01       	movw	r30, r6
     4c8:	80 81       	ld	r24, Z
     4ca:	65 de       	rcall	.-822    	; 0x196 <get_precedence>
     4cc:	e8 16       	cp	r14, r24
     4ce:	f9 06       	cpc	r15, r25
     4d0:	0c f0       	brlt	.+2      	; 0x4d4 <__LOCK_REGION_LENGTH__+0xd4>
     4d2:	a6 cf       	rjmp	.-180    	; 0x420 <__LOCK_REGION_LENGTH__+0x20>
                char op = op_stack[op_top--]; 
                
                val_stack[++val_top] = apply_op(op, val2, val1, valid); 
                if (!(*valid)) return 0; 
            } 
            op_stack[++op_top] = expr[i]; 
     4d4:	ff ef       	ldi	r31, 0xFF	; 255
     4d6:	af 1a       	sub	r10, r31
     4d8:	bf 0a       	sbc	r11, r31
     4da:	f3 01       	movw	r30, r6
     4dc:	80 81       	ld	r24, Z
     4de:	e1 ea       	ldi	r30, 0xA1	; 161
     4e0:	f0 e0       	ldi	r31, 0x00	; 0
     4e2:	ec 0f       	add	r30, r28
     4e4:	fd 1f       	adc	r31, r29
     4e6:	ea 0d       	add	r30, r10
     4e8:	fb 1d       	adc	r31, r11
     4ea:	80 83       	st	Z, r24
    int32_t val_stack[MAX_EXPR_LEN]; 
    char op_stack[MAX_EXPR_LEN]; 
    int val_top = -1; 
    int op_top = -1; 

    for (int i = 0; expr[i] != '\0'; i++) 
     4ec:	ff ef       	ldi	r31, 0xFF	; 255
     4ee:	cf 1a       	sub	r12, r31
     4f0:	df 0a       	sbc	r13, r31
     4f2:	34 01       	movw	r6, r8
     4f4:	6c 0c       	add	r6, r12
     4f6:	7d 1c       	adc	r7, r13
     4f8:	f3 01       	movw	r30, r6
     4fa:	80 81       	ld	r24, Z
     4fc:	81 11       	cpse	r24, r1
     4fe:	d6 ce       	rjmp	.-596    	; 0x2ac <eval_expression+0x54>
     500:	45 c0       	rjmp	.+138    	; 0x58c <__LOCK_REGION_LENGTH__+0x18c>
    } 

    // 5. 문자열 순회가 끝난 후 스택에 남아있는 잔여 연산 완결
    while (op_top >= 0) 
    { 
        int32_t val2 = val_stack[val_top--]; 
     502:	68 01       	movw	r12, r16
     504:	f1 e0       	ldi	r31, 0x01	; 1
     506:	cf 1a       	sub	r12, r31
     508:	d1 08       	sbc	r13, r1
     50a:	00 0f       	add	r16, r16
     50c:	11 1f       	adc	r17, r17
     50e:	00 0f       	add	r16, r16
     510:	11 1f       	adc	r17, r17
     512:	e1 e0       	ldi	r30, 0x01	; 1
     514:	f0 e0       	ldi	r31, 0x00	; 0
     516:	ec 0f       	add	r30, r28
     518:	fd 1f       	adc	r31, r29
     51a:	e0 0f       	add	r30, r16
     51c:	f1 1f       	adc	r31, r17
     51e:	40 81       	ld	r20, Z
     520:	51 81       	ldd	r21, Z+1	; 0x01
     522:	62 81       	ldd	r22, Z+2	; 0x02
     524:	73 81       	ldd	r23, Z+3	; 0x03
        int32_t val1 = val_stack[val_top--]; 
     526:	46 01       	movw	r8, r12
     528:	88 0c       	add	r8, r8
     52a:	99 1c       	adc	r9, r9
     52c:	88 0c       	add	r8, r8
     52e:	99 1c       	adc	r9, r9
     530:	21 e0       	ldi	r18, 0x01	; 1
     532:	30 e0       	ldi	r19, 0x00	; 0
     534:	2c 0f       	add	r18, r28
     536:	3d 1f       	adc	r19, r29
     538:	82 0e       	add	r8, r18
     53a:	93 1e       	adc	r9, r19
     53c:	f4 01       	movw	r30, r8
     53e:	00 81       	ld	r16, Z
     540:	11 81       	ldd	r17, Z+1	; 0x01
     542:	22 81       	ldd	r18, Z+2	; 0x02
     544:	33 81       	ldd	r19, Z+3	; 0x03
        char op = op_stack[op_top--]; 
     546:	25 01       	movw	r4, r10
     548:	f1 e0       	ldi	r31, 0x01	; 1
     54a:	4f 1a       	sub	r4, r31
     54c:	51 08       	sbc	r5, r1
     54e:	e1 ea       	ldi	r30, 0xA1	; 161
     550:	f0 e0       	ldi	r31, 0x00	; 0
     552:	ec 0f       	add	r30, r28
     554:	fd 1f       	adc	r31, r29
     556:	ea 0d       	add	r30, r10
     558:	fb 1d       	adc	r31, r11
        
        val_stack[++val_top] = apply_op(op, val2, val1, valid); 
     55a:	c7 53       	subi	r28, 0x37	; 55
     55c:	df 4f       	sbci	r29, 0xFF	; 255
     55e:	e8 80       	ld	r14, Y
     560:	f9 80       	ldd	r15, Y+1	; 0x01
     562:	c9 5c       	subi	r28, 0xC9	; 201
     564:	d0 40       	sbci	r29, 0x00	; 0
     566:	80 81       	ld	r24, Z
     568:	2d de       	rcall	.-934    	; 0x1c4 <apply_op>
     56a:	f4 01       	movw	r30, r8
     56c:	60 83       	st	Z, r22
     56e:	71 83       	std	Z+1, r23	; 0x01
     570:	82 83       	std	Z+2, r24	; 0x02
     572:	93 83       	std	Z+3, r25	; 0x03
        if (!(*valid)) return 0; 
     574:	c7 53       	subi	r28, 0x37	; 55
     576:	df 4f       	sbci	r29, 0xFF	; 255
     578:	e8 81       	ld	r30, Y
     57a:	f9 81       	ldd	r31, Y+1	; 0x01
     57c:	c9 5c       	subi	r28, 0xC9	; 201
     57e:	d0 40       	sbci	r29, 0x00	; 0
     580:	80 81       	ld	r24, Z
     582:	91 81       	ldd	r25, Z+1	; 0x01
     584:	89 2b       	or	r24, r25
     586:	f9 f0       	breq	.+62     	; 0x5c6 <__LOCK_REGION_LENGTH__+0x1c6>
    // 5. 문자열 순회가 끝난 후 스택에 남아있는 잔여 연산 완결
    while (op_top >= 0) 
    { 
        int32_t val2 = val_stack[val_top--]; 
        int32_t val1 = val_stack[val_top--]; 
        char op = op_stack[op_top--]; 
     588:	52 01       	movw	r10, r4
        
        val_stack[++val_top] = apply_op(op, val2, val1, valid); 
     58a:	86 01       	movw	r16, r12
            op_stack[++op_top] = expr[i]; 
        } 
    } 

    // 5. 문자열 순회가 끝난 후 스택에 남아있는 잔여 연산 완결
    while (op_top >= 0) 
     58c:	bb 20       	and	r11, r11
     58e:	0c f0       	brlt	.+2      	; 0x592 <__LOCK_REGION_LENGTH__+0x192>
     590:	b8 cf       	rjmp	.-144    	; 0x502 <__LOCK_REGION_LENGTH__+0x102>
        val_stack[++val_top] = apply_op(op, val2, val1, valid); 
        if (!(*valid)) return 0; 
    } 

    // 최종 결과 반환
    return (val_top == 0) ? val_stack[val_top] : 0; 
     592:	01 15       	cp	r16, r1
     594:	11 05       	cpc	r17, r1
     596:	d9 f4       	brne	.+54     	; 0x5ce <__LOCK_REGION_LENGTH__+0x1ce>
     598:	00 0f       	add	r16, r16
     59a:	11 1f       	adc	r17, r17
     59c:	00 0f       	add	r16, r16
     59e:	11 1f       	adc	r17, r17
     5a0:	e1 e0       	ldi	r30, 0x01	; 1
     5a2:	f0 e0       	ldi	r31, 0x00	; 0
     5a4:	ec 0f       	add	r30, r28
     5a6:	fd 1f       	adc	r31, r29
     5a8:	e0 0f       	add	r30, r16
     5aa:	f1 1f       	adc	r31, r17
     5ac:	60 81       	ld	r22, Z
     5ae:	71 81       	ldd	r23, Z+1	; 0x01
     5b0:	82 81       	ldd	r24, Z+2	; 0x02
     5b2:	93 81       	ldd	r25, Z+3	; 0x03
     5b4:	0f c0       	rjmp	.+30     	; 0x5d4 <__LOCK_REGION_LENGTH__+0x1d4>
                int32_t val2 = val_stack[val_top--]; 
                int32_t val1 = val_stack[val_top--]; 
                char op = op_stack[op_top--]; 
                
                val_stack[++val_top] = apply_op(op, val2, val1, valid); 
                if (!(*valid)) return 0; 
     5b6:	60 e0       	ldi	r22, 0x00	; 0
     5b8:	70 e0       	ldi	r23, 0x00	; 0
     5ba:	cb 01       	movw	r24, r22
     5bc:	0b c0       	rjmp	.+22     	; 0x5d4 <__LOCK_REGION_LENGTH__+0x1d4>
                int32_t val2 = val_stack[val_top--]; 
                int32_t val1 = val_stack[val_top--]; 
                char op = op_stack[op_top--]; 
                
                val_stack[++val_top] = apply_op(op, val2, val1, valid); 
                if (!(*valid)) return 0; 
     5be:	60 e0       	ldi	r22, 0x00	; 0
     5c0:	70 e0       	ldi	r23, 0x00	; 0
     5c2:	cb 01       	movw	r24, r22
     5c4:	07 c0       	rjmp	.+14     	; 0x5d4 <__LOCK_REGION_LENGTH__+0x1d4>
        int32_t val2 = val_stack[val_top--]; 
        int32_t val1 = val_stack[val_top--]; 
        char op = op_stack[op_top--]; 
        
        val_stack[++val_top] = apply_op(op, val2, val1, valid); 
        if (!(*valid)) return 0; 
     5c6:	60 e0       	ldi	r22, 0x00	; 0
     5c8:	70 e0       	ldi	r23, 0x00	; 0
     5ca:	cb 01       	movw	r24, r22
     5cc:	03 c0       	rjmp	.+6      	; 0x5d4 <__LOCK_REGION_LENGTH__+0x1d4>
    } 

    // 최종 결과 반환
    return (val_top == 0) ? val_stack[val_top] : 0; 
     5ce:	60 e0       	ldi	r22, 0x00	; 0
     5d0:	70 e0       	ldi	r23, 0x00	; 0
     5d2:	cb 01       	movw	r24, r22
}
     5d4:	c5 53       	subi	r28, 0x35	; 53
     5d6:	df 4f       	sbci	r29, 0xFF	; 255
     5d8:	0f b6       	in	r0, 0x3f	; 63
     5da:	f8 94       	cli
     5dc:	de bf       	out	0x3e, r29	; 62
     5de:	0f be       	out	0x3f, r0	; 63
     5e0:	cd bf       	out	0x3d, r28	; 61
     5e2:	df 91       	pop	r29
     5e4:	cf 91       	pop	r28
     5e6:	1f 91       	pop	r17
     5e8:	0f 91       	pop	r16
     5ea:	ff 90       	pop	r15
     5ec:	ef 90       	pop	r14
     5ee:	df 90       	pop	r13
     5f0:	cf 90       	pop	r12
     5f2:	bf 90       	pop	r11
     5f4:	af 90       	pop	r10
     5f6:	9f 90       	pop	r9
     5f8:	8f 90       	pop	r8
     5fa:	7f 90       	pop	r7
     5fc:	6f 90       	pop	r6
     5fe:	5f 90       	pop	r5
     600:	4f 90       	pop	r4
     602:	3f 90       	pop	r3
     604:	2f 90       	pop	r2
     606:	08 95       	ret

00000608 <clear_calculator_state>:
/**
 * @brief 계산기 내부 버퍼 및 상태 변수 초기화
 */
static void clear_calculator_state(void)
{
    LCD_clear();
     608:	81 d4       	rcall	.+2306   	; 0xf0c <LCD_clear>
    memset(expr_buffer, 0, sizeof(expr_buffer));
     60a:	88 e2       	ldi	r24, 0x28	; 40
     60c:	e0 ed       	ldi	r30, 0xD0	; 208
     60e:	f2 e0       	ldi	r31, 0x02	; 2
     610:	df 01       	movw	r26, r30
     612:	1d 92       	st	X+, r1
     614:	8a 95       	dec	r24
     616:	e9 f7       	brne	.-6      	; 0x612 <clear_calculator_state+0xa>
    expr_idx = 0;
     618:	10 92 cf 02 	sts	0x02CF, r1	; 0x8002cf <expr_idx+0x1>
     61c:	10 92 ce 02 	sts	0x02CE, r1	; 0x8002ce <expr_idx>
    is_calculated = 0;
     620:	10 92 cd 02 	sts	0x02CD, r1	; 0x8002cd <is_calculated>
     624:	08 95       	ret

00000626 <refresh_calculator_lcd>:

/**
 * @brief 수식 버퍼 내용을 기반으로 LCD 화면을 2줄로 나누어 실시간 갱신
 */
static void refresh_calculator_lcd(void)
{
     626:	cf 93       	push	r28
     628:	df 93       	push	r29
    LCD_clear();
     62a:	70 d4       	rcall	.+2272   	; 0xf0c <LCD_clear>
    
    // 1. 1~16번째 글자는 첫 번째 줄(row 0)에 출력
    LCD_goto_XY(0, 0);
     62c:	60 e0       	ldi	r22, 0x00	; 0
     62e:	80 e0       	ldi	r24, 0x00	; 0
     630:	c6 d4       	rcall	.+2444   	; 0xfbe <LCD_goto_XY>
    for (int i = 0; i < expr_idx && i < 16; i++)
     632:	c0 e0       	ldi	r28, 0x00	; 0
     634:	d0 e0       	ldi	r29, 0x00	; 0
     636:	06 c0       	rjmp	.+12     	; 0x644 <refresh_calculator_lcd+0x1e>
    {
        LCD_write_data(expr_buffer[i]);
     638:	fe 01       	movw	r30, r28
     63a:	e0 53       	subi	r30, 0x30	; 48
     63c:	fd 4f       	sbci	r31, 0xFD	; 253
     63e:	80 81       	ld	r24, Z
     640:	1c d4       	rcall	.+2104   	; 0xe7a <LCD_write_data>
{
    LCD_clear();
    
    // 1. 1~16번째 글자는 첫 번째 줄(row 0)에 출력
    LCD_goto_XY(0, 0);
    for (int i = 0; i < expr_idx && i < 16; i++)
     642:	21 96       	adiw	r28, 0x01	; 1
     644:	80 91 ce 02 	lds	r24, 0x02CE	; 0x8002ce <expr_idx>
     648:	90 91 cf 02 	lds	r25, 0x02CF	; 0x8002cf <expr_idx+0x1>
     64c:	c8 17       	cp	r28, r24
     64e:	d9 07       	cpc	r29, r25
     650:	1c f4       	brge	.+6      	; 0x658 <refresh_calculator_lcd+0x32>
     652:	c0 31       	cpi	r28, 0x10	; 16
     654:	d1 05       	cpc	r29, r1
     656:	84 f3       	brlt	.-32     	; 0x638 <refresh_calculator_lcd+0x12>
    {
        LCD_write_data(expr_buffer[i]);
    }
    
    // 2. 17번째 글자부터는 두 번째 줄(row 1)에 이어서 출력 (자동 줄바꿈)
    if (expr_idx > 16)
     658:	41 97       	sbiw	r24, 0x11	; 17
    {
        LCD_goto_XY(1, 0);
     65a:	b4 f0       	brlt	.+44     	; 0x688 <refresh_calculator_lcd+0x62>
     65c:	60 e0       	ldi	r22, 0x00	; 0
     65e:	81 e0       	ldi	r24, 0x01	; 1
     660:	ae d4       	rcall	.+2396   	; 0xfbe <LCD_goto_XY>
        for (int i = 16; i < expr_idx && i < MAX_EXPR_LEN; i++)
     662:	c0 e1       	ldi	r28, 0x10	; 16
     664:	d0 e0       	ldi	r29, 0x00	; 0
     666:	06 c0       	rjmp	.+12     	; 0x674 <refresh_calculator_lcd+0x4e>
        {
            LCD_write_data(expr_buffer[i]);
     668:	fe 01       	movw	r30, r28
     66a:	e0 53       	subi	r30, 0x30	; 48
     66c:	fd 4f       	sbci	r31, 0xFD	; 253
     66e:	80 81       	ld	r24, Z
     670:	04 d4       	rcall	.+2056   	; 0xe7a <LCD_write_data>
    
    // 2. 17번째 글자부터는 두 번째 줄(row 1)에 이어서 출력 (자동 줄바꿈)
    if (expr_idx > 16)
    {
        LCD_goto_XY(1, 0);
        for (int i = 16; i < expr_idx && i < MAX_EXPR_LEN; i++)
     672:	21 96       	adiw	r28, 0x01	; 1
     674:	80 91 ce 02 	lds	r24, 0x02CE	; 0x8002ce <expr_idx>
     678:	90 91 cf 02 	lds	r25, 0x02CF	; 0x8002cf <expr_idx+0x1>
     67c:	c8 17       	cp	r28, r24
     67e:	d9 07       	cpc	r29, r25
     680:	1c f4       	brge	.+6      	; 0x688 <refresh_calculator_lcd+0x62>
     682:	c8 32       	cpi	r28, 0x28	; 40
     684:	d1 05       	cpc	r29, r1
     686:	84 f3       	brlt	.-32     	; 0x668 <refresh_calculator_lcd+0x42>
        {
            LCD_write_data(expr_buffer[i]);
        }
    }
}
     688:	df 91       	pop	r29
     68a:	cf 91       	pop	r28
     68c:	08 95       	ret

0000068e <calculator_processing>:

/**
 * @brief 키패드 입력을 받아 계산기 기능을 수행하는 메인 프로세싱 함수
 */
void calculator_processing(uint8_t key)
{
     68e:	cf 92       	push	r12
     690:	df 92       	push	r13
     692:	ef 92       	push	r14
     694:	ff 92       	push	r15
     696:	0f 93       	push	r16
     698:	1f 93       	push	r17
     69a:	cf 93       	push	r28
     69c:	df 93       	push	r29
     69e:	cd b7       	in	r28, 0x3d	; 61
     6a0:	de b7       	in	r29, 0x3e	; 62
     6a2:	62 97       	sbiw	r28, 0x12	; 18
     6a4:	0f b6       	in	r0, 0x3f	; 63
     6a6:	f8 94       	cli
     6a8:	de bf       	out	0x3e, r29	; 62
     6aa:	0f be       	out	0x3f, r0	; 63
     6ac:	cd bf       	out	0x3d, r28	; 61
     6ae:	18 2f       	mov	r17, r24
    // [기능 1] 리셋/취소 버튼 ('C')
    if (key == 'C' || key == 'c') 
     6b0:	83 34       	cpi	r24, 0x43	; 67
     6b2:	11 f0       	breq	.+4      	; 0x6b8 <calculator_processing+0x2a>
     6b4:	83 36       	cpi	r24, 0x63	; 99
     6b6:	31 f4       	brne	.+12     	; 0x6c4 <calculator_processing+0x36>
    {
        clear_calculator_state();
     6b8:	a7 df       	rcall	.-178    	; 0x608 <clear_calculator_state>
        printf("\r[Calc] Reset\n");
     6ba:	81 e3       	ldi	r24, 0x31	; 49
     6bc:	91 e0       	ldi	r25, 0x01	; 1
     6be:	0e 94 b5 0b 	call	0x176a	; 0x176a <puts>
        return;
     6c2:	b2 c0       	rjmp	.+356    	; 0x828 <calculator_processing+0x19a>
    }

    // [기능 2] 계산 완료 상태에서 새로운 키가 들어오면 화면 및 버퍼 초기화 후 입력 시작
    if (is_calculated)
     6c4:	80 91 cd 02 	lds	r24, 0x02CD	; 0x8002cd <is_calculated>
    {
        clear_calculator_state();
     6c8:	81 11       	cpse	r24, r1
     6ca:	9e df       	rcall	.-196    	; 0x608 <clear_calculator_state>
    }

    // [기능 3] 백스페이스 버튼 ('B')
    if (key == 'B' || key == 'b') 
     6cc:	12 34       	cpi	r17, 0x42	; 66
     6ce:	11 f0       	breq	.+4      	; 0x6d4 <calculator_processing+0x46>
     6d0:	12 36       	cpi	r17, 0x62	; 98
     6d2:	09 f5       	brne	.+66     	; 0x716 <calculator_processing+0x88>
    {
        if (expr_idx > 0) 
     6d4:	80 91 ce 02 	lds	r24, 0x02CE	; 0x8002ce <expr_idx>
     6d8:	90 91 cf 02 	lds	r25, 0x02CF	; 0x8002cf <expr_idx+0x1>
     6dc:	18 16       	cp	r1, r24
     6de:	19 06       	cpc	r1, r25
     6e0:	0c f0       	brlt	.+2      	; 0x6e4 <calculator_processing+0x56>
     6e2:	a2 c0       	rjmp	.+324    	; 0x828 <calculator_processing+0x19a>
        {
            expr_idx--;
     6e4:	01 97       	sbiw	r24, 0x01	; 1
     6e6:	90 93 cf 02 	sts	0x02CF, r25	; 0x8002cf <expr_idx+0x1>
     6ea:	80 93 ce 02 	sts	0x02CE, r24	; 0x8002ce <expr_idx>
            expr_buffer[expr_idx] = '\0';
     6ee:	00 ed       	ldi	r16, 0xD0	; 208
     6f0:	12 e0       	ldi	r17, 0x02	; 2
     6f2:	fc 01       	movw	r30, r24
     6f4:	e0 53       	subi	r30, 0x30	; 48
     6f6:	fd 4f       	sbci	r31, 0xFD	; 253
            refresh_calculator_lcd(); 
     6f8:	10 82       	st	Z, r1
     6fa:	95 df       	rcall	.-214    	; 0x626 <refresh_calculator_lcd>
            printf("\r[Calc] BS. Current: %s\n", expr_buffer);
     6fc:	1f 93       	push	r17
     6fe:	0f 93       	push	r16
     700:	8f e3       	ldi	r24, 0x3F	; 63
     702:	91 e0       	ldi	r25, 0x01	; 1
     704:	9f 93       	push	r25
     706:	8f 93       	push	r24
     708:	0e 94 9d 0b 	call	0x173a	; 0x173a <printf>
     70c:	0f 90       	pop	r0
     70e:	0f 90       	pop	r0
     710:	0f 90       	pop	r0
     712:	0f 90       	pop	r0
     714:	89 c0       	rjmp	.+274    	; 0x828 <calculator_processing+0x19a>
        }
        return;
    }

    // [기능 4] 일반 입력 문자 처리 (숫자, 사칙연산자, 괄호)
    if ((key >= '0' && key <= '9') || key == '+' || key == '-' || 
     716:	80 ed       	ldi	r24, 0xD0	; 208
     718:	81 0f       	add	r24, r17
     71a:	8a 30       	cpi	r24, 0x0A	; 10
     71c:	60 f0       	brcs	.+24     	; 0x736 <calculator_processing+0xa8>
     71e:	1b 32       	cpi	r17, 0x2B	; 43
     720:	51 f0       	breq	.+20     	; 0x736 <calculator_processing+0xa8>
     722:	1d 32       	cpi	r17, 0x2D	; 45
     724:	41 f0       	breq	.+16     	; 0x736 <calculator_processing+0xa8>
     726:	1a 32       	cpi	r17, 0x2A	; 42
     728:	31 f0       	breq	.+12     	; 0x736 <calculator_processing+0xa8>
        key == '*' || key == '/' || key == '(' || key == ')')
     72a:	1f 32       	cpi	r17, 0x2F	; 47
     72c:	21 f0       	breq	.+8      	; 0x736 <calculator_processing+0xa8>
     72e:	18 32       	cpi	r17, 0x28	; 40
     730:	11 f0       	breq	.+4      	; 0x736 <calculator_processing+0xa8>
     732:	19 32       	cpi	r17, 0x29	; 41
     734:	e1 f4       	brne	.+56     	; 0x76e <calculator_processing+0xe0>
    {
        if (expr_idx < MAX_EXPR_LEN - 1)
     736:	80 91 ce 02 	lds	r24, 0x02CE	; 0x8002ce <expr_idx>
     73a:	90 91 cf 02 	lds	r25, 0x02CF	; 0x8002cf <expr_idx+0x1>
     73e:	87 32       	cpi	r24, 0x27	; 39
     740:	91 05       	cpc	r25, r1
     742:	0c f0       	brlt	.+2      	; 0x746 <calculator_processing+0xb8>
     744:	71 c0       	rjmp	.+226    	; 0x828 <calculator_processing+0x19a>
        {
            expr_buffer[expr_idx++] = key;
     746:	9c 01       	movw	r18, r24
     748:	2f 5f       	subi	r18, 0xFF	; 255
     74a:	3f 4f       	sbci	r19, 0xFF	; 255
     74c:	30 93 cf 02 	sts	0x02CF, r19	; 0x8002cf <expr_idx+0x1>
     750:	20 93 ce 02 	sts	0x02CE, r18	; 0x8002ce <expr_idx>
     754:	fc 01       	movw	r30, r24
     756:	e0 53       	subi	r30, 0x30	; 48
     758:	fd 4f       	sbci	r31, 0xFD	; 253
     75a:	10 83       	st	Z, r17
            expr_buffer[expr_idx] = '\0';
     75c:	f9 01       	movw	r30, r18
     75e:	e0 53       	subi	r30, 0x30	; 48
     760:	fd 4f       	sbci	r31, 0xFD	; 253
            
            refresh_calculator_lcd(); // 실시간 글자수 체크 및 줄바꿈 반영
     762:	10 82       	st	Z, r1
            printf("%c", key);
     764:	60 df       	rcall	.-320    	; 0x626 <refresh_calculator_lcd>
     766:	81 2f       	mov	r24, r17
     768:	90 e0       	ldi	r25, 0x00	; 0
     76a:	fa d7       	rcall	.+4084   	; 0x1760 <putchar>
     76c:	5d c0       	rjmp	.+186    	; 0x828 <calculator_processing+0x19a>
        }
    }
    // [기능 5] 결과 산출 버튼 '='
    else if (key == '=')
     76e:	1d 33       	cpi	r17, 0x3D	; 61
     770:	09 f0       	breq	.+2      	; 0x774 <calculator_processing+0xe6>
    {
        printf("=\n");
     772:	5a c0       	rjmp	.+180    	; 0x828 <calculator_processing+0x19a>
     774:	88 e5       	ldi	r24, 0x58	; 88
     776:	91 e0       	ldi	r25, 0x01	; 1

        // 1. 괄호 쌍 유효성 검사
        if (!check_parentheses(expr_buffer))
     778:	f8 d7       	rcall	.+4080   	; 0x176a <puts>
     77a:	80 ed       	ldi	r24, 0xD0	; 208
     77c:	92 e0       	ldi	r25, 0x02	; 2
     77e:	ea dc       	rcall	.-1580   	; 0x154 <check_parentheses>
        {
            LCD_clear();
     780:	89 2b       	or	r24, r25
            LCD_goto_XY(0, 0);
     782:	71 f4       	brne	.+28     	; 0x7a0 <calculator_processing+0x112>
     784:	c3 d3       	rcall	.+1926   	; 0xf0c <LCD_clear>
     786:	60 e0       	ldi	r22, 0x00	; 0
            LCD_write_string("Error: Parentheses");
     788:	80 e0       	ldi	r24, 0x00	; 0
     78a:	19 d4       	rcall	.+2098   	; 0xfbe <LCD_goto_XY>
     78c:	8a e5       	ldi	r24, 0x5A	; 90
     78e:	91 e0       	ldi	r25, 0x01	; 1
            printf(" Error: Parentheses Mismatch\r\n");
     790:	04 d4       	rcall	.+2056   	; 0xf9a <LCD_write_string>
     792:	8d e6       	ldi	r24, 0x6D	; 109
     794:	91 e0       	ldi	r25, 0x01	; 1
     796:	e9 d7       	rcall	.+4050   	; 0x176a <puts>
            is_calculated = 1; 
     798:	81 e0       	ldi	r24, 0x01	; 1
     79a:	80 93 cd 02 	sts	0x02CD, r24	; 0x8002cd <is_calculated>
     79e:	44 c0       	rjmp	.+136    	; 0x828 <calculator_processing+0x19a>
            return;
        }

        // 2. 수식 연산 엔진 구동
        int valid = 1;
     7a0:	81 e0       	ldi	r24, 0x01	; 1
     7a2:	90 e0       	ldi	r25, 0x00	; 0
     7a4:	9a 8b       	std	Y+18, r25	; 0x12
        int32_t result = eval_expression(expr_buffer, &valid);
     7a6:	89 8b       	std	Y+17, r24	; 0x11
     7a8:	be 01       	movw	r22, r28
     7aa:	6f 5e       	subi	r22, 0xEF	; 239
     7ac:	7f 4f       	sbci	r23, 0xFF	; 255
     7ae:	80 ed       	ldi	r24, 0xD0	; 208
     7b0:	92 e0       	ldi	r25, 0x02	; 2
     7b2:	52 dd       	rcall	.-1372   	; 0x258 <eval_expression>
     7b4:	16 2f       	mov	r17, r22

        // 3. 결과 출력을 위한 화면 정리 및 출력
        LCD_clear();
     7b6:	07 2f       	mov	r16, r23
        LCD_goto_XY(0, 0);
     7b8:	f8 2e       	mov	r15, r24
     7ba:	e9 2e       	mov	r14, r25
     7bc:	a7 d3       	rcall	.+1870   	; 0xf0c <LCD_clear>
     7be:	60 e0       	ldi	r22, 0x00	; 0
        LCD_write_string("Result:");
     7c0:	80 e0       	ldi	r24, 0x00	; 0
     7c2:	fd d3       	rcall	.+2042   	; 0xfbe <LCD_goto_XY>

        LCD_goto_XY(1, 0);
     7c4:	8b e8       	ldi	r24, 0x8B	; 139
     7c6:	91 e0       	ldi	r25, 0x01	; 1
     7c8:	e8 d3       	rcall	.+2000   	; 0xf9a <LCD_write_string>
     7ca:	60 e0       	ldi	r22, 0x00	; 0
        if (!valid)
     7cc:	81 e0       	ldi	r24, 0x01	; 1
     7ce:	f7 d3       	rcall	.+2030   	; 0xfbe <LCD_goto_XY>
     7d0:	89 89       	ldd	r24, Y+17	; 0x11
     7d2:	9a 89       	ldd	r25, Y+18	; 0x12
        {
            LCD_write_string("Error: Div by 0");
     7d4:	89 2b       	or	r24, r25
     7d6:	39 f4       	brne	.+14     	; 0x7e6 <calculator_processing+0x158>
     7d8:	83 e9       	ldi	r24, 0x93	; 147
     7da:	91 e0       	ldi	r25, 0x01	; 1
            printf(" Error: Division By Zero\r\n");
     7dc:	de d3       	rcall	.+1980   	; 0xf9a <LCD_write_string>
     7de:	83 ea       	ldi	r24, 0xA3	; 163
     7e0:	91 e0       	ldi	r25, 0x01	; 1
     7e2:	c3 d7       	rcall	.+3974   	; 0x176a <puts>
        }
        else
        {
            char result_str[16];
            sprintf(result_str, "%ld", result);
     7e4:	1e c0       	rjmp	.+60     	; 0x822 <calculator_processing+0x194>
     7e6:	ef 92       	push	r14
     7e8:	ff 92       	push	r15
     7ea:	0f 93       	push	r16
     7ec:	1f 93       	push	r17
     7ee:	8d eb       	ldi	r24, 0xBD	; 189
     7f0:	91 e0       	ldi	r25, 0x01	; 1
     7f2:	9f 93       	push	r25
     7f4:	8f 93       	push	r24
     7f6:	ce 01       	movw	r24, r28
     7f8:	01 96       	adiw	r24, 0x01	; 1
     7fa:	6c 01       	movw	r12, r24
     7fc:	9f 93       	push	r25
            LCD_write_string(result_str);
     7fe:	8f 93       	push	r24
     800:	e4 d7       	rcall	.+4040   	; 0x17ca <sprintf>
     802:	c6 01       	movw	r24, r12
            printf("Ans: %ld\r\n", result);
     804:	ca d3       	rcall	.+1940   	; 0xf9a <LCD_write_string>
     806:	ef 92       	push	r14
     808:	ff 92       	push	r15
     80a:	0f 93       	push	r16
     80c:	1f 93       	push	r17
     80e:	81 ec       	ldi	r24, 0xC1	; 193
     810:	91 e0       	ldi	r25, 0x01	; 1
     812:	9f 93       	push	r25
     814:	8f 93       	push	r24
     816:	91 d7       	rcall	.+3874   	; 0x173a <printf>
     818:	0f b6       	in	r0, 0x3f	; 63
     81a:	f8 94       	cli
     81c:	de bf       	out	0x3e, r29	; 62
     81e:	0f be       	out	0x3f, r0	; 63
     820:	cd bf       	out	0x3d, r28	; 61
        }

        is_calculated = 1; // 연산 완료 상태 마킹
     822:	81 e0       	ldi	r24, 0x01	; 1
     824:	80 93 cd 02 	sts	0x02CD, r24	; 0x8002cd <is_calculated>
    }
}
     828:	62 96       	adiw	r28, 0x12	; 18
     82a:	0f b6       	in	r0, 0x3f	; 63
     82c:	f8 94       	cli
     82e:	de bf       	out	0x3e, r29	; 62
     830:	0f be       	out	0x3f, r0	; 63
     832:	cd bf       	out	0x3d, r28	; 61
     834:	df 91       	pop	r29
     836:	cf 91       	pop	r28
     838:	1f 91       	pop	r17
     83a:	0f 91       	pop	r16
     83c:	ff 90       	pop	r15
     83e:	ef 90       	pop	r14
     840:	df 90       	pop	r13
     842:	cf 90       	pop	r12
     844:	08 95       	ret

00000846 <cal_main>:
 * @param idle_cnt main.c의 무입력 타이머 카운터 포인터
 * @param timeout_max 제한 시간 (60000ms)
 * @param mode_var 현재 시스템 모드 변수 포인터 (타임아웃 시 시계로 변경용)
 */
void cal_main(uint32_t *cnt, uint32_t timeout, int program_stat)
{
     846:	ef 92       	push	r14
     848:	ff 92       	push	r15
     84a:	0f 93       	push	r16
     84c:	1f 93       	push	r17
     84e:	cf 93       	push	r28
     850:	df 93       	push	r29
     852:	ec 01       	movw	r28, r24
    static uint8_t l_btn0 = 0, l_btn1 = 0, l_btn2 = 0, l_btn3 = 0;

    // 1. 1분간 무입력 타임아웃 검사
    if (*cnt >= timeout)
     854:	88 81       	ld	r24, Y
     856:	99 81       	ldd	r25, Y+1	; 0x01
     858:	aa 81       	ldd	r26, Y+2	; 0x02
     85a:	bb 81       	ldd	r27, Y+3	; 0x03
     85c:	84 17       	cp	r24, r20
     85e:	95 07       	cpc	r25, r21
     860:	a6 07       	cpc	r26, r22
     862:	b7 07       	cpc	r27, r23
     864:	28 f0       	brcs	.+10     	; 0x870 <cal_main+0x2a>
    {
        program_stat = RTC_CLOCK; // MODE_CLOCK (0)으로 복귀
        LCD_clear();
     866:	52 d3       	rcall	.+1700   	; 0xf0c <LCD_clear>
        printf("\r\n[Timeout! Back to Clock Mode]\r\n");
     868:	8c ec       	ldi	r24, 0xCC	; 204
     86a:	91 e0       	ldi	r25, 0x01	; 1
     86c:	7e d7       	rcall	.+3836   	; 0x176a <puts>
        return;
     86e:	5c c0       	rjmp	.+184    	; 0x928 <cal_main+0xe2>
    }

    // 2. 상단 독립 기능 버튼 스캔 (C, B, (, ) 처리)
    uint8_t btn0 = get_button(BUTTON0, BUTTON0PIN);
     870:	63 e0       	ldi	r22, 0x03	; 3
     872:	70 e0       	ldi	r23, 0x00	; 0
     874:	80 e0       	ldi	r24, 0x00	; 0
     876:	90 e0       	ldi	r25, 0x00	; 0
     878:	2f dc       	rcall	.-1954   	; 0xd8 <get_button>
     87a:	e8 2e       	mov	r14, r24
    uint8_t btn1 = get_button(BUTTON1, BUTTON1PIN);
     87c:	64 e0       	ldi	r22, 0x04	; 4
     87e:	70 e0       	ldi	r23, 0x00	; 0
     880:	81 e0       	ldi	r24, 0x01	; 1
     882:	90 e0       	ldi	r25, 0x00	; 0
     884:	29 dc       	rcall	.-1966   	; 0xd8 <get_button>
     886:	f8 2e       	mov	r15, r24
    uint8_t btn2 = get_button(BUTTON2, BUTTON2PIN);
     888:	65 e0       	ldi	r22, 0x05	; 5
     88a:	70 e0       	ldi	r23, 0x00	; 0
     88c:	82 e0       	ldi	r24, 0x02	; 2
     88e:	90 e0       	ldi	r25, 0x00	; 0
     890:	23 dc       	rcall	.-1978   	; 0xd8 <get_button>
     892:	08 2f       	mov	r16, r24
    uint8_t btn3 = get_button(BUTTON3, BUTTON3PIN);
     894:	66 e0       	ldi	r22, 0x06	; 6
     896:	70 e0       	ldi	r23, 0x00	; 0
     898:	83 e0       	ldi	r24, 0x03	; 3
     89a:	90 e0       	ldi	r25, 0x00	; 0
     89c:	1d dc       	rcall	.-1990   	; 0xd8 <get_button>
     89e:	18 2f       	mov	r17, r24
     8a0:	ee 20       	and	r14, r14

    if (btn0 && !l_btn0) { calculator_processing('C'); *cnt = 0; }
     8a2:	51 f0       	breq	.+20     	; 0x8b8 <cal_main+0x72>
     8a4:	80 91 cc 02 	lds	r24, 0x02CC	; 0x8002cc <l_btn0.2403>
     8a8:	81 11       	cpse	r24, r1
     8aa:	06 c0       	rjmp	.+12     	; 0x8b8 <cal_main+0x72>
     8ac:	83 e4       	ldi	r24, 0x43	; 67
     8ae:	ef de       	rcall	.-546    	; 0x68e <calculator_processing>
     8b0:	18 82       	st	Y, r1
     8b2:	19 82       	std	Y+1, r1	; 0x01
     8b4:	1a 82       	std	Y+2, r1	; 0x02
     8b6:	1b 82       	std	Y+3, r1	; 0x03
     8b8:	ff 20       	and	r15, r15
    if (btn1 && !l_btn1) { calculator_processing('B'); *cnt = 0; }
     8ba:	51 f0       	breq	.+20     	; 0x8d0 <cal_main+0x8a>
     8bc:	80 91 cb 02 	lds	r24, 0x02CB	; 0x8002cb <l_btn1.2404>
     8c0:	81 11       	cpse	r24, r1
     8c2:	06 c0       	rjmp	.+12     	; 0x8d0 <cal_main+0x8a>
     8c4:	82 e4       	ldi	r24, 0x42	; 66
     8c6:	e3 de       	rcall	.-570    	; 0x68e <calculator_processing>
     8c8:	18 82       	st	Y, r1
     8ca:	19 82       	std	Y+1, r1	; 0x01
     8cc:	1a 82       	std	Y+2, r1	; 0x02
     8ce:	1b 82       	std	Y+3, r1	; 0x03
    if (btn2 && !l_btn2) { calculator_processing('('); *cnt = 0; }
     8d0:	00 23       	and	r16, r16
     8d2:	51 f0       	breq	.+20     	; 0x8e8 <cal_main+0xa2>
     8d4:	80 91 ca 02 	lds	r24, 0x02CA	; 0x8002ca <l_btn2.2405>
     8d8:	81 11       	cpse	r24, r1
     8da:	06 c0       	rjmp	.+12     	; 0x8e8 <cal_main+0xa2>
     8dc:	88 e2       	ldi	r24, 0x28	; 40
     8de:	d7 de       	rcall	.-594    	; 0x68e <calculator_processing>
     8e0:	18 82       	st	Y, r1
     8e2:	19 82       	std	Y+1, r1	; 0x01
     8e4:	1a 82       	std	Y+2, r1	; 0x02
     8e6:	1b 82       	std	Y+3, r1	; 0x03
    if (btn3 && !l_btn3) { calculator_processing(')'); *cnt = 0; }
     8e8:	11 23       	and	r17, r17
     8ea:	51 f0       	breq	.+20     	; 0x900 <cal_main+0xba>
     8ec:	80 91 c9 02 	lds	r24, 0x02C9	; 0x8002c9 <l_btn3.2406>
     8f0:	81 11       	cpse	r24, r1
     8f2:	06 c0       	rjmp	.+12     	; 0x900 <cal_main+0xba>
     8f4:	89 e2       	ldi	r24, 0x29	; 41
     8f6:	cb de       	rcall	.-618    	; 0x68e <calculator_processing>
     8f8:	18 82       	st	Y, r1
     8fa:	19 82       	std	Y+1, r1	; 0x01
     8fc:	1a 82       	std	Y+2, r1	; 0x02
     8fe:	1b 82       	std	Y+3, r1	; 0x03

    l_btn0 = btn0; l_btn1 = btn1; l_btn2 = btn2; l_btn3 = btn3;
     900:	e0 92 cc 02 	sts	0x02CC, r14	; 0x8002cc <l_btn0.2403>
     904:	f0 92 cb 02 	sts	0x02CB, r15	; 0x8002cb <l_btn1.2404>
     908:	00 93 ca 02 	sts	0x02CA, r16	; 0x8002ca <l_btn2.2405>
     90c:	10 93 c9 02 	sts	0x02C9, r17	; 0x8002c9 <l_btn3.2406>

    // 3. 키패드 매트릭스로부터 큐에 쌓인 입력 데이터가 있는지 검사
	if (!is_queue_empty())
     910:	36 d5       	rcall	.+2668   	; 0x137e <is_queue_empty>
     912:	81 11       	cpse	r24, r1
	{
		uint8_t key = delete_queue();
     914:	09 c0       	rjmp	.+18     	; 0x928 <cal_main+0xe2>
     916:	1a d5       	rcall	.+2612   	; 0x134c <delete_queue>
     918:	18 2f       	mov	r17, r24
		*cnt = 0;
     91a:	18 82       	st	Y, r1
     91c:	19 82       	std	Y+1, r1	; 0x01
     91e:	1a 82       	std	Y+2, r1	; 0x02
     920:	1b 82       	std	Y+3, r1	; 0x03
		
		buzzer_beep();              // 키패드 입력이 버퍼에서 처리될 때 부저 가동!
     922:	7f d2       	rcall	.+1278   	; 0xe22 <buzzer_beep>
     924:	81 2f       	mov	r24, r17
		
		calculator_processing(key);
     926:	b3 de       	rcall	.-666    	; 0x68e <calculator_processing>
     928:	df 91       	pop	r29
     92a:	cf 91       	pop	r28
	}
     92c:	1f 91       	pop	r17
     92e:	0f 91       	pop	r16
     930:	ff 90       	pop	r15
     932:	ef 90       	pop	r14
     934:	08 95       	ret

00000936 <init_date_time>:
	"MIN",   // CHG_MIN
	"SEC"    // CHG_SEC
};

// 이 init을 comport master로 처리하라.
void init_date_time(t_ds1307* ds1307) {
     936:	fc 01       	movw	r30, r24
	ds1307->year = 26;
     938:	9a e1       	ldi	r25, 0x1A	; 26
     93a:	96 83       	std	Z+6, r25	; 0x06
	ds1307->month = 6;
     93c:	86 e0       	ldi	r24, 0x06	; 6
     93e:	84 83       	std	Z+4, r24	; 0x04
	ds1307->date = 26;
     940:	93 83       	std	Z+3, r25	; 0x03
	ds1307->dayofweek = 6; // Fri
     942:	85 83       	std	Z+5, r24	; 0x05
	ds1307->hours = 15;
     944:	8f e0       	ldi	r24, 0x0F	; 15
     946:	82 83       	std	Z+2, r24	; 0x02
	ds1307->minutes = 20;
     948:	84 e1       	ldi	r24, 0x14	; 20
     94a:	81 83       	std	Z+1, r24	; 0x01
	ds1307->seconds = 0;
     94c:	10 82       	st	Z, r1
     94e:	08 95       	ret

00000950 <bcd2dec>:
// * 10
// 26
uint8_t bcd2dec(uint8_t data) {
	uint8_t high, low;
	
	low = data & 0x0f;
     950:	38 2f       	mov	r19, r24
     952:	3f 70       	andi	r19, 0x0F	; 15
	high = (data >> 4) * 10;
     954:	98 2f       	mov	r25, r24
     956:	92 95       	swap	r25
     958:	9f 70       	andi	r25, 0x0F	; 15
     95a:	99 0f       	add	r25, r25
     95c:	29 2f       	mov	r18, r25
     95e:	22 0f       	add	r18, r18
     960:	22 0f       	add	r18, r18
     962:	89 2f       	mov	r24, r25
     964:	82 0f       	add	r24, r18
	
	return (high+low);
}
     966:	83 0f       	add	r24, r19
     968:	08 95       	ret

0000096a <dec2bcd>:
// dec 00011001
// bcd 00100101
uint8_t dec2bcd(uint8_t data) {
	uint8_t high, low;
	
	high = (data / 10) << 4; // high nibble에 위치
     96a:	9d ec       	ldi	r25, 0xCD	; 205
     96c:	89 9f       	mul	r24, r25
     96e:	91 2d       	mov	r25, r1
     970:	11 24       	eor	r1, r1
     972:	96 95       	lsr	r25
     974:	96 95       	lsr	r25
     976:	96 95       	lsr	r25
	low = data % 10;
     978:	39 2f       	mov	r19, r25
     97a:	33 0f       	add	r19, r19
     97c:	23 2f       	mov	r18, r19
     97e:	22 0f       	add	r18, r18
     980:	22 0f       	add	r18, r18
     982:	23 0f       	add	r18, r19
     984:	82 1b       	sub	r24, r18
	
	return (high + low);
}
     986:	30 e1       	ldi	r19, 0x10	; 16
     988:	93 9f       	mul	r25, r19
     98a:	80 0d       	add	r24, r0
     98c:	11 24       	eor	r1, r1
     98e:	08 95       	ret

00000990 <write_DS1307>:

void write_DS1307(t_ds1307* ds1307)
{
     990:	0f 93       	push	r16
     992:	1f 93       	push	r17
     994:	cf 93       	push	r28
     996:	df 93       	push	r29
     998:	cd b7       	in	r28, 0x3d	; 61
     99a:	de b7       	in	r29, 0x3e	; 62
     99c:	27 97       	sbiw	r28, 0x07	; 7
     99e:	0f b6       	in	r0, 0x3f	; 63
     9a0:	f8 94       	cli
     9a2:	de bf       	out	0x3e, r29	; 62
     9a4:	0f be       	out	0x3f, r0	; 63
     9a6:	cd bf       	out	0x3d, r28	; 61
     9a8:	8c 01       	movw	r16, r24
	uint8_t tx_data[7] = {
		dec2bcd(ds1307->seconds) & 0x7F,  // bit7 = CH(clock halt) 반드시 0
     9aa:	fc 01       	movw	r30, r24
     9ac:	80 81       	ld	r24, Z
     9ae:	dd df       	rcall	.-70     	; 0x96a <dec2bcd>
	return (high + low);
}

void write_DS1307(t_ds1307* ds1307)
{
	uint8_t tx_data[7] = {
     9b0:	8f 77       	andi	r24, 0x7F	; 127
     9b2:	89 83       	std	Y+1, r24	; 0x01
		dec2bcd(ds1307->seconds) & 0x7F,  // bit7 = CH(clock halt) 반드시 0
		dec2bcd(ds1307->minutes),
     9b4:	f8 01       	movw	r30, r16
     9b6:	81 81       	ldd	r24, Z+1	; 0x01
     9b8:	d8 df       	rcall	.-80     	; 0x96a <dec2bcd>
	return (high + low);
}

void write_DS1307(t_ds1307* ds1307)
{
	uint8_t tx_data[7] = {
     9ba:	8a 83       	std	Y+2, r24	; 0x02
		dec2bcd(ds1307->seconds) & 0x7F,  // bit7 = CH(clock halt) 반드시 0
		dec2bcd(ds1307->minutes),
		dec2bcd(ds1307->hours) & 0x3F,    // bit6=0 : 24시간 모드 고정
     9bc:	f8 01       	movw	r30, r16
     9be:	82 81       	ldd	r24, Z+2	; 0x02
     9c0:	d4 df       	rcall	.-88     	; 0x96a <dec2bcd>
	return (high + low);
}

void write_DS1307(t_ds1307* ds1307)
{
	uint8_t tx_data[7] = {
     9c2:	8f 73       	andi	r24, 0x3F	; 63
		dec2bcd(ds1307->seconds) & 0x7F,  // bit7 = CH(clock halt) 반드시 0
		dec2bcd(ds1307->minutes),
		dec2bcd(ds1307->hours) & 0x3F,    // bit6=0 : 24시간 모드 고정
		dec2bcd(ds1307->dayofweek),
     9c4:	8b 83       	std	Y+3, r24	; 0x03
     9c6:	f8 01       	movw	r30, r16
     9c8:	85 81       	ldd	r24, Z+5	; 0x05
	return (high + low);
}

void write_DS1307(t_ds1307* ds1307)
{
	uint8_t tx_data[7] = {
     9ca:	cf df       	rcall	.-98     	; 0x96a <dec2bcd>
		dec2bcd(ds1307->seconds) & 0x7F,  // bit7 = CH(clock halt) 반드시 0
		dec2bcd(ds1307->minutes),
		dec2bcd(ds1307->hours) & 0x3F,    // bit6=0 : 24시간 모드 고정
		dec2bcd(ds1307->dayofweek),
		dec2bcd(ds1307->date),
     9cc:	8c 83       	std	Y+4, r24	; 0x04
     9ce:	f8 01       	movw	r30, r16
     9d0:	83 81       	ldd	r24, Z+3	; 0x03
	return (high + low);
}

void write_DS1307(t_ds1307* ds1307)
{
	uint8_t tx_data[7] = {
     9d2:	cb df       	rcall	.-106    	; 0x96a <dec2bcd>
		dec2bcd(ds1307->seconds) & 0x7F,  // bit7 = CH(clock halt) 반드시 0
		dec2bcd(ds1307->minutes),
		dec2bcd(ds1307->hours) & 0x3F,    // bit6=0 : 24시간 모드 고정
		dec2bcd(ds1307->dayofweek),
		dec2bcd(ds1307->date),
		dec2bcd(ds1307->month),
     9d4:	8d 83       	std	Y+5, r24	; 0x05
     9d6:	f8 01       	movw	r30, r16
     9d8:	84 81       	ldd	r24, Z+4	; 0x04
	return (high + low);
}

void write_DS1307(t_ds1307* ds1307)
{
	uint8_t tx_data[7] = {
     9da:	c7 df       	rcall	.-114    	; 0x96a <dec2bcd>
		dec2bcd(ds1307->minutes),
		dec2bcd(ds1307->hours) & 0x3F,    // bit6=0 : 24시간 모드 고정
		dec2bcd(ds1307->dayofweek),
		dec2bcd(ds1307->date),
		dec2bcd(ds1307->month),
		dec2bcd(ds1307->year)
     9dc:	8e 83       	std	Y+6, r24	; 0x06
     9de:	f8 01       	movw	r30, r16
	return (high + low);
}

void write_DS1307(t_ds1307* ds1307)
{
	uint8_t tx_data[7] = {
     9e0:	86 81       	ldd	r24, Z+6	; 0x06
		dec2bcd(ds1307->date),
		dec2bcd(ds1307->month),
		dec2bcd(ds1307->year)
	};

	i2c_start();
     9e2:	c3 df       	rcall	.-122    	; 0x96a <dec2bcd>
     9e4:	8f 83       	std	Y+7, r24	; 0x07
	i2c_slave_addr_send((SLAVE_ADDR << 1) | 0);   // SLA+W
     9e6:	15 d1       	rcall	.+554    	; 0xc12 <i2c_start>
     9e8:	80 ed       	ldi	r24, 0xD0	; 208
     9ea:	23 d1       	rcall	.+582    	; 0xc32 <i2c_slave_addr_send>
	i2c_data_write(0x00);                         // Seconds 레지스터부터 시작
     9ec:	80 e0       	ldi	r24, 0x00	; 0
     9ee:	2b d1       	rcall	.+598    	; 0xc46 <i2c_data_write>
     9f0:	00 e0       	ldi	r16, 0x00	; 0
	for (int i = 0; i < 7; i++)
     9f2:	10 e0       	ldi	r17, 0x00	; 0
     9f4:	0a c0       	rjmp	.+20     	; 0xa0a <write_DS1307+0x7a>
		i2c_data_write(tx_data[i]);
     9f6:	e1 e0       	ldi	r30, 0x01	; 1
     9f8:	f0 e0       	ldi	r31, 0x00	; 0
     9fa:	ec 0f       	add	r30, r28
     9fc:	fd 1f       	adc	r31, r29
     9fe:	e0 0f       	add	r30, r16
     a00:	f1 1f       	adc	r31, r17
     a02:	80 81       	ld	r24, Z
     a04:	20 d1       	rcall	.+576    	; 0xc46 <i2c_data_write>
	};

	i2c_start();
	i2c_slave_addr_send((SLAVE_ADDR << 1) | 0);   // SLA+W
	i2c_data_write(0x00);                         // Seconds 레지스터부터 시작
	for (int i = 0; i < 7; i++)
     a06:	0f 5f       	subi	r16, 0xFF	; 255
     a08:	1f 4f       	sbci	r17, 0xFF	; 255
     a0a:	07 30       	cpi	r16, 0x07	; 7
     a0c:	11 05       	cpc	r17, r1
     a0e:	9c f3       	brlt	.-26     	; 0x9f6 <write_DS1307+0x66>
		i2c_data_write(tx_data[i]);
	i2c_stop();
     a10:	08 d1       	rcall	.+528    	; 0xc22 <i2c_stop>
     a12:	27 96       	adiw	r28, 0x07	; 7
}
     a14:	0f b6       	in	r0, 0x3f	; 63
     a16:	f8 94       	cli
     a18:	de bf       	out	0x3e, r29	; 62
     a1a:	0f be       	out	0x3f, r0	; 63
     a1c:	cd bf       	out	0x3d, r28	; 61
     a1e:	df 91       	pop	r29
     a20:	cf 91       	pop	r28
     a22:	1f 91       	pop	r17
     a24:	0f 91       	pop	r16
     a26:	08 95       	ret

00000a28 <read_DS1307>:
     a28:	cf 93       	push	r28

void read_DS1307(t_ds1307* ds1307)
{
     a2a:	df 93       	push	r29
     a2c:	ec 01       	movw	r28, r24
	i2c_start();
     a2e:	f1 d0       	rcall	.+482    	; 0xc12 <i2c_start>
	i2c_slave_addr_send((SLAVE_ADDR << 1) | 0);   // SLA+W (포인터 세팅용)
     a30:	80 ed       	ldi	r24, 0xD0	; 208
     a32:	ff d0       	rcall	.+510    	; 0xc32 <i2c_slave_addr_send>
	i2c_data_write(0x00);                         // 읽을 시작 주소 지정   >>  이걸 놓친 것
     a34:	80 e0       	ldi	r24, 0x00	; 0
     a36:	07 d1       	rcall	.+526    	; 0xc46 <i2c_data_write>
	i2c_start();                                  // Repeated START
     a38:	ec d0       	rcall	.+472    	; 0xc12 <i2c_start>
	i2c_slave_addr_send((SLAVE_ADDR << 1) | 1);   // SLA+R
     a3a:	81 ed       	ldi	r24, 0xD1	; 209
     a3c:	fa d0       	rcall	.+500    	; 0xc32 <i2c_slave_addr_send>

	ds1307->seconds   = bcd2dec(i2c_data_read_acksend()  & 0x7F);	// 왜 이렇게 해야하나?
     a3e:	0d d1       	rcall	.+538    	; 0xc5a <i2c_data_read_acksend>
     a40:	8f 77       	andi	r24, 0x7F	; 127
     a42:	86 df       	rcall	.-244    	; 0x950 <bcd2dec>
     a44:	88 83       	st	Y, r24
	ds1307->minutes   = bcd2dec(i2c_data_read_acksend());
     a46:	09 d1       	rcall	.+530    	; 0xc5a <i2c_data_read_acksend>
     a48:	83 df       	rcall	.-250    	; 0x950 <bcd2dec>
     a4a:	89 83       	std	Y+1, r24	; 0x01
	ds1307->hours     = bcd2dec(i2c_data_read_acksend()  & 0x3F);
     a4c:	06 d1       	rcall	.+524    	; 0xc5a <i2c_data_read_acksend>
     a4e:	8f 73       	andi	r24, 0x3F	; 63
     a50:	7f df       	rcall	.-258    	; 0x950 <bcd2dec>
     a52:	8a 83       	std	Y+2, r24	; 0x02
	ds1307->dayofweek = bcd2dec(i2c_data_read_acksend());
     a54:	02 d1       	rcall	.+516    	; 0xc5a <i2c_data_read_acksend>
     a56:	7c df       	rcall	.-264    	; 0x950 <bcd2dec>
     a58:	8d 83       	std	Y+5, r24	; 0x05
     a5a:	ff d0       	rcall	.+510    	; 0xc5a <i2c_data_read_acksend>
	ds1307->date      = bcd2dec(i2c_data_read_acksend());
     a5c:	79 df       	rcall	.-270    	; 0x950 <bcd2dec>
     a5e:	8b 83       	std	Y+3, r24	; 0x03
     a60:	fc d0       	rcall	.+504    	; 0xc5a <i2c_data_read_acksend>
     a62:	76 df       	rcall	.-276    	; 0x950 <bcd2dec>
     a64:	8c 83       	std	Y+4, r24	; 0x04
	ds1307->month     = bcd2dec(i2c_data_read_acksend());
     a66:	03 d1       	rcall	.+518    	; 0xc6e <i2c_data_read_nacksend>
     a68:	73 df       	rcall	.-282    	; 0x950 <bcd2dec>
     a6a:	8e 83       	std	Y+6, r24	; 0x06
     a6c:	da d0       	rcall	.+436    	; 0xc22 <i2c_stop>
     a6e:	df 91       	pop	r29
	ds1307->year      = bcd2dec(i2c_data_read_nacksend());
     a70:	cf 91       	pop	r28
     a72:	08 95       	ret

00000a74 <ds1307_init>:
     a74:	cf 93       	push	r28
     a76:	df 93       	push	r29
     a78:	ec 01       	movw	r28, r24

	i2c_stop();
     a7a:	c2 d0       	rcall	.+388    	; 0xc00 <init_i2c>
     a7c:	24 d5       	rcall	.+2632   	; 0x14c6 <init_uart0>
}
     a7e:	ce 01       	movw	r24, r28
     a80:	5a df       	rcall	.-332    	; 0x936 <init_date_time>
     a82:	ce 01       	movw	r24, r28
{
	init_i2c();
	init_uart0();

	init_date_time(ds1307);
	write_DS1307(ds1307);
     a84:	85 df       	rcall	.-246    	; 0x990 <write_DS1307>
     a86:	df 91       	pop	r29
}
     a88:	cf 91       	pop	r28
     a8a:	08 95       	ret

00000a8c <ds1307_main>:
     a8c:	cf 93       	push	r28

void ds1307_main(t_ds1307* ds1307)
{
     a8e:	df 93       	push	r29
     a90:	ec 01       	movw	r28, r24
	pc_command_processing(ds1307);
     a92:	28 d5       	rcall	.+2640   	; 0x14e4 <pc_command_processing>

	if (rtc_update_flag) {
     a94:	80 91 04 03 	lds	r24, 0x0304	; 0x800304 <rtc_update_flag>
     a98:	90 91 05 03 	lds	r25, 0x0305	; 0x800305 <rtc_update_flag+0x1>
     a9c:	89 2b       	or	r24, r25
     a9e:	31 f0       	breq	.+12     	; 0xaac <ds1307_main+0x20>
		write_DS1307(ds1307);   
     aa0:	ce 01       	movw	r24, r28
     aa2:	76 df       	rcall	.-276    	; 0x990 <write_DS1307>
		rtc_update_flag = 0;
     aa4:	10 92 05 03 	sts	0x0305, r1	; 0x800305 <rtc_update_flag+0x1>
     aa8:	10 92 04 03 	sts	0x0304, r1	; 0x800304 <rtc_update_flag>
	}

	read_DS1307(ds1307);        
     aac:	ce 01       	movw	r24, r28
     aae:	bc df       	rcall	.-136    	; 0xa28 <read_DS1307>

	printf("20%02d-%02d-%02d %02d:%02d:%02d (day %d)\n",
	ds1307->year, ds1307->month, ds1307->date,
	ds1307->hours, ds1307->minutes, ds1307->seconds,
	ds1307->dayofweek);
     ab0:	6d 81       	ldd	r22, Y+5	; 0x05

	read_DS1307(ds1307);        

	printf("20%02d-%02d-%02d %02d:%02d:%02d (day %d)\n",
	ds1307->year, ds1307->month, ds1307->date,
	ds1307->hours, ds1307->minutes, ds1307->seconds,
     ab2:	58 81       	ld	r21, Y
     ab4:	49 81       	ldd	r20, Y+1	; 0x01
     ab6:	3a 81       	ldd	r19, Y+2	; 0x02
	}

	read_DS1307(ds1307);        

	printf("20%02d-%02d-%02d %02d:%02d:%02d (day %d)\n",
	ds1307->year, ds1307->month, ds1307->date,
     ab8:	2b 81       	ldd	r18, Y+3	; 0x03
     aba:	9c 81       	ldd	r25, Y+4	; 0x04
     abc:	8e 81       	ldd	r24, Y+6	; 0x06
		rtc_update_flag = 0;
	}

	read_DS1307(ds1307);        

	printf("20%02d-%02d-%02d %02d:%02d:%02d (day %d)\n",
     abe:	1f 92       	push	r1
     ac0:	6f 93       	push	r22
     ac2:	1f 92       	push	r1
     ac4:	5f 93       	push	r21
     ac6:	1f 92       	push	r1
     ac8:	4f 93       	push	r20
     aca:	1f 92       	push	r1
     acc:	3f 93       	push	r19
     ace:	1f 92       	push	r1
     ad0:	2f 93       	push	r18
     ad2:	1f 92       	push	r1
     ad4:	9f 93       	push	r25
     ad6:	1f 92       	push	r1
     ad8:	8f 93       	push	r24
     ada:	8d ee       	ldi	r24, 0xED	; 237
     adc:	91 e0       	ldi	r25, 0x01	; 1
     ade:	9f 93       	push	r25
     ae0:	8f 93       	push	r24
     ae2:	2b d6       	rcall	.+3158   	; 0x173a <printf>
	ds1307->year, ds1307->month, ds1307->date,
	ds1307->hours, ds1307->minutes, ds1307->seconds,
	ds1307->dayofweek);
}
     ae4:	8d b7       	in	r24, 0x3d	; 61
     ae6:	9e b7       	in	r25, 0x3e	; 62
     ae8:	40 96       	adiw	r24, 0x10	; 16
     aea:	0f b6       	in	r0, 0x3f	; 63
     aec:	f8 94       	cli
     aee:	9e bf       	out	0x3e, r25	; 62
     af0:	0f be       	out	0x3f, r0	; 63
     af2:	8d bf       	out	0x3d, r24	; 61
     af4:	df 91       	pop	r29
     af6:	cf 91       	pop	r28
     af8:	08 95       	ret

00000afa <print_calendar>:

// 뒤에 출력만 해주면 되는거..!
void print_calendar(t_ds1307* ds1307)
{
     afa:	ef 92       	push	r14
     afc:	ff 92       	push	r15
     afe:	0f 93       	push	r16
     b00:	1f 93       	push	r17
     b02:	cf 93       	push	r28
     b04:	df 93       	push	r29
     b06:	cd b7       	in	r28, 0x3d	; 61
     b08:	de b7       	in	r29, 0x3e	; 62
     b0a:	a0 97       	sbiw	r28, 0x20	; 32
     b0c:	0f b6       	in	r0, 0x3f	; 63
     b0e:	f8 94       	cli
     b10:	de bf       	out	0x3e, r29	; 62
     b12:	0f be       	out	0x3f, r0	; 63
     b14:	cd bf       	out	0x3d, r28	; 61
     b16:	8c 01       	movw	r16, r24
	char lcd_buf[32];   // 16x2 LCD 기준 한 줄 16자 + null

	LCD_clear();
     b18:	f9 d1       	rcall	.+1010   	; 0xf0c <LCD_clear>

	LCD_goto_XY(0, 0);
     b1a:	60 e0       	ldi	r22, 0x00	; 0
     b1c:	80 e0       	ldi	r24, 0x00	; 0
     b1e:	4f d2       	rcall	.+1182   	; 0xfbe <LCD_goto_XY>
	sprintf(lcd_buf, "20%02d-%02d-%02d D%d",
	ds1307->year, ds1307->month, ds1307->date, ds1307->dayofweek);
     b20:	f8 01       	movw	r30, r16
     b22:	35 81       	ldd	r19, Z+5	; 0x05
     b24:	23 81       	ldd	r18, Z+3	; 0x03
     b26:	94 81       	ldd	r25, Z+4	; 0x04
     b28:	86 81       	ldd	r24, Z+6	; 0x06
	char lcd_buf[32];   // 16x2 LCD 기준 한 줄 16자 + null

	LCD_clear();

	LCD_goto_XY(0, 0);
	sprintf(lcd_buf, "20%02d-%02d-%02d D%d",
     b2a:	1f 92       	push	r1
     b2c:	3f 93       	push	r19
     b2e:	1f 92       	push	r1
     b30:	2f 93       	push	r18
     b32:	1f 92       	push	r1
     b34:	9f 93       	push	r25
     b36:	1f 92       	push	r1
     b38:	8f 93       	push	r24
     b3a:	87 e1       	ldi	r24, 0x17	; 23
     b3c:	92 e0       	ldi	r25, 0x02	; 2
     b3e:	9f 93       	push	r25
     b40:	8f 93       	push	r24
     b42:	9e 01       	movw	r18, r28
     b44:	2f 5f       	subi	r18, 0xFF	; 255
     b46:	3f 4f       	sbci	r19, 0xFF	; 255
     b48:	79 01       	movw	r14, r18
     b4a:	3f 93       	push	r19
     b4c:	2f 93       	push	r18
	ds1307->year, ds1307->month, ds1307->date, ds1307->dayofweek);
	LCD_write_string(lcd_buf);
     b4e:	3d d6       	rcall	.+3194   	; 0x17ca <sprintf>
     b50:	c7 01       	movw	r24, r14

	LCD_goto_XY(1, 0);
     b52:	23 d2       	rcall	.+1094   	; 0xf9a <LCD_write_string>
     b54:	60 e0       	ldi	r22, 0x00	; 0
     b56:	81 e0       	ldi	r24, 0x01	; 1
     b58:	32 d2       	rcall	.+1124   	; 0xfbe <LCD_goto_XY>
	if (program_stat == RTC_CHG_MODE/* && chg_clock_stat != NOTHING*/) {
     b5a:	80 91 01 03 	lds	r24, 0x0301	; 0x800301 <program_stat>
     b5e:	0f b6       	in	r0, 0x3f	; 63
     b60:	f8 94       	cli
     b62:	de bf       	out	0x3e, r29	; 62
     b64:	0f be       	out	0x3f, r0	; 63
     b66:	cd bf       	out	0x3d, r28	; 61
     b68:	82 30       	cpi	r24, 0x02	; 2
     b6a:	11 f5       	brne	.+68     	; 0xbb0 <print_calendar+0xb6>
		sprintf(lcd_buf, "%02d:%02d:%02d [%s]",
			ds1307->hours, ds1307->minutes, ds1307->seconds,
     b6c:	f8 01       	movw	r30, r16
     b6e:	20 81       	ld	r18, Z
     b70:	91 81       	ldd	r25, Z+1	; 0x01
     b72:	82 81       	ldd	r24, Z+2	; 0x02
	ds1307->year, ds1307->month, ds1307->date, ds1307->dayofweek);
	LCD_write_string(lcd_buf);

	LCD_goto_XY(1, 0);
	if (program_stat == RTC_CHG_MODE/* && chg_clock_stat != NOTHING*/) {
		sprintf(lcd_buf, "%02d:%02d:%02d [%s]",
     b74:	e0 91 00 03 	lds	r30, 0x0300	; 0x800300 <chg_clock_stat>
     b78:	f0 e0       	ldi	r31, 0x00	; 0
     b7a:	ee 0f       	add	r30, r30
     b7c:	ff 1f       	adc	r31, r31
     b7e:	e0 50       	subi	r30, 0x00	; 0
     b80:	ff 4f       	sbci	r31, 0xFF	; 255
     b82:	31 81       	ldd	r19, Z+1	; 0x01
     b84:	3f 93       	push	r19
     b86:	30 81       	ld	r19, Z
     b88:	3f 93       	push	r19
     b8a:	1f 92       	push	r1
     b8c:	2f 93       	push	r18
     b8e:	1f 92       	push	r1
     b90:	9f 93       	push	r25
     b92:	1f 92       	push	r1
     b94:	8f 93       	push	r24
     b96:	8c e2       	ldi	r24, 0x2C	; 44
     b98:	92 e0       	ldi	r25, 0x02	; 2
     b9a:	9f 93       	push	r25
     b9c:	8f 93       	push	r24
     b9e:	ff 92       	push	r15
     ba0:	ef 92       	push	r14
     ba2:	13 d6       	rcall	.+3110   	; 0x17ca <sprintf>
     ba4:	0f b6       	in	r0, 0x3f	; 63
     ba6:	f8 94       	cli
     ba8:	de bf       	out	0x3e, r29	; 62
     baa:	0f be       	out	0x3f, r0	; 63
     bac:	cd bf       	out	0x3d, r28	; 61
     bae:	18 c0       	rjmp	.+48     	; 0xbe0 <print_calendar+0xe6>
			ds1307->hours, ds1307->minutes, ds1307->seconds,
			CHG_STATE_STR[chg_clock_stat]);
		} else {
		sprintf(lcd_buf, "%02d:%02d:%02d", ds1307->hours, ds1307->minutes, ds1307->seconds);
     bb0:	f8 01       	movw	r30, r16
     bb2:	20 81       	ld	r18, Z
     bb4:	91 81       	ldd	r25, Z+1	; 0x01
     bb6:	82 81       	ldd	r24, Z+2	; 0x02
     bb8:	1f 92       	push	r1
     bba:	2f 93       	push	r18
     bbc:	1f 92       	push	r1
     bbe:	9f 93       	push	r25
     bc0:	1f 92       	push	r1
     bc2:	8f 93       	push	r24
     bc4:	80 e4       	ldi	r24, 0x40	; 64
     bc6:	92 e0       	ldi	r25, 0x02	; 2
     bc8:	9f 93       	push	r25
     bca:	8f 93       	push	r24
     bcc:	ce 01       	movw	r24, r28
     bce:	01 96       	adiw	r24, 0x01	; 1
     bd0:	9f 93       	push	r25
     bd2:	8f 93       	push	r24
     bd4:	fa d5       	rcall	.+3060   	; 0x17ca <sprintf>
     bd6:	0f b6       	in	r0, 0x3f	; 63
     bd8:	f8 94       	cli
     bda:	de bf       	out	0x3e, r29	; 62
     bdc:	0f be       	out	0x3f, r0	; 63
	}
	LCD_write_string(lcd_buf);
     bde:	cd bf       	out	0x3d, r28	; 61
     be0:	ce 01       	movw	r24, r28
     be2:	01 96       	adiw	r24, 0x01	; 1
     be4:	da d1       	rcall	.+948    	; 0xf9a <LCD_write_string>
	
//	_delay_ms(700);
     be6:	a0 96       	adiw	r28, 0x20	; 32
     be8:	0f b6       	in	r0, 0x3f	; 63
     bea:	f8 94       	cli
     bec:	de bf       	out	0x3e, r29	; 62
     bee:	0f be       	out	0x3f, r0	; 63
     bf0:	cd bf       	out	0x3d, r28	; 61
     bf2:	df 91       	pop	r29
     bf4:	cf 91       	pop	r28
     bf6:	1f 91       	pop	r17
     bf8:	0f 91       	pop	r16
     bfa:	ff 90       	pop	r15
     bfc:	ef 90       	pop	r14
     bfe:	08 95       	ret

00000c00 <init_i2c>:
*/

// TWI(I2C) driver
void init_i2c(void)
{
	DDRD |= 1 << 0 | 1 << 1;	// PD0 PD1 활성화
     c00:	81 b3       	in	r24, 0x11	; 17
     c02:	83 60       	ori	r24, 0x03	; 3
     c04:	81 bb       	out	0x11, r24	; 17
	
	TWSR=0x00;   
     c06:	10 92 71 00 	sts	0x0071, r1	; 0x800071 <__TEXT_REGION_LENGTH__+0x7e0071>
	TWBR=TWBR_VALUE;  // SCL 주파수 결정 register 100KHz  
     c0a:	88 e4       	ldi	r24, 0x48	; 72
     c0c:	80 93 70 00 	sts	0x0070, r24	; 0x800070 <__TEXT_REGION_LENGTH__+0x7e0070>
     c10:	08 95       	ret

00000c12 <i2c_start>:
}

// START 신호 
void i2c_start(void)
{
	TWCR = 1 << TWINT | 1 << TWSTA | 1 << TWEN;
     c12:	84 ea       	ldi	r24, 0xA4	; 164
     c14:	80 93 74 00 	sts	0x0074, r24	; 0x800074 <__TEXT_REGION_LENGTH__+0x7e0074>
	// TWINT        TWSTA: START 요청  TWEN: I2C HW 활성화 
	// I2C HW가 동작이 완료 될떄 까지 기다린다. 동작이 완료 되면 TWINT 프래그를 1로 세트가 된다.
	while( !(TWCR & (1 << TWINT)));	// ISR 발생했을 때, 처리할 수 있도록 세팅될때까지 기다려
     c18:	80 91 74 00 	lds	r24, 0x0074	; 0x800074 <__TEXT_REGION_LENGTH__+0x7e0074>
     c1c:	88 23       	and	r24, r24
     c1e:	e4 f7       	brge	.-8      	; 0xc18 <i2c_start+0x6>
}
     c20:	08 95       	ret

00000c22 <i2c_stop>:

// STOP 신호
void i2c_stop(void)
{
	TWCR = 1 << TWINT | 1 << TWSTO | 1 << TWEN;
     c22:	84 e9       	ldi	r24, 0x94	; 148
     c24:	80 93 74 00 	sts	0x0074, r24	; 0x800074 <__TEXT_REGION_LENGTH__+0x7e0074>
	#else
		//round up by default
		__ticks_dc = (uint32_t)(ceil(fabs(__tmp)));
	#endif

	__builtin_avr_delay_cycles(__ticks_dc);
     c28:	85 e3       	ldi	r24, 0x35	; 53
     c2a:	8a 95       	dec	r24
     c2c:	f1 f7       	brne	.-4      	; 0xc2a <i2c_stop+0x8>
     c2e:	00 00       	nop
     c30:	08 95       	ret

00000c32 <i2c_slave_addr_send>:
}

// SLAVE_ADDR+R SLAVE_ADDR+W >> 이게 호출된 다음(처음 1회만)
void i2c_slave_addr_send(uint8_t addr_rw)
{
	TWDR = addr_rw;
     c32:	80 93 73 00 	sts	0x0073, r24	; 0x800073 <__TEXT_REGION_LENGTH__+0x7e0073>
	TWCR = 1 << TWINT | 1 << TWEN;
     c36:	84 e8       	ldi	r24, 0x84	; 132
     c38:	80 93 74 00 	sts	0x0074, r24	; 0x800074 <__TEXT_REGION_LENGTH__+0x7e0074>
	// TWINT        TWSTA: START 요청  TWEN: I2C HW 활성화
	// I2C HW가 동작이 완료 될떄 까지 기다린다. 동작이 완료 되면 TWINT 프래그를 1로 세트가 된다.
	while( !(TWCR & (1 << TWINT)));	// 전송 완료 대기
     c3c:	80 91 74 00 	lds	r24, 0x0074	; 0x800074 <__TEXT_REGION_LENGTH__+0x7e0074>
     c40:	88 23       	and	r24, r24
     c42:	e4 f7       	brge	.-8      	; 0xc3c <i2c_slave_addr_send+0xa>
}
     c44:	08 95       	ret

00000c46 <i2c_data_write>:

// 이게 계속 호출됨.
void i2c_data_write(uint8_t data)
{
	TWDR = data;
     c46:	80 93 73 00 	sts	0x0073, r24	; 0x800073 <__TEXT_REGION_LENGTH__+0x7e0073>
	TWCR = 1 << TWINT | 1 << TWEN;
     c4a:	84 e8       	ldi	r24, 0x84	; 132
     c4c:	80 93 74 00 	sts	0x0074, r24	; 0x800074 <__TEXT_REGION_LENGTH__+0x7e0074>
	// TWINT        TWSTA: START 요청  TWEN: I2C HW 활성화
	// I2C HW가 동작이 완료 될떄 까지 기다린다. 동작이 완료 되면 TWINT 프래그를 1로 세트가 된다.
	while( !(TWCR & (1 << TWINT)));
     c50:	80 91 74 00 	lds	r24, 0x0074	; 0x800074 <__TEXT_REGION_LENGTH__+0x7e0074>
     c54:	88 23       	and	r24, r24
     c56:	e4 f7       	brge	.-8      	; 0xc50 <i2c_data_write+0xa>
}
     c58:	08 95       	ret

00000c5a <i2c_data_read_acksend>:

uint8_t i2c_data_read_acksend(void)
{
	
	TWCR = 1 << TWINT | 1 << TWEN | 1 << TWEA;    // TWEA=1 ACK자동 전송  (읽혀진 다음 ack로 신호 계속 해줘야하니까! >> TWEA를 1로!)
     c5a:	84 ec       	ldi	r24, 0xC4	; 196
     c5c:	80 93 74 00 	sts	0x0074, r24	; 0x800074 <__TEXT_REGION_LENGTH__+0x7e0074>
	// TWINT        TWSTA: START 요청  TWEN: I2C HW 활성화
	// I2C HW가 동작이 완료 될떄 까지 기다린다. 동작이 완료 되면 TWINT 프래그를 1로 세트가 된다.
	while( !(TWCR & (1 << TWINT)));
     c60:	80 91 74 00 	lds	r24, 0x0074	; 0x800074 <__TEXT_REGION_LENGTH__+0x7e0074>
     c64:	88 23       	and	r24, r24
     c66:	e4 f7       	brge	.-8      	; 0xc60 <i2c_data_read_acksend+0x6>
	
	return (TWDR);    
     c68:	80 91 73 00 	lds	r24, 0x0073	; 0x800073 <__TEXT_REGION_LENGTH__+0x7e0073>

}
     c6c:	08 95       	ret

00000c6e <i2c_data_read_nacksend>:

uint8_t i2c_data_read_nacksend(void)
{
	
	TWCR = 1 << TWINT | 1 << TWEN ;    // TWEA=0 NACK자동 전송
     c6e:	84 e8       	ldi	r24, 0x84	; 132
     c70:	80 93 74 00 	sts	0x0074, r24	; 0x800074 <__TEXT_REGION_LENGTH__+0x7e0074>
	// TWINT        TWSTA: START 요청  TWEN: I2C HW 활성화
	// I2C HW가 동작이 완료 될떄 까지 기다린다. 동작이 완료 되면 TWINT 프래그를 1로 세트가 된다.
	while( !(TWCR & (1 << TWINT)));
     c74:	80 91 74 00 	lds	r24, 0x0074	; 0x800074 <__TEXT_REGION_LENGTH__+0x7e0074>
     c78:	88 23       	and	r24, r24
     c7a:	e4 f7       	brge	.-8      	; 0xc74 <i2c_data_read_nacksend+0x6>
	
	return (TWDR);
     c7c:	80 91 73 00 	lds	r24, 0x0073	; 0x800073 <__TEXT_REGION_LENGTH__+0x7e0073>

}
     c80:	08 95       	ret

00000c82 <get_button_k>:
		}
	}
}

uint8_t get_button_k(int row, int col)
{
     c82:	1f 93       	push	r17
     c84:	cf 93       	push	r28
     c86:	df 93       	push	r29
     c88:	cd b7       	in	r28, 0x3d	; 61
     c8a:	de b7       	in	r29, 0x3e	; 62
     c8c:	60 97       	sbiw	r28, 0x10	; 16
     c8e:	0f b6       	in	r0, 0x3f	; 63
     c90:	f8 94       	cli
     c92:	de bf       	out	0x3e, r29	; 62
     c94:	0f be       	out	0x3f, r0	; 63
     c96:	cd bf       	out	0x3d, r28	; 61
		{'*', '6', '5', '4'},
		{'/', '9', '8', '7'},
		{'-', '3', '2', '1'}
	};
	#else
	uint8_t keypad_char[4][4] = {
     c98:	fe 01       	movw	r30, r28
     c9a:	31 96       	adiw	r30, 0x01	; 1
     c9c:	20 e1       	ldi	r18, 0x10	; 16
     c9e:	df 01       	movw	r26, r30
     ca0:	1d 92       	st	X+, r1
     ca2:	2a 95       	dec	r18
     ca4:	e9 f7       	brne	.-6      	; 0xca0 <get_button_k+0x1e>
     ca6:	20 e3       	ldi	r18, 0x30	; 48
     ca8:	29 83       	std	Y+1, r18	; 0x01
     caa:	2d e3       	ldi	r18, 0x3D	; 61
     cac:	2a 83       	std	Y+2, r18	; 0x02
     cae:	2b e2       	ldi	r18, 0x2B	; 43
     cb0:	2b 83       	std	Y+3, r18	; 0x03
     cb2:	24 e3       	ldi	r18, 0x34	; 52
     cb4:	2d 83       	std	Y+5, r18	; 0x05
     cb6:	25 e3       	ldi	r18, 0x35	; 53
     cb8:	2e 83       	std	Y+6, r18	; 0x06
     cba:	26 e3       	ldi	r18, 0x36	; 54
     cbc:	2f 83       	std	Y+7, r18	; 0x07
     cbe:	2a e2       	ldi	r18, 0x2A	; 42
     cc0:	28 87       	std	Y+8, r18	; 0x08
     cc2:	27 e3       	ldi	r18, 0x37	; 55
     cc4:	29 87       	std	Y+9, r18	; 0x09
     cc6:	28 e3       	ldi	r18, 0x38	; 56
     cc8:	2a 87       	std	Y+10, r18	; 0x0a
     cca:	29 e3       	ldi	r18, 0x39	; 57
     ccc:	2b 87       	std	Y+11, r18	; 0x0b
     cce:	2d e2       	ldi	r18, 0x2D	; 45
     cd0:	2c 87       	std	Y+12, r18	; 0x0c
     cd2:	21 e3       	ldi	r18, 0x31	; 49
     cd4:	2d 87       	std	Y+13, r18	; 0x0d
     cd6:	22 e3       	ldi	r18, 0x32	; 50
     cd8:	2e 87       	std	Y+14, r18	; 0x0e
     cda:	23 e3       	ldi	r18, 0x33	; 51
     cdc:	2f 87       	std	Y+15, r18	; 0x0f
     cde:	2f e2       	ldi	r18, 0x2F	; 47
     ce0:	28 8b       	std	Y+16, r18	; 0x10
		}
	};
	
	int8_t current_state = 1;
	
	KEYPAD_PORT = 0xff;
     ce2:	2f ef       	ldi	r18, 0xFF	; 255
     ce4:	2b bb       	out	0x1b, r18	; 27
	KEYPAD_PORT &= ~(1 << 3 - col); //3-col : COL4가 PA0에 연결되어있기 때문에
     ce6:	4b b3       	in	r20, 0x1b	; 27
     ce8:	e3 e0       	ldi	r30, 0x03	; 3
     cea:	f0 e0       	ldi	r31, 0x00	; 0
     cec:	e6 1b       	sub	r30, r22
     cee:	f7 0b       	sbc	r31, r23
     cf0:	21 e0       	ldi	r18, 0x01	; 1
     cf2:	30 e0       	ldi	r19, 0x00	; 0
     cf4:	02 c0       	rjmp	.+4      	; 0xcfa <get_button_k+0x78>
     cf6:	22 0f       	add	r18, r18
     cf8:	33 1f       	adc	r19, r19
     cfa:	ea 95       	dec	r30
     cfc:	e2 f7       	brpl	.-8      	; 0xcf6 <get_button_k+0x74>
     cfe:	20 95       	com	r18
     d00:	24 23       	and	r18, r20
     d02:	2b bb       	out	0x1b, r18	; 27
	//KEYPAD_PORT &= ~(1 << col); //해당 col에 전류를 흘린다.
	
	for(int delay = 0; delay < 20; delay++);//keypad check를 위한 delay
     d04:	20 e0       	ldi	r18, 0x00	; 0
     d06:	30 e0       	ldi	r19, 0x00	; 0
     d08:	02 c0       	rjmp	.+4      	; 0xd0e <get_button_k+0x8c>
     d0a:	2f 5f       	subi	r18, 0xFF	; 255
     d0c:	3f 4f       	sbci	r19, 0xFF	; 255
     d0e:	24 31       	cpi	r18, 0x14	; 20
     d10:	31 05       	cpc	r19, r1
     d12:	dc f3       	brlt	.-10     	; 0xd0a <get_button_k+0x88>
	// 0.625us x 20 = 1.25us
	current_state = (KEYPAD_PIN & (1 << (row + 4))) >> (row + 4);
     d14:	49 b3       	in	r20, 0x19	; 25
     d16:	fc 01       	movw	r30, r24
     d18:	34 96       	adiw	r30, 0x04	; 4
     d1a:	21 e0       	ldi	r18, 0x01	; 1
     d1c:	30 e0       	ldi	r19, 0x00	; 0
     d1e:	0e 2e       	mov	r0, r30
     d20:	02 c0       	rjmp	.+4      	; 0xd26 <get_button_k+0xa4>
     d22:	22 0f       	add	r18, r18
     d24:	33 1f       	adc	r19, r19
     d26:	0a 94       	dec	r0
     d28:	e2 f7       	brpl	.-8      	; 0xd22 <get_button_k+0xa0>
     d2a:	50 e0       	ldi	r21, 0x00	; 0
     d2c:	24 23       	and	r18, r20
     d2e:	35 23       	and	r19, r21
     d30:	02 c0       	rjmp	.+4      	; 0xd36 <get_button_k+0xb4>
     d32:	35 95       	asr	r19
     d34:	27 95       	ror	r18
     d36:	ea 95       	dec	r30
     d38:	e2 f7       	brpl	.-8      	; 0xd32 <get_button_k+0xb0>
	
	//ex row:0 PA4에 연결
	//76543210
	//11101111 KEYPAD_PIN & (1 << (row + 4))
	//00001110 >> (row+4)
	if ( current_state == 0 && prev_state [row][col] == 1)  //처음 눌러진 상태
     d3a:	21 11       	cpse	r18, r1
     d3c:	18 c0       	rjmp	.+48     	; 0xd6e <get_button_k+0xec>
     d3e:	fc 01       	movw	r30, r24
     d40:	ee 0f       	add	r30, r30
     d42:	ff 1f       	adc	r31, r31
     d44:	ee 0f       	add	r30, r30
     d46:	ff 1f       	adc	r31, r31
     d48:	e2 5f       	subi	r30, 0xF2	; 242
     d4a:	fe 4f       	sbci	r31, 0xFE	; 254
     d4c:	e6 0f       	add	r30, r22
     d4e:	f7 1f       	adc	r31, r23
     d50:	30 81       	ld	r19, Z
     d52:	31 30       	cpi	r19, 0x01	; 1
     d54:	61 f4       	brne	.+24     	; 0xd6e <get_button_k+0xec>
	{
		prev_state [row][col] = 0;
     d56:	88 0f       	add	r24, r24
     d58:	99 1f       	adc	r25, r25
     d5a:	88 0f       	add	r24, r24
     d5c:	99 1f       	adc	r25, r25
     d5e:	82 5f       	subi	r24, 0xF2	; 242
     d60:	9e 4f       	sbci	r25, 0xFE	; 254
     d62:	fc 01       	movw	r30, r24
     d64:	e6 0f       	add	r30, r22
     d66:	f7 1f       	adc	r31, r23
     d68:	10 82       	st	Z, r1
		return 0;
     d6a:	10 e0       	ldi	r17, 0x00	; 0
     d6c:	32 c0       	rjmp	.+100    	; 0xdd2 <get_button_k+0x150>
	}
	else if(current_state == 1 && prev_state [row][col] == 0)
     d6e:	21 30       	cpi	r18, 0x01	; 1
     d70:	69 f5       	brne	.+90     	; 0xdcc <get_button_k+0x14a>
     d72:	fc 01       	movw	r30, r24
     d74:	ee 0f       	add	r30, r30
     d76:	ff 1f       	adc	r31, r31
     d78:	ee 0f       	add	r30, r30
     d7a:	ff 1f       	adc	r31, r31
     d7c:	e2 5f       	subi	r30, 0xF2	; 242
     d7e:	fe 4f       	sbci	r31, 0xFE	; 254
     d80:	e6 0f       	add	r30, r22
     d82:	f7 1f       	adc	r31, r23
     d84:	20 81       	ld	r18, Z
     d86:	21 11       	cpse	r18, r1
     d88:	23 c0       	rjmp	.+70     	; 0xdd0 <get_button_k+0x14e>
	{ //이전에 버튼이 눌려지고 버튼을 뗀 상태이면 버튼을 1번 눌렀다 뗀것으로 인정
		prev_state [row][col] = 1; //prev_state를 초기화
     d8a:	88 0f       	add	r24, r24
     d8c:	99 1f       	adc	r25, r25
     d8e:	88 0f       	add	r24, r24
     d90:	99 1f       	adc	r25, r25
     d92:	fc 01       	movw	r30, r24
     d94:	e2 5f       	subi	r30, 0xF2	; 242
     d96:	fe 4f       	sbci	r31, 0xFE	; 254
     d98:	e6 0f       	add	r30, r22
     d9a:	f7 1f       	adc	r31, r23
     d9c:	21 e0       	ldi	r18, 0x01	; 1
     d9e:	20 83       	st	Z, r18
		printf("key : %c\n",  keypad_char[row][col]);
     da0:	21 e0       	ldi	r18, 0x01	; 1
     da2:	30 e0       	ldi	r19, 0x00	; 0
     da4:	2c 0f       	add	r18, r28
     da6:	3d 1f       	adc	r19, r29
     da8:	82 0f       	add	r24, r18
     daa:	93 1f       	adc	r25, r19
     dac:	fc 01       	movw	r30, r24
     dae:	e6 0f       	add	r30, r22
     db0:	f7 1f       	adc	r31, r23
     db2:	10 81       	ld	r17, Z
     db4:	1f 92       	push	r1
     db6:	1f 93       	push	r17
     db8:	89 e6       	ldi	r24, 0x69	; 105
     dba:	92 e0       	ldi	r25, 0x02	; 2
     dbc:	9f 93       	push	r25
     dbe:	8f 93       	push	r24
     dc0:	bc d4       	rcall	.+2424   	; 0x173a <printf>
		return keypad_char[row][col];
     dc2:	0f 90       	pop	r0
     dc4:	0f 90       	pop	r0
     dc6:	0f 90       	pop	r0
     dc8:	0f 90       	pop	r0
     dca:	03 c0       	rjmp	.+6      	; 0xdd2 <get_button_k+0x150>
	}
	
	return 0;
     dcc:	10 e0       	ldi	r17, 0x00	; 0
     dce:	01 c0       	rjmp	.+2      	; 0xdd2 <get_button_k+0x150>
     dd0:	10 e0       	ldi	r17, 0x00	; 0
}
     dd2:	81 2f       	mov	r24, r17
     dd4:	60 96       	adiw	r28, 0x10	; 16
     dd6:	0f b6       	in	r0, 0x3f	; 63
     dd8:	f8 94       	cli
     dda:	de bf       	out	0x3e, r29	; 62
     ddc:	0f be       	out	0x3f, r0	; 63
     dde:	cd bf       	out	0x3d, r28	; 61
     de0:	df 91       	pop	r29
     de2:	cf 91       	pop	r28
     de4:	1f 91       	pop	r17
     de6:	08 95       	ret

00000de8 <keypad_scan>:
	KEYPAD_PORT = 0xff;
	BUZZER_DDR |= (1 << BUZZER_PIN);
}

uint8_t keypad_scan(void)
{
     de8:	0f 93       	push	r16
     dea:	1f 93       	push	r17
     dec:	cf 93       	push	r28
     dee:	df 93       	push	r29
	uint8_t data = 0; //key값 저장 변수
	
	for (int row = 0; row<4; row++)
     df0:	00 e0       	ldi	r16, 0x00	; 0
     df2:	10 e0       	ldi	r17, 0x00	; 0
     df4:	0e c0       	rjmp	.+28     	; 0xe12 <keypad_scan+0x2a>
	{
		for(int col = 0; col <4; col++)
		{
			data = get_button_k(row,col);
     df6:	be 01       	movw	r22, r28
     df8:	c8 01       	movw	r24, r16
     dfa:	43 df       	rcall	.-378    	; 0xc82 <get_button_k>
			if(data)   //if data >= 1
     dfc:	81 11       	cpse	r24, r1
     dfe:	0c c0       	rjmp	.+24     	; 0xe18 <keypad_scan+0x30>
{
	uint8_t data = 0; //key값 저장 변수
	
	for (int row = 0; row<4; row++)
	{
		for(int col = 0; col <4; col++)
     e00:	21 96       	adiw	r28, 0x01	; 1
     e02:	02 c0       	rjmp	.+4      	; 0xe08 <keypad_scan+0x20>
     e04:	c0 e0       	ldi	r28, 0x00	; 0
     e06:	d0 e0       	ldi	r29, 0x00	; 0
     e08:	c4 30       	cpi	r28, 0x04	; 4
     e0a:	d1 05       	cpc	r29, r1
     e0c:	a4 f3       	brlt	.-24     	; 0xdf6 <keypad_scan+0xe>

uint8_t keypad_scan(void)
{
	uint8_t data = 0; //key값 저장 변수
	
	for (int row = 0; row<4; row++)
     e0e:	0f 5f       	subi	r16, 0xFF	; 255
     e10:	1f 4f       	sbci	r17, 0xFF	; 255
     e12:	04 30       	cpi	r16, 0x04	; 4
     e14:	11 05       	cpc	r17, r1
     e16:	b4 f3       	brlt	.-20     	; 0xe04 <keypad_scan+0x1c>
			data = get_button_k(row,col);
			if(data)   //if data >= 1
			return data;
		}
	}
}
     e18:	df 91       	pop	r29
     e1a:	cf 91       	pop	r28
     e1c:	1f 91       	pop	r17
     e1e:	0f 91       	pop	r16
     e20:	08 95       	ret

00000e22 <buzzer_beep>:
	return 0;
}

void buzzer_beep(void)
{
	for(int i = 0; i < 40; i++) // 40번 반복 (소리 길이 조절 가능)
     e22:	20 e0       	ldi	r18, 0x00	; 0
     e24:	30 e0       	ldi	r19, 0x00	; 0
     e26:	16 c0       	rjmp	.+44     	; 0xe54 <buzzer_beep+0x32>
	{
		BUZZER_PORT |= (1 << BUZZER_PIN);  // High
     e28:	e5 e6       	ldi	r30, 0x65	; 101
     e2a:	f0 e0       	ldi	r31, 0x00	; 0
     e2c:	80 81       	ld	r24, Z
     e2e:	84 60       	ori	r24, 0x04	; 4
     e30:	80 83       	st	Z, r24
     e32:	8f e3       	ldi	r24, 0x3F	; 63
     e34:	96 e0       	ldi	r25, 0x06	; 6
     e36:	01 97       	sbiw	r24, 0x01	; 1
     e38:	f1 f7       	brne	.-4      	; 0xe36 <buzzer_beep+0x14>
     e3a:	00 c0       	rjmp	.+0      	; 0xe3c <buzzer_beep+0x1a>
     e3c:	00 00       	nop
		_delay_us(400);
		BUZZER_PORT &= ~(1 << BUZZER_PIN); // Low
     e3e:	80 81       	ld	r24, Z
     e40:	8b 7f       	andi	r24, 0xFB	; 251
     e42:	80 83       	st	Z, r24
     e44:	8f e3       	ldi	r24, 0x3F	; 63
     e46:	96 e0       	ldi	r25, 0x06	; 6
     e48:	01 97       	sbiw	r24, 0x01	; 1
     e4a:	f1 f7       	brne	.-4      	; 0xe48 <buzzer_beep+0x26>
     e4c:	00 c0       	rjmp	.+0      	; 0xe4e <buzzer_beep+0x2c>
     e4e:	00 00       	nop
	return 0;
}

void buzzer_beep(void)
{
	for(int i = 0; i < 40; i++) // 40번 반복 (소리 길이 조절 가능)
     e50:	2f 5f       	subi	r18, 0xFF	; 255
     e52:	3f 4f       	sbci	r19, 0xFF	; 255
     e54:	28 32       	cpi	r18, 0x28	; 40
     e56:	31 05       	cpc	r19, r1
     e58:	3c f3       	brlt	.-50     	; 0xe28 <buzzer_beep+0x6>
		BUZZER_PORT |= (1 << BUZZER_PIN);  // High
		_delay_us(400);
		BUZZER_PORT &= ~(1 << BUZZER_PIN); // Low
		_delay_us(400);
	}
     e5a:	08 95       	ret

00000e5c <LCD_pulse_enable>:

#include "lcd.h"

void LCD_pulse_enable(void)
{
	LCD_CONTROL_PORT |= (1 << E_PIN);	// E를 HIGH
     e5c:	88 b3       	in	r24, 0x18	; 24
     e5e:	80 68       	ori	r24, 0x80	; 128
     e60:	88 bb       	out	0x18, r24	; 24
     e62:	85 e0       	ldi	r24, 0x05	; 5
     e64:	8a 95       	dec	r24
     e66:	f1 f7       	brne	.-4      	; 0xe64 <LCD_pulse_enable+0x8>
     e68:	00 00       	nop
	//_delay_ms(1);
	_delay_us(1);
	LCD_CONTROL_PORT &= ~(1 << E_PIN);	// E를 LOW	 >> 하강 에지에서 동작
     e6a:	88 b3       	in	r24, 0x18	; 24
     e6c:	8f 77       	andi	r24, 0x7F	; 127
     e6e:	88 bb       	out	0x18, r24	; 24
     e70:	85 e0       	ldi	r24, 0x05	; 5
     e72:	8a 95       	dec	r24
     e74:	f1 f7       	brne	.-4      	; 0xe72 <LCD_pulse_enable+0x16>
     e76:	00 00       	nop
     e78:	08 95       	ret

00000e7a <LCD_write_data>:
	_delay_us(1);
}

// WRITE
void LCD_write_data(uint8_t data)
{
     e7a:	cf 93       	push	r28
     e7c:	c8 2f       	mov	r28, r24
	LCD_CONTROL_PORT |= (1 << RS_PIN);	// RS_PIN을 1로 set: data 담는 register로 select
     e7e:	88 b3       	in	r24, 0x18	; 24
     e80:	80 62       	ori	r24, 0x20	; 32
     e82:	88 bb       	out	0x18, r24	; 24

	if(MODE == 8){
     e84:	80 91 1e 01 	lds	r24, 0x011E	; 0x80011e <MODE>
     e88:	88 30       	cpi	r24, 0x08	; 8
     e8a:	19 f4       	brne	.+6      	; 0xe92 <LCD_write_data+0x18>
		LCD_DATA_PORT = data;
     e8c:	c5 bb       	out	0x15, r28	; 21
		LCD_pulse_enable();
     e8e:	e6 df       	rcall	.-52     	; 0xe5c <LCD_pulse_enable>
     e90:	0a c0       	rjmp	.+20     	; 0xea6 <LCD_write_data+0x2c>
	} else{
		LCD_DATA_PORT = data & 0xf0;	// 상위
     e92:	8c 2f       	mov	r24, r28
     e94:	80 7f       	andi	r24, 0xF0	; 240
		LCD_pulse_enable();
     e96:	85 bb       	out	0x15, r24	; 21
     e98:	e1 df       	rcall	.-62     	; 0xe5c <LCD_pulse_enable>
		
		LCD_DATA_PORT = (data << 4) & 0xf0;	// 하위
     e9a:	20 e1       	ldi	r18, 0x10	; 16
     e9c:	c2 9f       	mul	r28, r18
     e9e:	c0 01       	movw	r24, r0
     ea0:	11 24       	eor	r1, r1
		LCD_pulse_enable();
     ea2:	85 bb       	out	0x15, r24	; 21
     ea4:	db df       	rcall	.-74     	; 0xe5c <LCD_pulse_enable>
     ea6:	87 ec       	ldi	r24, 0xC7	; 199
     ea8:	90 e0       	ldi	r25, 0x00	; 0
     eaa:	01 97       	sbiw	r24, 0x01	; 1
     eac:	f1 f7       	brne	.-4      	; 0xeaa <LCD_write_data+0x30>
     eae:	00 c0       	rjmp	.+0      	; 0xeb0 <LCD_write_data+0x36>
     eb0:	00 00       	nop
	}
	_delay_us(50); 
	//_delay_ms(2);
}
     eb2:	cf 91       	pop	r28
     eb4:	08 95       	ret

00000eb6 <LCD_write_high_nibble>:

void LCD_write_high_nibble(uint8_t data)
{
	LCD_CONTROL_PORT |= (1 << RS_PIN);	// RS_PIN을 1로 set: data 담는 register로 select
     eb6:	98 b3       	in	r25, 0x18	; 24
     eb8:	90 62       	ori	r25, 0x20	; 32
     eba:	98 bb       	out	0x18, r25	; 24

	LCD_DATA_PORT = data & 0xf0;	// 상위
     ebc:	80 7f       	andi	r24, 0xF0	; 240
     ebe:	85 bb       	out	0x15, r24	; 21
	LCD_pulse_enable();
     ec0:	cd df       	rcall	.-102    	; 0xe5c <LCD_pulse_enable>
     ec2:	87 ec       	ldi	r24, 0xC7	; 199
     ec4:	90 e0       	ldi	r25, 0x00	; 0
     ec6:	01 97       	sbiw	r24, 0x01	; 1
     ec8:	f1 f7       	brne	.-4      	; 0xec6 <LCD_write_high_nibble+0x10>
     eca:	00 c0       	rjmp	.+0      	; 0xecc <LCD_write_high_nibble+0x16>
     ecc:	00 00       	nop
     ece:	08 95       	ret

00000ed0 <LCD_write_command>:
//	_delay_ms(2);
	
}

void LCD_write_command(uint8_t command)
{
     ed0:	cf 93       	push	r28
     ed2:	c8 2f       	mov	r28, r24
	LCD_CONTROL_PORT &= ~(1 << RS_PIN);	// RS_PIN을 0로 set: command 담는 register로 select
     ed4:	88 b3       	in	r24, 0x18	; 24
     ed6:	8f 7d       	andi	r24, 0xDF	; 223
     ed8:	88 bb       	out	0x18, r24	; 24

	if(MODE == 8){
     eda:	80 91 1e 01 	lds	r24, 0x011E	; 0x80011e <MODE>
     ede:	88 30       	cpi	r24, 0x08	; 8
     ee0:	19 f4       	brne	.+6      	; 0xee8 <LCD_write_command+0x18>
		LCD_DATA_PORT = command;
     ee2:	c5 bb       	out	0x15, r28	; 21
		LCD_pulse_enable();
     ee4:	bb df       	rcall	.-138    	; 0xe5c <LCD_pulse_enable>
     ee6:	0a c0       	rjmp	.+20     	; 0xefc <LCD_write_command+0x2c>
	} else{
		LCD_DATA_PORT = command & 0xf0;	// 상위
     ee8:	8c 2f       	mov	r24, r28
     eea:	80 7f       	andi	r24, 0xF0	; 240
		LCD_pulse_enable();
     eec:	85 bb       	out	0x15, r24	; 21
     eee:	b6 df       	rcall	.-148    	; 0xe5c <LCD_pulse_enable>
		
		LCD_DATA_PORT = (command << 4) & 0xf0;	// 하위
     ef0:	20 e1       	ldi	r18, 0x10	; 16
     ef2:	c2 9f       	mul	r28, r18
     ef4:	c0 01       	movw	r24, r0
     ef6:	11 24       	eor	r1, r1
		LCD_pulse_enable();
     ef8:	85 bb       	out	0x15, r24	; 21
     efa:	b0 df       	rcall	.-160    	; 0xe5c <LCD_pulse_enable>
     efc:	87 ec       	ldi	r24, 0xC7	; 199
     efe:	90 e0       	ldi	r25, 0x00	; 0
     f00:	01 97       	sbiw	r24, 0x01	; 1
     f02:	f1 f7       	brne	.-4      	; 0xf00 <LCD_write_command+0x30>
     f04:	00 c0       	rjmp	.+0      	; 0xf06 <LCD_write_command+0x36>
     f06:	00 00       	nop
	}
	_delay_us(50); 
//	_delay_ms(2);
}
     f08:	cf 91       	pop	r28
     f0a:	08 95       	ret

00000f0c <LCD_clear>:

void LCD_clear(void)
{
	LCD_write_command(COMMAND_CLEAR_DISPLAY);
     f0c:	81 e0       	ldi	r24, 0x01	; 1
     f0e:	e0 df       	rcall	.-64     	; 0xed0 <LCD_write_command>
	#else
		//round up by default
		__ticks_dc = (uint32_t)(ceil(fabs(__tmp)));
	#endif

	__builtin_avr_delay_cycles(__ticks_dc);
     f10:	8f e3       	ldi	r24, 0x3F	; 63
     f12:	9f e1       	ldi	r25, 0x1F	; 31
     f14:	01 97       	sbiw	r24, 0x01	; 1
     f16:	f1 f7       	brne	.-4      	; 0xf14 <LCD_clear+0x8>
     f18:	00 c0       	rjmp	.+0      	; 0xf1a <LCD_clear+0xe>
     f1a:	00 00       	nop
     f1c:	08 95       	ret

00000f1e <LCD_init>:
}

void LCD_init(void)
{
	// 연결 핀을 출력으로
	LCD_DATA_DDR = 0xf0;
     f1e:	80 ef       	ldi	r24, 0xF0	; 240
     f20:	84 bb       	out	0x14, r24	; 20
	LCD_DATA_PORT = 0x00;	
     f22:	15 ba       	out	0x15, r1	; 21
	
	LCD_CONTROL_DDR |= (1 << RS_PIN) | (1 << RW_PIN) | (1 << E_PIN);
     f24:	87 b3       	in	r24, 0x17	; 23
     f26:	80 6e       	ori	r24, 0xE0	; 224
     f28:	87 bb       	out	0x17, r24	; 23
	
	// RW를 쓰기 모드로 (0)
	LCD_CONTROL_PORT &= ~(1 << RW_PIN);
     f2a:	88 b3       	in	r24, 0x18	; 24
     f2c:	8f 7b       	andi	r24, 0xBF	; 191
     f2e:	88 bb       	out	0x18, r24	; 24
     f30:	2f ef       	ldi	r18, 0xFF	; 255
     f32:	89 ef       	ldi	r24, 0xF9	; 249
     f34:	90 e0       	ldi	r25, 0x00	; 0
     f36:	21 50       	subi	r18, 0x01	; 1
     f38:	80 40       	sbci	r24, 0x00	; 0
     f3a:	90 40       	sbci	r25, 0x00	; 0
     f3c:	e1 f7       	brne	.-8      	; 0xf36 <LCD_init+0x18>
     f3e:	00 c0       	rjmp	.+0      	; 0xf40 <LCD_init+0x22>
     f40:	00 00       	nop
	
	_delay_ms(20);	// doc 기준 15ms 기다리라고 함
	
	// high nibble을 3번 보내주는 작업을 해야함. > 이유는? doc에서 그렇게 하래.
	LCD_write_high_nibble(0x30);	// RS : RW : DB7 : DB6 : DB5 : DB4 = 0 : 0 : 0 : 0 : 1 : 1
     f42:	80 e3       	ldi	r24, 0x30	; 48
     f44:	b8 df       	rcall	.-144    	; 0xeb6 <LCD_write_high_nibble>
     f46:	8f e1       	ldi	r24, 0x1F	; 31
     f48:	9e e4       	ldi	r25, 0x4E	; 78
     f4a:	01 97       	sbiw	r24, 0x01	; 1
     f4c:	f1 f7       	brne	.-4      	; 0xf4a <LCD_init+0x2c>
     f4e:	00 c0       	rjmp	.+0      	; 0xf50 <LCD_init+0x32>
     f50:	00 00       	nop
	_delay_ms(5);	// 4.1ms 초과 기다림
	
	LCD_write_high_nibble(0x30);	// RS : RW : DB7 : DB6 : DB5 : DB4 = 0 : 0 : 0 : 0 : 1 : 1
     f52:	80 e3       	ldi	r24, 0x30	; 48
     f54:	b0 df       	rcall	.-160    	; 0xeb6 <LCD_write_high_nibble>
	#else
		//round up by default
		__ticks_dc = (uint32_t)(ceil(fabs(__tmp)));
	#endif

	__builtin_avr_delay_cycles(__ticks_dc);
     f56:	87 e5       	ldi	r24, 0x57	; 87
     f58:	92 e0       	ldi	r25, 0x02	; 2
     f5a:	01 97       	sbiw	r24, 0x01	; 1
     f5c:	f1 f7       	brne	.-4      	; 0xf5a <LCD_init+0x3c>
     f5e:	00 c0       	rjmp	.+0      	; 0xf60 <LCD_init+0x42>
	_delay_us(150);	// 100us 초과 기다림
	
	LCD_write_high_nibble(0x30);	// RS : RW : DB7 : DB6 : DB5 : DB4 = 0 : 0 : 0 : 0 : 1 : 1
     f60:	00 00       	nop
     f62:	80 e3       	ldi	r24, 0x30	; 48
     f64:	a8 df       	rcall	.-176    	; 0xeb6 <LCD_write_high_nibble>
     f66:	87 e5       	ldi	r24, 0x57	; 87
     f68:	92 e0       	ldi	r25, 0x02	; 2
     f6a:	01 97       	sbiw	r24, 0x01	; 1
     f6c:	f1 f7       	brne	.-4      	; 0xf6a <LCD_init+0x4c>
     f6e:	00 c0       	rjmp	.+0      	; 0xf70 <LCD_init+0x52>
	_delay_us(150);	// 100us 초과 기다림
	
	LCD_write_high_nibble(0x20);	// RS : RW : DB7 : DB6 : DB5 : DB4 = 0 : 0 : 0 : 0 : 1 : 1
     f70:	00 00       	nop
     f72:	80 e2       	ldi	r24, 0x20	; 32
     f74:	a0 df       	rcall	.-192    	; 0xeb6 <LCD_write_high_nibble>
	#else
		//round up by default
		__ticks_dc = (uint32_t)(ceil(fabs(__tmp)));
	#endif

	__builtin_avr_delay_cycles(__ticks_dc);
     f76:	8f e1       	ldi	r24, 0x1F	; 31
     f78:	9e e4       	ldi	r25, 0x4E	; 78
     f7a:	01 97       	sbiw	r24, 0x01	; 1
     f7c:	f1 f7       	brne	.-4      	; 0xf7a <LCD_init+0x5c>
     f7e:	00 c0       	rjmp	.+0      	; 0xf80 <LCD_init+0x62>
	_delay_ms(5);	// 4.1ms 초과 기다림
	

	LCD_write_command(0x02);
     f80:	00 00       	nop
     f82:	82 e0       	ldi	r24, 0x02	; 2
	LCD_write_command(COMMAND_4_BIT_DISPLAY);
     f84:	a5 df       	rcall	.-182    	; 0xed0 <LCD_write_command>
     f86:	88 e2       	ldi	r24, 0x28	; 40
	
	
	// display on/off control > 화면 on/커서off/커서 깜빡이 off
	uint8_t command = 0x08 | (1 << COMMAND_DISPLAY_ON_OFF_BIT);	// 0x0c
	LCD_write_command(command);
     f88:	a3 df       	rcall	.-186    	; 0xed0 <LCD_write_command>
     f8a:	8c e0       	ldi	r24, 0x0C	; 12
	
	LCD_clear();
     f8c:	a1 df       	rcall	.-190    	; 0xed0 <LCD_write_command>
     f8e:	be df       	rcall	.-132    	; 0xf0c <LCD_clear>
	
	// entry mode set : 출력 후 커서 이동 > 화면 이동은 없음. (띄워준거 뒤로 그냥 이동)
	LCD_write_command(0x06);
     f90:	86 e0       	ldi	r24, 0x06	; 6
     f92:	9e df       	rcall	.-196    	; 0xed0 <LCD_write_command>
     f94:	8c e0       	ldi	r24, 0x0C	; 12
	LCD_write_command(0x0c);
     f96:	9c cf       	rjmp	.-200    	; 0xed0 <LCD_write_command>
     f98:	08 95       	ret

00000f9a <LCD_write_string>:
     f9a:	0f 93       	push	r16
     f9c:	1f 93       	push	r17
}

// READ
void LCD_write_string(char* str)
{
     f9e:	cf 93       	push	r28
     fa0:	8c 01       	movw	r16, r24
	for(uint8_t idx = 0 ; str[idx] ; idx++)
     fa2:	c0 e0       	ldi	r28, 0x00	; 0
     fa4:	02 c0       	rjmp	.+4      	; 0xfaa <LCD_write_string+0x10>
		LCD_write_data(str[idx]);
     fa6:	69 df       	rcall	.-302    	; 0xe7a <LCD_write_data>
}

// READ
void LCD_write_string(char* str)
{
	for(uint8_t idx = 0 ; str[idx] ; idx++)
     fa8:	cf 5f       	subi	r28, 0xFF	; 255
     faa:	f8 01       	movw	r30, r16
     fac:	ec 0f       	add	r30, r28
     fae:	f1 1d       	adc	r31, r1
     fb0:	80 81       	ld	r24, Z
     fb2:	81 11       	cpse	r24, r1
     fb4:	f8 cf       	rjmp	.-16     	; 0xfa6 <LCD_write_string+0xc>
		LCD_write_data(str[idx]);
}
     fb6:	cf 91       	pop	r28
     fb8:	1f 91       	pop	r17
     fba:	0f 91       	pop	r16
     fbc:	08 95       	ret

00000fbe <LCD_goto_XY>:

void LCD_goto_XY(uint8_t row, uint8_t col)
{
	col %= 16;	// [0 15]
     fbe:	6f 70       	andi	r22, 0x0F	; 15
	row %= 2;	// [0 1]
     fc0:	81 70       	andi	r24, 0x01	; 1
	
	// 첫째 라인 시작 주소 0x00, 둘째 라인 시작 0x40
	uint8_t address = (0x40 * row) + col;
     fc2:	90 e4       	ldi	r25, 0x40	; 64
     fc4:	89 9f       	mul	r24, r25
     fc6:	60 0d       	add	r22, r0
     fc8:	11 24       	eor	r1, r1
     fca:	86 2f       	mov	r24, r22
	uint8_t command = 0x80 + address;
	
	LCD_write_command(command);	// 커서 이동
     fcc:	80 58       	subi	r24, 0x80	; 128
     fce:	80 cf       	rjmp	.-256    	; 0xed0 <LCD_write_command>
     fd0:	08 95       	ret

00000fd2 <__vector_16>:
volatile uint32_t idle_counter = 0;

uint8_t MODE = 4;

ISR(TIMER0_OVF_vect)
{
     fd2:	1f 92       	push	r1
     fd4:	0f 92       	push	r0
     fd6:	0f b6       	in	r0, 0x3f	; 63
     fd8:	0f 92       	push	r0
     fda:	11 24       	eor	r1, r1
     fdc:	0b b6       	in	r0, 0x3b	; 59
     fde:	0f 92       	push	r0
     fe0:	2f 93       	push	r18
     fe2:	3f 93       	push	r19
     fe4:	4f 93       	push	r20
     fe6:	5f 93       	push	r21
     fe8:	6f 93       	push	r22
     fea:	7f 93       	push	r23
     fec:	8f 93       	push	r24
     fee:	9f 93       	push	r25
     ff0:	af 93       	push	r26
     ff2:	bf 93       	push	r27
     ff4:	ef 93       	push	r30
     ff6:	ff 93       	push	r31
	TCNT0 = 6;
     ff8:	86 e0       	ldi	r24, 0x06	; 6
     ffa:	82 bf       	out	0x32, r24	; 50
	if (program_stat == CALCULATOR)
     ffc:	80 91 01 03 	lds	r24, 0x0301	; 0x800301 <program_stat>
    1000:	81 30       	cpi	r24, 0x01	; 1
    1002:	a9 f5       	brne	.+106    	; 0x106e <__DATA_REGION_LENGTH__+0x6e>
	{
		idle_counter++;
    1004:	80 91 f8 02 	lds	r24, 0x02F8	; 0x8002f8 <idle_counter>
    1008:	90 91 f9 02 	lds	r25, 0x02F9	; 0x8002f9 <idle_counter+0x1>
    100c:	a0 91 fa 02 	lds	r26, 0x02FA	; 0x8002fa <idle_counter+0x2>
    1010:	b0 91 fb 02 	lds	r27, 0x02FB	; 0x8002fb <idle_counter+0x3>
    1014:	01 96       	adiw	r24, 0x01	; 1
    1016:	a1 1d       	adc	r26, r1
    1018:	b1 1d       	adc	r27, r1
    101a:	80 93 f8 02 	sts	0x02F8, r24	; 0x8002f8 <idle_counter>
    101e:	90 93 f9 02 	sts	0x02F9, r25	; 0x8002f9 <idle_counter+0x1>
    1022:	a0 93 fa 02 	sts	0x02FA, r26	; 0x8002fa <idle_counter+0x2>
    1026:	b0 93 fb 02 	sts	0x02FB, r27	; 0x8002fb <idle_counter+0x3>
		if (++keypad_counter >= 60)
    102a:	80 91 fc 02 	lds	r24, 0x02FC	; 0x8002fc <keypad_counter>
    102e:	90 91 fd 02 	lds	r25, 0x02FD	; 0x8002fd <keypad_counter+0x1>
    1032:	a0 91 fe 02 	lds	r26, 0x02FE	; 0x8002fe <keypad_counter+0x2>
    1036:	b0 91 ff 02 	lds	r27, 0x02FF	; 0x8002ff <keypad_counter+0x3>
    103a:	01 96       	adiw	r24, 0x01	; 1
    103c:	a1 1d       	adc	r26, r1
    103e:	b1 1d       	adc	r27, r1
    1040:	80 93 fc 02 	sts	0x02FC, r24	; 0x8002fc <keypad_counter>
    1044:	90 93 fd 02 	sts	0x02FD, r25	; 0x8002fd <keypad_counter+0x1>
    1048:	a0 93 fe 02 	sts	0x02FE, r26	; 0x8002fe <keypad_counter+0x2>
    104c:	b0 93 ff 02 	sts	0x02FF, r27	; 0x8002ff <keypad_counter+0x3>
    1050:	cc 97       	sbiw	r24, 0x3c	; 60
    1052:	a1 05       	cpc	r26, r1
    1054:	b1 05       	cpc	r27, r1
    1056:	58 f0       	brcs	.+22     	; 0x106e <__DATA_REGION_LENGTH__+0x6e>
		{
			keypad_counter = 0;
    1058:	10 92 fc 02 	sts	0x02FC, r1	; 0x8002fc <keypad_counter>
    105c:	10 92 fd 02 	sts	0x02FD, r1	; 0x8002fd <keypad_counter+0x1>
    1060:	10 92 fe 02 	sts	0x02FE, r1	; 0x8002fe <keypad_counter+0x2>
    1064:	10 92 ff 02 	sts	0x02FF, r1	; 0x8002ff <keypad_counter+0x3>
			uint8_t keydata = keypad_scan();
    1068:	bf de       	rcall	.-642    	; 0xde8 <keypad_scan>
			if (keydata != 0) insert_queue(keydata);
    106a:	81 11       	cpse	r24, r1
    106c:	54 d1       	rcall	.+680    	; 0x1316 <insert_queue>
		}
	}
}
    106e:	ff 91       	pop	r31
    1070:	ef 91       	pop	r30
    1072:	bf 91       	pop	r27
    1074:	af 91       	pop	r26
    1076:	9f 91       	pop	r25
    1078:	8f 91       	pop	r24
    107a:	7f 91       	pop	r23
    107c:	6f 91       	pop	r22
    107e:	5f 91       	pop	r21
    1080:	4f 91       	pop	r20
    1082:	3f 91       	pop	r19
    1084:	2f 91       	pop	r18
    1086:	0f 90       	pop	r0
    1088:	0b be       	out	0x3b, r0	; 59
    108a:	0f 90       	pop	r0
    108c:	0f be       	out	0x3f, r0	; 63
    108e:	0f 90       	pop	r0
    1090:	1f 90       	pop	r1
    1092:	18 95       	reti

00001094 <minus_specific_value>:
		}
	}
}

void minus_specific_value(t_ds1307* ds1307)
{
    1094:	fc 01       	movw	r30, r24
	switch (chg_clock_stat)
    1096:	90 91 00 03 	lds	r25, 0x0300	; 0x800300 <chg_clock_stat>
    109a:	93 30       	cpi	r25, 0x03	; 3
    109c:	a1 f0       	breq	.+40     	; 0x10c6 <minus_specific_value+0x32>
    109e:	28 f4       	brcc	.+10     	; 0x10aa <minus_specific_value+0x16>
    10a0:	91 30       	cpi	r25, 0x01	; 1
    10a2:	49 f0       	breq	.+18     	; 0x10b6 <minus_specific_value+0x22>
    10a4:	92 30       	cpi	r25, 0x02	; 2
    10a6:	59 f0       	breq	.+22     	; 0x10be <minus_specific_value+0x2a>
    10a8:	08 95       	ret
    10aa:	95 30       	cpi	r25, 0x05	; 5
    10ac:	a1 f0       	breq	.+40     	; 0x10d6 <minus_specific_value+0x42>
    10ae:	78 f0       	brcs	.+30     	; 0x10ce <minus_specific_value+0x3a>
    10b0:	96 30       	cpi	r25, 0x06	; 6
    10b2:	a9 f0       	breq	.+42     	; 0x10de <minus_specific_value+0x4a>
    10b4:	08 95       	ret
	{
		case NOTHING:
			// keypad 기반으로 수정하는 기능
			break;
		case CHG_YY:
			ds1307->year--;
    10b6:	86 81       	ldd	r24, Z+6	; 0x06
    10b8:	81 50       	subi	r24, 0x01	; 1
    10ba:	86 83       	std	Z+6, r24	; 0x06
			break;
    10bc:	08 95       	ret
		case CHG_MM:
			ds1307->month--;
    10be:	84 81       	ldd	r24, Z+4	; 0x04
    10c0:	81 50       	subi	r24, 0x01	; 1
    10c2:	84 83       	std	Z+4, r24	; 0x04
			break;
    10c4:	08 95       	ret
		case CHG_DD:
			ds1307->date--;
    10c6:	83 81       	ldd	r24, Z+3	; 0x03
    10c8:	81 50       	subi	r24, 0x01	; 1
    10ca:	83 83       	std	Z+3, r24	; 0x03
			break;
    10cc:	08 95       	ret
		case CHG_HOUR:
			ds1307->hours--;
    10ce:	82 81       	ldd	r24, Z+2	; 0x02
    10d0:	81 50       	subi	r24, 0x01	; 1
    10d2:	82 83       	std	Z+2, r24	; 0x02
			break;
    10d4:	08 95       	ret
		case CHG_MIN:
			ds1307->minutes--;
    10d6:	81 81       	ldd	r24, Z+1	; 0x01
    10d8:	81 50       	subi	r24, 0x01	; 1
    10da:	81 83       	std	Z+1, r24	; 0x01
			break;
    10dc:	08 95       	ret
		case CHG_SEC:
			ds1307->seconds--;
    10de:	80 81       	ld	r24, Z
    10e0:	81 50       	subi	r24, 0x01	; 1
    10e2:	80 83       	st	Z, r24
    10e4:	08 95       	ret

000010e6 <plus_specific_value>:
			break;
	}
}

void plus_specific_value(t_ds1307* ds1307)
{
    10e6:	fc 01       	movw	r30, r24
	switch (chg_clock_stat)
    10e8:	90 91 00 03 	lds	r25, 0x0300	; 0x800300 <chg_clock_stat>
    10ec:	93 30       	cpi	r25, 0x03	; 3
    10ee:	a1 f0       	breq	.+40     	; 0x1118 <__stack+0x19>
    10f0:	28 f4       	brcc	.+10     	; 0x10fc <plus_specific_value+0x16>
    10f2:	91 30       	cpi	r25, 0x01	; 1
    10f4:	49 f0       	breq	.+18     	; 0x1108 <__stack+0x9>
    10f6:	92 30       	cpi	r25, 0x02	; 2
    10f8:	59 f0       	breq	.+22     	; 0x1110 <__stack+0x11>
    10fa:	08 95       	ret
    10fc:	95 30       	cpi	r25, 0x05	; 5
    10fe:	a1 f0       	breq	.+40     	; 0x1128 <__stack+0x29>
    1100:	78 f0       	brcs	.+30     	; 0x1120 <__stack+0x21>
    1102:	96 30       	cpi	r25, 0x06	; 6
    1104:	a9 f0       	breq	.+42     	; 0x1130 <__stack+0x31>
    1106:	08 95       	ret
	{
		case NOTHING:
			// keypad 기반으로 수정하는 기능
			break;
		case CHG_YY:
			ds1307->year++;
    1108:	86 81       	ldd	r24, Z+6	; 0x06
    110a:	8f 5f       	subi	r24, 0xFF	; 255
    110c:	86 83       	std	Z+6, r24	; 0x06
			break;
    110e:	08 95       	ret
		case CHG_MM:
			ds1307->month++;
    1110:	84 81       	ldd	r24, Z+4	; 0x04
    1112:	8f 5f       	subi	r24, 0xFF	; 255
    1114:	84 83       	std	Z+4, r24	; 0x04
			break;
    1116:	08 95       	ret
		case CHG_DD:
			ds1307->date++;
    1118:	83 81       	ldd	r24, Z+3	; 0x03
    111a:	8f 5f       	subi	r24, 0xFF	; 255
    111c:	83 83       	std	Z+3, r24	; 0x03
			break;
    111e:	08 95       	ret
		case CHG_HOUR:
			ds1307->hours++;
    1120:	82 81       	ldd	r24, Z+2	; 0x02
    1122:	8f 5f       	subi	r24, 0xFF	; 255
    1124:	82 83       	std	Z+2, r24	; 0x02
			break;
    1126:	08 95       	ret
		case CHG_MIN:
			ds1307->minutes++;
    1128:	81 81       	ldd	r24, Z+1	; 0x01
    112a:	8f 5f       	subi	r24, 0xFF	; 255
    112c:	81 83       	std	Z+1, r24	; 0x01
			break;
    112e:	08 95       	ret
		case CHG_SEC:
			ds1307->seconds++;
    1130:	80 81       	ld	r24, Z
    1132:	8f 5f       	subi	r24, 0xFF	; 255
    1134:	80 83       	st	Z, r24
    1136:	08 95       	ret

00001138 <init_timer0>:
}


void init_timer0(void)
{
	TCNT0 = 6;   // TCNT0 6~256 : 250개 펄스 count하기 위해 
    1138:	86 e0       	ldi	r24, 0x06	; 6
    113a:	82 bf       	out	0x32, r24	; 50
	
	TCCR0 &= ~(1 << CS02 | 1 << CS01 | 1 << CS00);   // 
    113c:	83 b7       	in	r24, 0x33	; 51
    113e:	88 7f       	andi	r24, 0xF8	; 248
    1140:	83 bf       	out	0x33, r24	; 51
	TCCR0 |= 1 << CS02 | 0 << CS01 | 0 << CS00;   // 64분주  
    1142:	83 b7       	in	r24, 0x33	; 51
    1144:	84 60       	ori	r24, 0x04	; 4
    1146:	83 bf       	out	0x33, r24	; 51
	TIMSK |= 1 << TOIE0;     // TIMER0 Overflow INT 
    1148:	87 b7       	in	r24, 0x37	; 55
    114a:	81 60       	ori	r24, 0x01	; 1
    114c:	87 bf       	out	0x37, r24	; 55
    114e:	08 95       	ret

00001150 <main>:
		}
	}
}

int main(void)
{
    1150:	cf 93       	push	r28
    1152:	df 93       	push	r29
    1154:	cd b7       	in	r28, 0x3d	; 61
    1156:	de b7       	in	r29, 0x3e	; 62
    1158:	29 97       	sbiw	r28, 0x09	; 9
    115a:	0f b6       	in	r0, 0x3f	; 63
    115c:	f8 94       	cli
    115e:	de bf       	out	0x3e, r29	; 62
    1160:	0f be       	out	0x3f, r0	; 63
    1162:	cd bf       	out	0x3d, r28	; 61
	char lcd_buf[32];
	t_ds1307 data;
	t_ds1307 *ds1307 = &data;   // main() 지역변수, while(1) 동안 계속 살아있음

	stdout = &OUTPUT;
    1164:	8f e1       	ldi	r24, 0x1F	; 31
    1166:	91 e0       	ldi	r25, 0x01	; 1
    1168:	90 93 91 06 	sts	0x0691, r25	; 0x800691 <__iob+0x3>
    116c:	80 93 90 06 	sts	0x0690, r24	; 0x800690 <__iob+0x2>
	sei();                       // UART RX 인터럽트 쓰므로 전역 인터럽트 활성화 필수
    1170:	78 94       	sei

	init_timer0();
    1172:	e2 df       	rcall	.-60     	; 0x1138 <init_timer0>
	LCD_init();
    1174:	d4 de       	rcall	.-600    	; 0xf1e <LCD_init>
    1176:	ce 01       	movw	r24, r28
	ds1307_init(ds1307);         // 1회 초기화
    1178:	01 96       	adiw	r24, 0x01	; 1
    117a:	7c dc       	rcall	.-1800   	; 0xa74 <ds1307_init>
    117c:	67 e0       	ldi	r22, 0x07	; 7
	
	// 현 문제: clk mode > chg clk mode 바꾸면 자동으로 다시 clk mode로 감.
	while (1)
	{
		// trouble shooting) btn4 배선을 안 하고 해서 이 부분에서 에러가 나서 여러번 눌러야 넘어갔다. >> 코드 실습할 때, 배선이 된 부분에 대한 코드만 넣어서 에러나지 않도록 해야함.
		if(get_button(BUTTON4, BUTTON4PIN))
    117e:	70 e0       	ldi	r23, 0x00	; 0
    1180:	84 e0       	ldi	r24, 0x04	; 4
    1182:	90 e0       	ldi	r25, 0x00	; 0
    1184:	0e 94 6c 00 	call	0xd8	; 0xd8 <get_button>
    1188:	89 2b       	or	r24, r25
    118a:	39 f0       	breq	.+14     	; 0x119a <main+0x4a>
    118c:	81 e0       	ldi	r24, 0x01	; 1
		{
			program_stat = program_stat == RTC_CLOCK ? CALCULATOR : RTC_CLOCK;
    118e:	90 91 01 03 	lds	r25, 0x0301	; 0x800301 <program_stat>
    1192:	91 11       	cpse	r25, r1
    1194:	80 e0       	ldi	r24, 0x00	; 0
    1196:	80 93 01 03 	sts	0x0301, r24	; 0x800301 <program_stat>
    119a:	66 e0       	ldi	r22, 0x06	; 6
		}
		
		// BTN3이 눌림 > print_chg_mode(ds1307);
		// BTN3눌린 상태에서 BTN2가 눌리면 CHG_DATE / CHG_TIME 이렇게 뜨는거.	* chg_clock_stat 사용(한번 BTN2로 오면 계속 설정 선택만. BTN3 눌렸을때 NOTHING으로 설정)
		if(get_button(BUTTON3, BUTTON3PIN) && (program_stat == RTC_CLOCK || program_stat == RTC_CHG_MODE)){	// 이땐 NOTHING
    119c:	70 e0       	ldi	r23, 0x00	; 0
    119e:	83 e0       	ldi	r24, 0x03	; 3
    11a0:	90 e0       	ldi	r25, 0x00	; 0
    11a2:	0e 94 6c 00 	call	0xd8	; 0xd8 <get_button>
    11a6:	89 2b       	or	r24, r25
    11a8:	79 f0       	breq	.+30     	; 0x11c8 <main+0x78>
    11aa:	80 91 01 03 	lds	r24, 0x0301	; 0x800301 <program_stat>
    11ae:	88 23       	and	r24, r24
    11b0:	11 f0       	breq	.+4      	; 0x11b6 <main+0x66>
    11b2:	82 30       	cpi	r24, 0x02	; 2
    11b4:	49 f4       	brne	.+18     	; 0x11c8 <main+0x78>
    11b6:	10 92 00 03 	sts	0x0300, r1	; 0x800300 <chg_clock_stat>
			chg_clock_stat = NOTHING;
    11ba:	81 11       	cpse	r24, r1
			program_stat = program_stat == RTC_CLOCK ? RTC_CHG_MODE : RTC_CLOCK;
    11bc:	02 c0       	rjmp	.+4      	; 0x11c2 <main+0x72>
    11be:	82 e0       	ldi	r24, 0x02	; 2
    11c0:	01 c0       	rjmp	.+2      	; 0x11c4 <main+0x74>
    11c2:	80 e0       	ldi	r24, 0x00	; 0
    11c4:	80 93 01 03 	sts	0x0301, r24	; 0x800301 <program_stat>
    11c8:	65 e0       	ldi	r22, 0x05	; 5
		} 
		if(get_button(BUTTON2, BUTTON2PIN) && program_stat == RTC_CHG_MODE){
    11ca:	70 e0       	ldi	r23, 0x00	; 0
    11cc:	82 e0       	ldi	r24, 0x02	; 2
    11ce:	90 e0       	ldi	r25, 0x00	; 0
    11d0:	0e 94 6c 00 	call	0xd8	; 0xd8 <get_button>
    11d4:	89 2b       	or	r24, r25
    11d6:	71 f0       	breq	.+28     	; 0x11f4 <main+0xa4>
    11d8:	80 91 01 03 	lds	r24, 0x0301	; 0x800301 <program_stat>
    11dc:	82 30       	cpi	r24, 0x02	; 2
    11de:	51 f4       	brne	.+20     	; 0x11f4 <main+0xa4>
    11e0:	80 91 00 03 	lds	r24, 0x0300	; 0x800300 <chg_clock_stat>
			switch (chg_clock_stat)
    11e4:	86 30       	cpi	r24, 0x06	; 6
    11e6:	19 f4       	brne	.+6      	; 0x11ee <main+0x9e>
    11e8:	10 92 00 03 	sts	0x0300, r1	; 0x800300 <chg_clock_stat>
			{
				// yy mm dd hh min sec
				case CHG_SEC:
					chg_clock_stat = NOTHING;
    11ec:	03 c0       	rjmp	.+6      	; 0x11f4 <main+0xa4>
					break;
    11ee:	8f 5f       	subi	r24, 0xFF	; 255
				default:
					chg_clock_stat++;
    11f0:	80 93 00 03 	sts	0x0300, r24	; 0x800300 <chg_clock_stat>
    11f4:	63 e0       	ldi	r22, 0x03	; 3
					break;
			}
		} 
		if(get_button(BUTTON0, BUTTON0PIN) && program_stat == RTC_CHG_MODE)
    11f6:	70 e0       	ldi	r23, 0x00	; 0
    11f8:	80 e0       	ldi	r24, 0x00	; 0
    11fa:	90 e0       	ldi	r25, 0x00	; 0
    11fc:	0e 94 6c 00 	call	0xd8	; 0xd8 <get_button>
    1200:	89 2b       	or	r24, r25
    1202:	69 f0       	breq	.+26     	; 0x121e <main+0xce>
    1204:	80 91 01 03 	lds	r24, 0x0301	; 0x800301 <program_stat>
    1208:	82 30       	cpi	r24, 0x02	; 2
    120a:	49 f4       	brne	.+18     	; 0x121e <main+0xce>
		{
			minus_specific_value(ds1307);
    120c:	ce 01       	movw	r24, r28
    120e:	01 96       	adiw	r24, 0x01	; 1
    1210:	41 df       	rcall	.-382    	; 0x1094 <minus_specific_value>
    1212:	81 e0       	ldi	r24, 0x01	; 1
			rtc_update_flag = 1;
    1214:	90 e0       	ldi	r25, 0x00	; 0
    1216:	90 93 05 03 	sts	0x0305, r25	; 0x800305 <rtc_update_flag+0x1>
    121a:	80 93 04 03 	sts	0x0304, r24	; 0x800304 <rtc_update_flag>
    121e:	64 e0       	ldi	r22, 0x04	; 4
		} 
		if(get_button(BUTTON1, BUTTON1PIN) && program_stat == RTC_CHG_MODE)
    1220:	70 e0       	ldi	r23, 0x00	; 0
    1222:	81 e0       	ldi	r24, 0x01	; 1
    1224:	90 e0       	ldi	r25, 0x00	; 0
    1226:	0e 94 6c 00 	call	0xd8	; 0xd8 <get_button>
    122a:	89 2b       	or	r24, r25
    122c:	69 f0       	breq	.+26     	; 0x1248 <main+0xf8>
    122e:	80 91 01 03 	lds	r24, 0x0301	; 0x800301 <program_stat>
    1232:	82 30       	cpi	r24, 0x02	; 2
    1234:	49 f4       	brne	.+18     	; 0x1248 <main+0xf8>
		{
			plus_specific_value(ds1307);
    1236:	ce 01       	movw	r24, r28
    1238:	01 96       	adiw	r24, 0x01	; 1
    123a:	55 df       	rcall	.-342    	; 0x10e6 <plus_specific_value>
    123c:	81 e0       	ldi	r24, 0x01	; 1
			rtc_update_flag = 1;
    123e:	90 e0       	ldi	r25, 0x00	; 0
    1240:	90 93 05 03 	sts	0x0305, r25	; 0x800305 <rtc_update_flag+0x1>
    1244:	80 93 04 03 	sts	0x0304, r24	; 0x800304 <rtc_update_flag>
    1248:	20 91 01 03 	lds	r18, 0x0301	; 0x800301 <program_stat>
		}

		if(program_stat == RTC_CLOCK || program_stat == RTC_CHG_MODE /* || chg_clock_stat != NOTHING */){
    124c:	22 23       	and	r18, r18
    124e:	11 f0       	breq	.+4      	; 0x1254 <main+0x104>
    1250:	22 30       	cpi	r18, 0x02	; 2
    1252:	39 f4       	brne	.+14     	; 0x1262 <main+0x112>
			ds1307_main(ds1307);	// 값 리뉴얼
    1254:	ce 01       	movw	r24, r28
    1256:	01 96       	adiw	r24, 0x01	; 1
    1258:	19 dc       	rcall	.-1998   	; 0xa8c <ds1307_main>
			print_calendar(ds1307);
    125a:	ce 01       	movw	r24, r28
    125c:	01 96       	adiw	r24, 0x01	; 1
    125e:	4d dc       	rcall	.-1894   	; 0xafa <print_calendar>
    1260:	8d cf       	rjmp	.-230    	; 0x117c <main+0x2c>
    1262:	21 30       	cpi	r18, 0x01	; 1
		} else if(program_stat == CALCULATOR)
    1264:	09 f0       	breq	.+2      	; 0x1268 <main+0x118>
    1266:	8a cf       	rjmp	.-236    	; 0x117c <main+0x2c>
    1268:	1c c0       	rjmp	.+56     	; 0x12a2 <main+0x152>
    126a:	40 91 28 06 	lds	r20, 0x0628	; 0x800628 <front>
		{
			// 계산기 모드 중엔 들어온 PC 명령을 그냥 비워버림 (반영 안 시키고 버림)
			while (front != rear) {
				memset((void*)rx_buff[front], 0, sizeof(rx_buff[front]));
    126e:	50 91 29 06 	lds	r21, 0x0629	; 0x800629 <front+0x1>
    1272:	80 e5       	ldi	r24, 0x50	; 80
    1274:	84 9f       	mul	r24, r20
    1276:	f0 01       	movw	r30, r0
    1278:	85 9f       	mul	r24, r21
    127a:	f0 0d       	add	r31, r0
    127c:	11 24       	eor	r1, r1
    127e:	e8 5f       	subi	r30, 0xF8	; 248
    1280:	fc 4f       	sbci	r31, 0xFC	; 252
    1282:	df 01       	movw	r26, r30
    1284:	1d 92       	st	X+, r1
    1286:	8a 95       	dec	r24
    1288:	e9 f7       	brne	.-6      	; 0x1284 <main+0x134>
    128a:	80 91 28 06 	lds	r24, 0x0628	; 0x800628 <front>
				front = (front + 1) % QUEUE_SIZE;
    128e:	90 91 29 06 	lds	r25, 0x0629	; 0x800629 <front+0x1>
    1292:	01 96       	adiw	r24, 0x01	; 1
    1294:	6a e0       	ldi	r22, 0x0A	; 10
    1296:	70 e0       	ldi	r23, 0x00	; 0
    1298:	c4 d1       	rcall	.+904    	; 0x1622 <__divmodhi4>
    129a:	90 93 29 06 	sts	0x0629, r25	; 0x800629 <front+0x1>
    129e:	80 93 28 06 	sts	0x0628, r24	; 0x800628 <front>
    12a2:	40 91 28 06 	lds	r20, 0x0628	; 0x800628 <front>
			ds1307_main(ds1307);	// 값 리뉴얼
			print_calendar(ds1307);
		} else if(program_stat == CALCULATOR)
		{
			// 계산기 모드 중엔 들어온 PC 명령을 그냥 비워버림 (반영 안 시키고 버림)
			while (front != rear) {
    12a6:	50 91 29 06 	lds	r21, 0x0629	; 0x800629 <front+0x1>
    12aa:	80 91 06 03 	lds	r24, 0x0306	; 0x800306 <rear>
    12ae:	90 91 07 03 	lds	r25, 0x0307	; 0x800307 <rear+0x1>
    12b2:	48 17       	cp	r20, r24
    12b4:	59 07       	cpc	r21, r25
    12b6:	c9 f6       	brne	.-78     	; 0x126a <main+0x11a>
				memset((void*)rx_buff[front], 0, sizeof(rx_buff[front]));
				front = (front + 1) % QUEUE_SIZE;
			}

			cal_main(&idle_counter, TIMEOUT_MS, program_stat);
    12b8:	30 e0       	ldi	r19, 0x00	; 0
    12ba:	40 e6       	ldi	r20, 0x60	; 96
    12bc:	5a ee       	ldi	r21, 0xEA	; 234
    12be:	60 e0       	ldi	r22, 0x00	; 0
    12c0:	70 e0       	ldi	r23, 0x00	; 0
    12c2:	88 ef       	ldi	r24, 0xF8	; 248
    12c4:	92 e0       	ldi	r25, 0x02	; 2
    12c6:	bf da       	rcall	.-2690   	; 0x846 <cal_main>
    12c8:	59 cf       	rjmp	.-334    	; 0x117c <main+0x2c>

000012ca <queue_full>:
    12ca:	80 91 2d 01 	lds	r24, 0x012D	; 0x80012d <circular_rear>
}

void queue_init()  // queue가 텅 빈경우 fron와 circular_rear가 동일한 위치를 가리틴다.
{
	circular_front=-1;   // read index
	circular_rear=-1;    // insert index	
    12ce:	90 91 2e 01 	lds	r25, 0x012E	; 0x80012e <circular_rear+0x1>
    12d2:	01 96       	adiw	r24, 0x01	; 1
    12d4:	64 e6       	ldi	r22, 0x64	; 100
    12d6:	70 e0       	ldi	r23, 0x00	; 0
    12d8:	a4 d1       	rcall	.+840    	; 0x1622 <__divmodhi4>
    12da:	20 91 2f 01 	lds	r18, 0x012F	; 0x80012f <circular_front>
    12de:	30 91 30 01 	lds	r19, 0x0130	; 0x800130 <circular_front+0x1>
    12e2:	82 17       	cp	r24, r18
    12e4:	93 07       	cpc	r25, r19
    12e6:	19 f4       	brne	.+6      	; 0x12ee <queue_full+0x24>
    12e8:	81 e0       	ldi	r24, 0x01	; 1
    12ea:	90 e0       	ldi	r25, 0x00	; 0
    12ec:	08 95       	ret
    12ee:	80 e0       	ldi	r24, 0x00	; 0
    12f0:	90 e0       	ldi	r25, 0x00	; 0
    12f2:	08 95       	ret

000012f4 <queue_empty>:
    12f4:	20 91 2d 01 	lds	r18, 0x012D	; 0x80012d <circular_rear>
    12f8:	30 91 2e 01 	lds	r19, 0x012E	; 0x80012e <circular_rear+0x1>
    12fc:	80 91 2f 01 	lds	r24, 0x012F	; 0x80012f <circular_front>
    1300:	90 91 30 01 	lds	r25, 0x0130	; 0x800130 <circular_front+0x1>
    1304:	28 17       	cp	r18, r24
    1306:	39 07       	cpc	r19, r25
    1308:	19 f4       	brne	.+6      	; 0x1310 <queue_empty+0x1c>
    130a:	81 e0       	ldi	r24, 0x01	; 1
    130c:	90 e0       	ldi	r25, 0x00	; 0
    130e:	08 95       	ret
    1310:	80 e0       	ldi	r24, 0x00	; 0
    1312:	90 e0       	ldi	r25, 0x00	; 0
    1314:	08 95       	ret

00001316 <insert_queue>:
}

void insert_queue(uint8_t value)
{
    1316:	cf 93       	push	r28
    1318:	c8 2f       	mov	r28, r24
	if (queue_full())
    131a:	d7 df       	rcall	.-82     	; 0x12ca <queue_full>
    131c:	89 2b       	or	r24, r25
    131e:	21 f0       	breq	.+8      	; 0x1328 <insert_queue+0x12>
	{
		printf("queue full!!!!\n");
    1320:	86 e8       	ldi	r24, 0x86	; 134
    1322:	92 e0       	ldi	r25, 0x02	; 2
    1324:	22 d2       	rcall	.+1092   	; 0x176a <puts>
		return;
    1326:	10 c0       	rjmp	.+32     	; 0x1348 <insert_queue+0x32>
	}
	else   // save 
	{
		circular_rear = (circular_rear+1) % QUEUE_MAX;
    1328:	80 91 2d 01 	lds	r24, 0x012D	; 0x80012d <circular_rear>
    132c:	90 91 2e 01 	lds	r25, 0x012E	; 0x80012e <circular_rear+0x1>
    1330:	01 96       	adiw	r24, 0x01	; 1
    1332:	64 e6       	ldi	r22, 0x64	; 100
    1334:	70 e0       	ldi	r23, 0x00	; 0
    1336:	75 d1       	rcall	.+746    	; 0x1622 <__divmodhi4>
    1338:	90 93 2e 01 	sts	0x012E, r25	; 0x80012e <circular_rear+0x1>
    133c:	80 93 2d 01 	sts	0x012D, r24	; 0x80012d <circular_rear>
		queue[circular_rear]=value;
    1340:	fc 01       	movw	r30, r24
    1342:	e6 5d       	subi	r30, 0xD6	; 214
    1344:	f9 4f       	sbci	r31, 0xF9	; 249
    1346:	c0 83       	st	Z, r28
	}
}
    1348:	cf 91       	pop	r28
    134a:	08 95       	ret

0000134c <delete_queue>:

uint8_t delete_queue(void)
{
	if (queue_empty())
    134c:	d3 df       	rcall	.-90     	; 0x12f4 <queue_empty>
    134e:	89 2b       	or	r24, r25
    1350:	29 f0       	breq	.+10     	; 0x135c <delete_queue+0x10>
	{
		printf("Queue is empty !!!\n");
    1352:	83 e7       	ldi	r24, 0x73	; 115
    1354:	92 e0       	ldi	r25, 0x02	; 2
    1356:	09 d2       	rcall	.+1042   	; 0x176a <puts>
		return 0;
    1358:	80 e0       	ldi	r24, 0x00	; 0
    135a:	08 95       	ret
	}
	else
	{
		circular_front = (circular_front + 1) % QUEUE_MAX;
    135c:	80 91 2f 01 	lds	r24, 0x012F	; 0x80012f <circular_front>
    1360:	90 91 30 01 	lds	r25, 0x0130	; 0x800130 <circular_front+0x1>
    1364:	01 96       	adiw	r24, 0x01	; 1
    1366:	64 e6       	ldi	r22, 0x64	; 100
    1368:	70 e0       	ldi	r23, 0x00	; 0
    136a:	5b d1       	rcall	.+694    	; 0x1622 <__divmodhi4>
    136c:	90 93 30 01 	sts	0x0130, r25	; 0x800130 <circular_front+0x1>
    1370:	80 93 2f 01 	sts	0x012F, r24	; 0x80012f <circular_front>
		return (queue[circular_front]);
    1374:	fc 01       	movw	r30, r24
    1376:	e6 5d       	subi	r30, 0xD6	; 214
    1378:	f9 4f       	sbci	r31, 0xF9	; 249
    137a:	80 81       	ld	r24, Z
	}
}
    137c:	08 95       	ret

0000137e <is_queue_empty>:

uint8_t is_queue_empty(void)
{
	return (queue_empty() == TRUE);
    137e:	ba df       	rcall	.-140    	; 0x12f4 <queue_empty>
    1380:	21 e0       	ldi	r18, 0x01	; 1
    1382:	01 97       	sbiw	r24, 0x01	; 1
    1384:	09 f0       	breq	.+2      	; 0x1388 <is_queue_empty+0xa>
    1386:	20 e0       	ldi	r18, 0x00	; 0
}
    1388:	82 2f       	mov	r24, r18
    138a:	08 95       	ret

0000138c <__vector_18>:

// p278 표 12-3
// PC로부터 1byte가 들어오면 자동적으로 이곳으로 진입한다.
// led_all_on\n 이면, 11번 이곳으로 진입한다.
ISR(USART0_RX_vect)
{
    138c:	1f 92       	push	r1
    138e:	0f 92       	push	r0
    1390:	0f b6       	in	r0, 0x3f	; 63
    1392:	0f 92       	push	r0
    1394:	11 24       	eor	r1, r1
    1396:	0b b6       	in	r0, 0x3b	; 59
    1398:	0f 92       	push	r0
    139a:	2f 93       	push	r18
    139c:	3f 93       	push	r19
    139e:	4f 93       	push	r20
    13a0:	5f 93       	push	r21
    13a2:	6f 93       	push	r22
    13a4:	7f 93       	push	r23
    13a6:	8f 93       	push	r24
    13a8:	9f 93       	push	r25
    13aa:	af 93       	push	r26
    13ac:	bf 93       	push	r27
    13ae:	ef 93       	push	r30
    13b0:	ff 93       	push	r31
    13b2:	cf 93       	push	r28
    13b4:	df 93       	push	r29
    13b6:	1f 92       	push	r1
    13b8:	cd b7       	in	r28, 0x3d	; 61
    13ba:	de b7       	in	r29, 0x3e	; 62
	volatile uint8_t data;
	volatile static int i=0;
	
	data = UDR0;		// UDR0의 내용이 data에 복사된 후, UDR0의 내용은 빈 상태로 된다.
    13bc:	8c b1       	in	r24, 0x0c	; 12
    13be:	89 83       	std	Y+1, r24	; 0x01
	
	if(data == '\n' || data == '\r')
    13c0:	89 81       	ldd	r24, Y+1	; 0x01
    13c2:	8a 30       	cpi	r24, 0x0A	; 10
    13c4:	19 f0       	breq	.+6      	; 0x13cc <__vector_18+0x40>
    13c6:	89 81       	ldd	r24, Y+1	; 0x01
    13c8:	8d 30       	cpi	r24, 0x0D	; 13
    13ca:	c1 f5       	brne	.+112    	; 0x143c <__vector_18+0xb0>
	{
		if( (rear + 1) % QUEUE_SIZE == front % QUEUE_SIZE)
    13cc:	80 91 06 03 	lds	r24, 0x0306	; 0x800306 <rear>
    13d0:	90 91 07 03 	lds	r25, 0x0307	; 0x800307 <rear+0x1>
    13d4:	01 96       	adiw	r24, 0x01	; 1
    13d6:	2a e0       	ldi	r18, 0x0A	; 10
    13d8:	30 e0       	ldi	r19, 0x00	; 0
    13da:	b9 01       	movw	r22, r18
    13dc:	22 d1       	rcall	.+580    	; 0x1622 <__divmodhi4>
    13de:	fc 01       	movw	r30, r24
    13e0:	80 91 28 06 	lds	r24, 0x0628	; 0x800628 <front>
    13e4:	90 91 29 06 	lds	r25, 0x0629	; 0x800629 <front+0x1>
    13e8:	b9 01       	movw	r22, r18
    13ea:	1b d1       	rcall	.+566    	; 0x1622 <__divmodhi4>
    13ec:	e8 17       	cp	r30, r24
    13ee:	f9 07       	cpc	r31, r25
    13f0:	09 f4       	brne	.+2      	; 0x13f4 <__vector_18+0x68>
    13f2:	53 c0       	rjmp	.+166    	; 0x149a <__vector_18+0x10e>
			return;	//	queue full 상태
			
		rx_buff[rear][i] = '\0';	// 문장의 끝인 null을 넣는다.
    13f4:	20 91 06 03 	lds	r18, 0x0306	; 0x800306 <rear>
    13f8:	30 91 07 03 	lds	r19, 0x0307	; 0x800307 <rear+0x1>
    13fc:	80 91 02 03 	lds	r24, 0x0302	; 0x800302 <i.2110>
    1400:	90 91 03 03 	lds	r25, 0x0303	; 0x800303 <i.2110+0x1>
    1404:	40 e5       	ldi	r20, 0x50	; 80
    1406:	42 9f       	mul	r20, r18
    1408:	f0 01       	movw	r30, r0
    140a:	43 9f       	mul	r20, r19
    140c:	f0 0d       	add	r31, r0
    140e:	11 24       	eor	r1, r1
    1410:	e8 5f       	subi	r30, 0xF8	; 248
    1412:	fc 4f       	sbci	r31, 0xFC	; 252
    1414:	e8 0f       	add	r30, r24
    1416:	f9 1f       	adc	r31, r25
    1418:	10 82       	st	Z, r1
		i=0;	// 다음 string을 저장하기 위해 i=0으로 할당한다.
    141a:	10 92 03 03 	sts	0x0303, r1	; 0x800303 <i.2110+0x1>
    141e:	10 92 02 03 	sts	0x0302, r1	; 0x800302 <i.2110>
		rear = (rear + 1) % QUEUE_SIZE;	// 0 ~ 9
    1422:	80 91 06 03 	lds	r24, 0x0306	; 0x800306 <rear>
    1426:	90 91 07 03 	lds	r25, 0x0307	; 0x800307 <rear+0x1>
    142a:	01 96       	adiw	r24, 0x01	; 1
    142c:	6a e0       	ldi	r22, 0x0A	; 10
    142e:	70 e0       	ldi	r23, 0x00	; 0
    1430:	f8 d0       	rcall	.+496    	; 0x1622 <__divmodhi4>
    1432:	90 93 07 03 	sts	0x0307, r25	; 0x800307 <rear+0x1>
    1436:	80 93 06 03 	sts	0x0306, r24	; 0x800306 <rear>
    143a:	2f c0       	rjmp	.+94     	; 0x149a <__vector_18+0x10e>
	}
	else
	{
		if( (rear + 1) % QUEUE_SIZE == front % QUEUE_SIZE)
    143c:	80 91 06 03 	lds	r24, 0x0306	; 0x800306 <rear>
    1440:	90 91 07 03 	lds	r25, 0x0307	; 0x800307 <rear+0x1>
    1444:	01 96       	adiw	r24, 0x01	; 1
    1446:	2a e0       	ldi	r18, 0x0A	; 10
    1448:	30 e0       	ldi	r19, 0x00	; 0
    144a:	b9 01       	movw	r22, r18
    144c:	ea d0       	rcall	.+468    	; 0x1622 <__divmodhi4>
    144e:	fc 01       	movw	r30, r24
    1450:	80 91 28 06 	lds	r24, 0x0628	; 0x800628 <front>
    1454:	90 91 29 06 	lds	r25, 0x0629	; 0x800629 <front+0x1>
    1458:	b9 01       	movw	r22, r18
    145a:	e3 d0       	rcall	.+454    	; 0x1622 <__divmodhi4>
    145c:	e8 17       	cp	r30, r24
    145e:	f9 07       	cpc	r31, r25
    1460:	e1 f0       	breq	.+56     	; 0x149a <__vector_18+0x10e>
			return;	//	queue full 상태
		
		rx_buff[rear][i++] = data;
    1462:	60 91 06 03 	lds	r22, 0x0306	; 0x800306 <rear>
    1466:	70 91 07 03 	lds	r23, 0x0307	; 0x800307 <rear+0x1>
    146a:	80 91 02 03 	lds	r24, 0x0302	; 0x800302 <i.2110>
    146e:	90 91 03 03 	lds	r25, 0x0303	; 0x800303 <i.2110+0x1>
    1472:	9c 01       	movw	r18, r24
    1474:	2f 5f       	subi	r18, 0xFF	; 255
    1476:	3f 4f       	sbci	r19, 0xFF	; 255
    1478:	30 93 03 03 	sts	0x0303, r19	; 0x800303 <i.2110+0x1>
    147c:	20 93 02 03 	sts	0x0302, r18	; 0x800302 <i.2110>
    1480:	49 81       	ldd	r20, Y+1	; 0x01
    1482:	50 e5       	ldi	r21, 0x50	; 80
    1484:	56 9f       	mul	r21, r22
    1486:	90 01       	movw	r18, r0
    1488:	57 9f       	mul	r21, r23
    148a:	30 0d       	add	r19, r0
    148c:	11 24       	eor	r1, r1
    148e:	28 5f       	subi	r18, 0xF8	; 248
    1490:	3c 4f       	sbci	r19, 0xFC	; 252
    1492:	f9 01       	movw	r30, r18
    1494:	e8 0f       	add	r30, r24
    1496:	f9 1f       	adc	r31, r25
    1498:	40 83       	st	Z, r20
	}
}
    149a:	0f 90       	pop	r0
    149c:	df 91       	pop	r29
    149e:	cf 91       	pop	r28
    14a0:	ff 91       	pop	r31
    14a2:	ef 91       	pop	r30
    14a4:	bf 91       	pop	r27
    14a6:	af 91       	pop	r26
    14a8:	9f 91       	pop	r25
    14aa:	8f 91       	pop	r24
    14ac:	7f 91       	pop	r23
    14ae:	6f 91       	pop	r22
    14b0:	5f 91       	pop	r21
    14b2:	4f 91       	pop	r20
    14b4:	3f 91       	pop	r19
    14b6:	2f 91       	pop	r18
    14b8:	0f 90       	pop	r0
    14ba:	0b be       	out	0x3b, r0	; 59
    14bc:	0f 90       	pop	r0
    14be:	0f be       	out	0x3f, r0	; 63
    14c0:	0f 90       	pop	r0
    14c2:	1f 90       	pop	r1
    14c4:	18 95       	reti

000014c6 <init_uart0>:
2. start / stop 비트 
3. RX(수신): interrupt로 설정
*/
void init_uart0(void)
{
	UBRR0H = 0x00;
    14c6:	10 92 90 00 	sts	0x0090, r1	; 0x800090 <__TEXT_REGION_LENGTH__+0x7e0090>
	UBRR0L = 207;  // 9600bps (표8-9)
    14ca:	8f ec       	ldi	r24, 0xCF	; 207
    14cc:	89 b9       	out	0x09, r24	; 9
	UCSR0A |= 1 << U2X0;  // 2배속 설정 (sampling 8)
    14ce:	8b b1       	in	r24, 0x0b	; 11
    14d0:	82 60       	ori	r24, 0x02	; 2
    14d2:	8b b9       	out	0x0b, r24	; 11
	// UART0 를 송신, 수신이 다 가능하고 RX INT 가 가능하도록 설정한다.
	UCSR0B |= 1 << RXEN0 | 1 << TXEN0 | 1 << RXCIE0;
    14d4:	8a b1       	in	r24, 0x0a	; 10
    14d6:	88 69       	ori	r24, 0x98	; 152
    14d8:	8a b9       	out	0x0a, r24	; 10
    14da:	08 95       	ret

000014dc <UART0_transmit>:
}

// UART0로 1byte 전송하는 함수
void UART0_transmit(uint8_t data)
{
	while(!(UCSR0A & (1 << UDRE0)))	// data가 송신 중이면, 송신이 끝날때까지 기다림.	
    14dc:	5d 9b       	sbis	0x0b, 5	; 11
    14de:	fe cf       	rjmp	.-4      	; 0x14dc <UART0_transmit>
	{
		;	// no operation
	}
	
	UDR0 = data;  // HW 전송 register에 data 송신한다.
    14e0:	8c b9       	out	0x0c, r24	; 12
    14e2:	08 95       	ret

000014e4 <pc_command_processing>:
}

void pc_command_processing(t_ds1307* ds1307)
{
    14e4:	1f 93       	push	r17
    14e6:	cf 93       	push	r28
    14e8:	df 93       	push	r29
	if (front != rear)    // data가 rx_buff에 존재 하는지 check
    14ea:	40 91 28 06 	lds	r20, 0x0628	; 0x800628 <front>
    14ee:	50 91 29 06 	lds	r21, 0x0629	; 0x800629 <front+0x1>
    14f2:	20 91 06 03 	lds	r18, 0x0306	; 0x800306 <rear>
    14f6:	30 91 07 03 	lds	r19, 0x0307	; 0x800307 <rear+0x1>
    14fa:	42 17       	cp	r20, r18
    14fc:	53 07       	cpc	r21, r19
    14fe:	09 f4       	brne	.+2      	; 0x1502 <pc_command_processing+0x1e>
    1500:	7d c0       	rjmp	.+250    	; 0x15fc <pc_command_processing+0x118>
    1502:	ec 01       	movw	r28, r24
	{
		printf("%s", rx_buff[front]);  // printf("%s", &rx_buff[front][0])
    1504:	20 91 28 06 	lds	r18, 0x0628	; 0x800628 <front>
    1508:	30 91 29 06 	lds	r19, 0x0629	; 0x800629 <front+0x1>
    150c:	10 e5       	ldi	r17, 0x50	; 80
    150e:	12 9f       	mul	r17, r18
    1510:	c0 01       	movw	r24, r0
    1512:	13 9f       	mul	r17, r19
    1514:	90 0d       	add	r25, r0
    1516:	11 24       	eor	r1, r1
    1518:	88 5f       	subi	r24, 0xF8	; 248
    151a:	9c 4f       	sbci	r25, 0xFC	; 252
    151c:	9f 93       	push	r25
    151e:	8f 93       	push	r24
    1520:	85 e9       	ldi	r24, 0x95	; 149
    1522:	92 e0       	ldi	r25, 0x02	; 2
    1524:	9f 93       	push	r25
    1526:	8f 93       	push	r24
    1528:	08 d1       	rcall	.+528    	; 0x173a <printf>
		if (strncmp((char *) rx_buff[front], "setrst", 6) == 0)
    152a:	20 91 28 06 	lds	r18, 0x0628	; 0x800628 <front>
    152e:	30 91 29 06 	lds	r19, 0x0629	; 0x800629 <front+0x1>
    1532:	12 9f       	mul	r17, r18
    1534:	c0 01       	movw	r24, r0
    1536:	13 9f       	mul	r17, r19
    1538:	90 0d       	add	r25, r0
    153a:	11 24       	eor	r1, r1
    153c:	46 e0       	ldi	r20, 0x06	; 6
    153e:	50 e0       	ldi	r21, 0x00	; 0
    1540:	68 e9       	ldi	r22, 0x98	; 152
    1542:	72 e0       	ldi	r23, 0x02	; 2
    1544:	88 5f       	subi	r24, 0xF8	; 248
    1546:	9c 4f       	sbci	r25, 0xFC	; 252
    1548:	ea d0       	rcall	.+468    	; 0x171e <strncmp>
    154a:	0f 90       	pop	r0
    154c:	0f 90       	pop	r0
    154e:	0f 90       	pop	r0
    1550:	0f 90       	pop	r0
    1552:	89 2b       	or	r24, r25
    1554:	b9 f5       	brne	.+110    	; 0x15c4 <pc_command_processing+0xe0>
		{
			sscanf(rx_buff[front], "setrst%2hhu%2hhu%2hhu%2hhu%2hhu%2hhu",
    1556:	20 91 28 06 	lds	r18, 0x0628	; 0x800628 <front>
    155a:	30 91 29 06 	lds	r19, 0x0629	; 0x800629 <front+0x1>
    155e:	40 e5       	ldi	r20, 0x50	; 80
    1560:	42 9f       	mul	r20, r18
    1562:	c0 01       	movw	r24, r0
    1564:	43 9f       	mul	r20, r19
    1566:	90 0d       	add	r25, r0
    1568:	11 24       	eor	r1, r1
    156a:	88 5f       	subi	r24, 0xF8	; 248
    156c:	9c 4f       	sbci	r25, 0xFC	; 252
    156e:	df 93       	push	r29
    1570:	cf 93       	push	r28
    1572:	9e 01       	movw	r18, r28
    1574:	2f 5f       	subi	r18, 0xFF	; 255
    1576:	3f 4f       	sbci	r19, 0xFF	; 255
    1578:	3f 93       	push	r19
    157a:	2f 93       	push	r18
    157c:	2f 5f       	subi	r18, 0xFF	; 255
    157e:	3f 4f       	sbci	r19, 0xFF	; 255
    1580:	3f 93       	push	r19
    1582:	2f 93       	push	r18
    1584:	2f 5f       	subi	r18, 0xFF	; 255
    1586:	3f 4f       	sbci	r19, 0xFF	; 255
    1588:	3f 93       	push	r19
    158a:	2f 93       	push	r18
    158c:	2f 5f       	subi	r18, 0xFF	; 255
    158e:	3f 4f       	sbci	r19, 0xFF	; 255
    1590:	3f 93       	push	r19
    1592:	2f 93       	push	r18
    1594:	26 96       	adiw	r28, 0x06	; 6
    1596:	df 93       	push	r29
    1598:	cf 93       	push	r28
    159a:	2f e9       	ldi	r18, 0x9F	; 159
    159c:	32 e0       	ldi	r19, 0x02	; 2
    159e:	3f 93       	push	r19
    15a0:	2f 93       	push	r18
    15a2:	9f 93       	push	r25
    15a4:	8f 93       	push	r24
    15a6:	3f d1       	rcall	.+638    	; 0x1826 <sscanf>
			&ds1307->date,
			&ds1307->hours,
			&ds1307->minutes,
			&ds1307->seconds);

			rtc_update_flag = 1;
    15a8:	81 e0       	ldi	r24, 0x01	; 1
    15aa:	90 e0       	ldi	r25, 0x00	; 0
    15ac:	90 93 05 03 	sts	0x0305, r25	; 0x800305 <rtc_update_flag+0x1>
    15b0:	80 93 04 03 	sts	0x0304, r24	; 0x800304 <rtc_update_flag>
    15b4:	8d b7       	in	r24, 0x3d	; 61
    15b6:	9e b7       	in	r25, 0x3e	; 62
    15b8:	40 96       	adiw	r24, 0x10	; 16
    15ba:	0f b6       	in	r0, 0x3f	; 63
    15bc:	f8 94       	cli
    15be:	9e bf       	out	0x3e, r25	; 62
    15c0:	0f be       	out	0x3f, r0	; 63
    15c2:	8d bf       	out	0x3d, r24	; 61
		}

		memset(rx_buff[front], 0, sizeof(rx_buff[front]));
    15c4:	20 91 28 06 	lds	r18, 0x0628	; 0x800628 <front>
    15c8:	30 91 29 06 	lds	r19, 0x0629	; 0x800629 <front+0x1>
    15cc:	80 e5       	ldi	r24, 0x50	; 80
    15ce:	82 9f       	mul	r24, r18
    15d0:	f0 01       	movw	r30, r0
    15d2:	83 9f       	mul	r24, r19
    15d4:	f0 0d       	add	r31, r0
    15d6:	11 24       	eor	r1, r1
    15d8:	e8 5f       	subi	r30, 0xF8	; 248
    15da:	fc 4f       	sbci	r31, 0xFC	; 252
    15dc:	df 01       	movw	r26, r30
    15de:	1d 92       	st	X+, r1
    15e0:	8a 95       	dec	r24
    15e2:	e9 f7       	brne	.-6      	; 0x15de <pc_command_processing+0xfa>
        
		front = (front + 1) % QUEUE_SIZE;  
    15e4:	80 91 28 06 	lds	r24, 0x0628	; 0x800628 <front>
    15e8:	90 91 29 06 	lds	r25, 0x0629	; 0x800629 <front+0x1>
    15ec:	01 96       	adiw	r24, 0x01	; 1
    15ee:	6a e0       	ldi	r22, 0x0A	; 10
    15f0:	70 e0       	ldi	r23, 0x00	; 0
    15f2:	17 d0       	rcall	.+46     	; 0x1622 <__divmodhi4>
    15f4:	90 93 29 06 	sts	0x0629, r25	; 0x800629 <front+0x1>
    15f8:	80 93 28 06 	sts	0x0628, r24	; 0x800628 <front>
	}
}
    15fc:	df 91       	pop	r29
    15fe:	cf 91       	pop	r28
    1600:	1f 91       	pop	r17
    1602:	08 95       	ret

00001604 <__mulsi3>:
    1604:	db 01       	movw	r26, r22
    1606:	8f 93       	push	r24
    1608:	9f 93       	push	r25
    160a:	3a d0       	rcall	.+116    	; 0x1680 <__muluhisi3>
    160c:	bf 91       	pop	r27
    160e:	af 91       	pop	r26
    1610:	a2 9f       	mul	r26, r18
    1612:	80 0d       	add	r24, r0
    1614:	91 1d       	adc	r25, r1
    1616:	a3 9f       	mul	r26, r19
    1618:	90 0d       	add	r25, r0
    161a:	b2 9f       	mul	r27, r18
    161c:	90 0d       	add	r25, r0
    161e:	11 24       	eor	r1, r1
    1620:	08 95       	ret

00001622 <__divmodhi4>:
    1622:	97 fb       	bst	r25, 7
    1624:	07 2e       	mov	r0, r23
    1626:	16 f4       	brtc	.+4      	; 0x162c <__divmodhi4+0xa>
    1628:	00 94       	com	r0
    162a:	06 d0       	rcall	.+12     	; 0x1638 <__divmodhi4_neg1>
    162c:	77 fd       	sbrc	r23, 7
    162e:	08 d0       	rcall	.+16     	; 0x1640 <__divmodhi4_neg2>
    1630:	31 d0       	rcall	.+98     	; 0x1694 <__udivmodhi4>
    1632:	07 fc       	sbrc	r0, 7
    1634:	05 d0       	rcall	.+10     	; 0x1640 <__divmodhi4_neg2>
    1636:	3e f4       	brtc	.+14     	; 0x1646 <__divmodhi4_exit>

00001638 <__divmodhi4_neg1>:
    1638:	90 95       	com	r25
    163a:	81 95       	neg	r24
    163c:	9f 4f       	sbci	r25, 0xFF	; 255
    163e:	08 95       	ret

00001640 <__divmodhi4_neg2>:
    1640:	70 95       	com	r23
    1642:	61 95       	neg	r22
    1644:	7f 4f       	sbci	r23, 0xFF	; 255

00001646 <__divmodhi4_exit>:
    1646:	08 95       	ret

00001648 <__divmodsi4>:
    1648:	05 2e       	mov	r0, r21
    164a:	97 fb       	bst	r25, 7
    164c:	16 f4       	brtc	.+4      	; 0x1652 <__divmodsi4+0xa>
    164e:	00 94       	com	r0
    1650:	0f d0       	rcall	.+30     	; 0x1670 <__negsi2>
    1652:	57 fd       	sbrc	r21, 7
    1654:	05 d0       	rcall	.+10     	; 0x1660 <__divmodsi4_neg2>
    1656:	32 d0       	rcall	.+100    	; 0x16bc <__udivmodsi4>
    1658:	07 fc       	sbrc	r0, 7
    165a:	02 d0       	rcall	.+4      	; 0x1660 <__divmodsi4_neg2>
    165c:	46 f4       	brtc	.+16     	; 0x166e <__divmodsi4_exit>
    165e:	08 c0       	rjmp	.+16     	; 0x1670 <__negsi2>

00001660 <__divmodsi4_neg2>:
    1660:	50 95       	com	r21
    1662:	40 95       	com	r20
    1664:	30 95       	com	r19
    1666:	21 95       	neg	r18
    1668:	3f 4f       	sbci	r19, 0xFF	; 255
    166a:	4f 4f       	sbci	r20, 0xFF	; 255
    166c:	5f 4f       	sbci	r21, 0xFF	; 255

0000166e <__divmodsi4_exit>:
    166e:	08 95       	ret

00001670 <__negsi2>:
    1670:	90 95       	com	r25
    1672:	80 95       	com	r24
    1674:	70 95       	com	r23
    1676:	61 95       	neg	r22
    1678:	7f 4f       	sbci	r23, 0xFF	; 255
    167a:	8f 4f       	sbci	r24, 0xFF	; 255
    167c:	9f 4f       	sbci	r25, 0xFF	; 255
    167e:	08 95       	ret

00001680 <__muluhisi3>:
    1680:	3f d0       	rcall	.+126    	; 0x1700 <__umulhisi3>
    1682:	a5 9f       	mul	r26, r21
    1684:	90 0d       	add	r25, r0
    1686:	b4 9f       	mul	r27, r20
    1688:	90 0d       	add	r25, r0
    168a:	a4 9f       	mul	r26, r20
    168c:	80 0d       	add	r24, r0
    168e:	91 1d       	adc	r25, r1
    1690:	11 24       	eor	r1, r1
    1692:	08 95       	ret

00001694 <__udivmodhi4>:
    1694:	aa 1b       	sub	r26, r26
    1696:	bb 1b       	sub	r27, r27
    1698:	51 e1       	ldi	r21, 0x11	; 17
    169a:	07 c0       	rjmp	.+14     	; 0x16aa <__udivmodhi4_ep>

0000169c <__udivmodhi4_loop>:
    169c:	aa 1f       	adc	r26, r26
    169e:	bb 1f       	adc	r27, r27
    16a0:	a6 17       	cp	r26, r22
    16a2:	b7 07       	cpc	r27, r23
    16a4:	10 f0       	brcs	.+4      	; 0x16aa <__udivmodhi4_ep>
    16a6:	a6 1b       	sub	r26, r22
    16a8:	b7 0b       	sbc	r27, r23

000016aa <__udivmodhi4_ep>:
    16aa:	88 1f       	adc	r24, r24
    16ac:	99 1f       	adc	r25, r25
    16ae:	5a 95       	dec	r21
    16b0:	a9 f7       	brne	.-22     	; 0x169c <__udivmodhi4_loop>
    16b2:	80 95       	com	r24
    16b4:	90 95       	com	r25
    16b6:	bc 01       	movw	r22, r24
    16b8:	cd 01       	movw	r24, r26
    16ba:	08 95       	ret

000016bc <__udivmodsi4>:
    16bc:	a1 e2       	ldi	r26, 0x21	; 33
    16be:	1a 2e       	mov	r1, r26
    16c0:	aa 1b       	sub	r26, r26
    16c2:	bb 1b       	sub	r27, r27
    16c4:	fd 01       	movw	r30, r26
    16c6:	0d c0       	rjmp	.+26     	; 0x16e2 <__udivmodsi4_ep>

000016c8 <__udivmodsi4_loop>:
    16c8:	aa 1f       	adc	r26, r26
    16ca:	bb 1f       	adc	r27, r27
    16cc:	ee 1f       	adc	r30, r30
    16ce:	ff 1f       	adc	r31, r31
    16d0:	a2 17       	cp	r26, r18
    16d2:	b3 07       	cpc	r27, r19
    16d4:	e4 07       	cpc	r30, r20
    16d6:	f5 07       	cpc	r31, r21
    16d8:	20 f0       	brcs	.+8      	; 0x16e2 <__udivmodsi4_ep>
    16da:	a2 1b       	sub	r26, r18
    16dc:	b3 0b       	sbc	r27, r19
    16de:	e4 0b       	sbc	r30, r20
    16e0:	f5 0b       	sbc	r31, r21

000016e2 <__udivmodsi4_ep>:
    16e2:	66 1f       	adc	r22, r22
    16e4:	77 1f       	adc	r23, r23
    16e6:	88 1f       	adc	r24, r24
    16e8:	99 1f       	adc	r25, r25
    16ea:	1a 94       	dec	r1
    16ec:	69 f7       	brne	.-38     	; 0x16c8 <__udivmodsi4_loop>
    16ee:	60 95       	com	r22
    16f0:	70 95       	com	r23
    16f2:	80 95       	com	r24
    16f4:	90 95       	com	r25
    16f6:	9b 01       	movw	r18, r22
    16f8:	ac 01       	movw	r20, r24
    16fa:	bd 01       	movw	r22, r26
    16fc:	cf 01       	movw	r24, r30
    16fe:	08 95       	ret

00001700 <__umulhisi3>:
    1700:	a2 9f       	mul	r26, r18
    1702:	b0 01       	movw	r22, r0
    1704:	b3 9f       	mul	r27, r19
    1706:	c0 01       	movw	r24, r0
    1708:	a3 9f       	mul	r26, r19
    170a:	70 0d       	add	r23, r0
    170c:	81 1d       	adc	r24, r1
    170e:	11 24       	eor	r1, r1
    1710:	91 1d       	adc	r25, r1
    1712:	b2 9f       	mul	r27, r18
    1714:	70 0d       	add	r23, r0
    1716:	81 1d       	adc	r24, r1
    1718:	11 24       	eor	r1, r1
    171a:	91 1d       	adc	r25, r1
    171c:	08 95       	ret

0000171e <strncmp>:
    171e:	fb 01       	movw	r30, r22
    1720:	dc 01       	movw	r26, r24
    1722:	41 50       	subi	r20, 0x01	; 1
    1724:	50 40       	sbci	r21, 0x00	; 0
    1726:	30 f0       	brcs	.+12     	; 0x1734 <strncmp+0x16>
    1728:	8d 91       	ld	r24, X+
    172a:	01 90       	ld	r0, Z+
    172c:	80 19       	sub	r24, r0
    172e:	19 f4       	brne	.+6      	; 0x1736 <strncmp+0x18>
    1730:	00 20       	and	r0, r0
    1732:	b9 f7       	brne	.-18     	; 0x1722 <strncmp+0x4>
    1734:	88 1b       	sub	r24, r24
    1736:	99 0b       	sbc	r25, r25
    1738:	08 95       	ret

0000173a <printf>:
    173a:	cf 93       	push	r28
    173c:	df 93       	push	r29
    173e:	cd b7       	in	r28, 0x3d	; 61
    1740:	de b7       	in	r29, 0x3e	; 62
    1742:	ae 01       	movw	r20, r28
    1744:	4b 5f       	subi	r20, 0xFB	; 251
    1746:	5f 4f       	sbci	r21, 0xFF	; 255
    1748:	fa 01       	movw	r30, r20
    174a:	61 91       	ld	r22, Z+
    174c:	71 91       	ld	r23, Z+
    174e:	af 01       	movw	r20, r30
    1750:	80 91 90 06 	lds	r24, 0x0690	; 0x800690 <__iob+0x2>
    1754:	90 91 91 06 	lds	r25, 0x0691	; 0x800691 <__iob+0x3>
    1758:	87 d0       	rcall	.+270    	; 0x1868 <vfprintf>
    175a:	df 91       	pop	r29
    175c:	cf 91       	pop	r28
    175e:	08 95       	ret

00001760 <putchar>:
    1760:	60 91 90 06 	lds	r22, 0x0690	; 0x800690 <__iob+0x2>
    1764:	70 91 91 06 	lds	r23, 0x0691	; 0x800691 <__iob+0x3>
    1768:	ac c5       	rjmp	.+2904   	; 0x22c2 <fputc>

0000176a <puts>:
    176a:	0f 93       	push	r16
    176c:	1f 93       	push	r17
    176e:	cf 93       	push	r28
    1770:	df 93       	push	r29
    1772:	e0 91 90 06 	lds	r30, 0x0690	; 0x800690 <__iob+0x2>
    1776:	f0 91 91 06 	lds	r31, 0x0691	; 0x800691 <__iob+0x3>
    177a:	23 81       	ldd	r18, Z+3	; 0x03
    177c:	21 ff       	sbrs	r18, 1
    177e:	1b c0       	rjmp	.+54     	; 0x17b6 <puts+0x4c>
    1780:	8c 01       	movw	r16, r24
    1782:	d0 e0       	ldi	r29, 0x00	; 0
    1784:	c0 e0       	ldi	r28, 0x00	; 0
    1786:	f8 01       	movw	r30, r16
    1788:	81 91       	ld	r24, Z+
    178a:	8f 01       	movw	r16, r30
    178c:	60 91 90 06 	lds	r22, 0x0690	; 0x800690 <__iob+0x2>
    1790:	70 91 91 06 	lds	r23, 0x0691	; 0x800691 <__iob+0x3>
    1794:	db 01       	movw	r26, r22
    1796:	18 96       	adiw	r26, 0x08	; 8
    1798:	ed 91       	ld	r30, X+
    179a:	fc 91       	ld	r31, X
    179c:	19 97       	sbiw	r26, 0x09	; 9
    179e:	88 23       	and	r24, r24
    17a0:	31 f0       	breq	.+12     	; 0x17ae <puts+0x44>
    17a2:	09 95       	icall
    17a4:	89 2b       	or	r24, r25
    17a6:	79 f3       	breq	.-34     	; 0x1786 <puts+0x1c>
    17a8:	df ef       	ldi	r29, 0xFF	; 255
    17aa:	cf ef       	ldi	r28, 0xFF	; 255
    17ac:	ec cf       	rjmp	.-40     	; 0x1786 <puts+0x1c>
    17ae:	8a e0       	ldi	r24, 0x0A	; 10
    17b0:	09 95       	icall
    17b2:	89 2b       	or	r24, r25
    17b4:	19 f0       	breq	.+6      	; 0x17bc <puts+0x52>
    17b6:	8f ef       	ldi	r24, 0xFF	; 255
    17b8:	9f ef       	ldi	r25, 0xFF	; 255
    17ba:	02 c0       	rjmp	.+4      	; 0x17c0 <puts+0x56>
    17bc:	8d 2f       	mov	r24, r29
    17be:	9c 2f       	mov	r25, r28
    17c0:	df 91       	pop	r29
    17c2:	cf 91       	pop	r28
    17c4:	1f 91       	pop	r17
    17c6:	0f 91       	pop	r16
    17c8:	08 95       	ret

000017ca <sprintf>:
    17ca:	0f 93       	push	r16
    17cc:	1f 93       	push	r17
    17ce:	cf 93       	push	r28
    17d0:	df 93       	push	r29
    17d2:	cd b7       	in	r28, 0x3d	; 61
    17d4:	de b7       	in	r29, 0x3e	; 62
    17d6:	2e 97       	sbiw	r28, 0x0e	; 14
    17d8:	0f b6       	in	r0, 0x3f	; 63
    17da:	f8 94       	cli
    17dc:	de bf       	out	0x3e, r29	; 62
    17de:	0f be       	out	0x3f, r0	; 63
    17e0:	cd bf       	out	0x3d, r28	; 61
    17e2:	0d 89       	ldd	r16, Y+21	; 0x15
    17e4:	1e 89       	ldd	r17, Y+22	; 0x16
    17e6:	86 e0       	ldi	r24, 0x06	; 6
    17e8:	8c 83       	std	Y+4, r24	; 0x04
    17ea:	1a 83       	std	Y+2, r17	; 0x02
    17ec:	09 83       	std	Y+1, r16	; 0x01
    17ee:	8f ef       	ldi	r24, 0xFF	; 255
    17f0:	9f e7       	ldi	r25, 0x7F	; 127
    17f2:	9e 83       	std	Y+6, r25	; 0x06
    17f4:	8d 83       	std	Y+5, r24	; 0x05
    17f6:	ae 01       	movw	r20, r28
    17f8:	47 5e       	subi	r20, 0xE7	; 231
    17fa:	5f 4f       	sbci	r21, 0xFF	; 255
    17fc:	6f 89       	ldd	r22, Y+23	; 0x17
    17fe:	78 8d       	ldd	r23, Y+24	; 0x18
    1800:	ce 01       	movw	r24, r28
    1802:	01 96       	adiw	r24, 0x01	; 1
    1804:	31 d0       	rcall	.+98     	; 0x1868 <vfprintf>
    1806:	ef 81       	ldd	r30, Y+7	; 0x07
    1808:	f8 85       	ldd	r31, Y+8	; 0x08
    180a:	e0 0f       	add	r30, r16
    180c:	f1 1f       	adc	r31, r17
    180e:	10 82       	st	Z, r1
    1810:	2e 96       	adiw	r28, 0x0e	; 14
    1812:	0f b6       	in	r0, 0x3f	; 63
    1814:	f8 94       	cli
    1816:	de bf       	out	0x3e, r29	; 62
    1818:	0f be       	out	0x3f, r0	; 63
    181a:	cd bf       	out	0x3d, r28	; 61
    181c:	df 91       	pop	r29
    181e:	cf 91       	pop	r28
    1820:	1f 91       	pop	r17
    1822:	0f 91       	pop	r16
    1824:	08 95       	ret

00001826 <sscanf>:
    1826:	cf 93       	push	r28
    1828:	df 93       	push	r29
    182a:	cd b7       	in	r28, 0x3d	; 61
    182c:	de b7       	in	r29, 0x3e	; 62
    182e:	2e 97       	sbiw	r28, 0x0e	; 14
    1830:	0f b6       	in	r0, 0x3f	; 63
    1832:	f8 94       	cli
    1834:	de bf       	out	0x3e, r29	; 62
    1836:	0f be       	out	0x3f, r0	; 63
    1838:	cd bf       	out	0x3d, r28	; 61
    183a:	85 e0       	ldi	r24, 0x05	; 5
    183c:	8c 83       	std	Y+4, r24	; 0x04
    183e:	8b 89       	ldd	r24, Y+19	; 0x13
    1840:	9c 89       	ldd	r25, Y+20	; 0x14
    1842:	9a 83       	std	Y+2, r25	; 0x02
    1844:	89 83       	std	Y+1, r24	; 0x01
    1846:	ae 01       	movw	r20, r28
    1848:	49 5e       	subi	r20, 0xE9	; 233
    184a:	5f 4f       	sbci	r21, 0xFF	; 255
    184c:	6d 89       	ldd	r22, Y+21	; 0x15
    184e:	7e 89       	ldd	r23, Y+22	; 0x16
    1850:	ce 01       	movw	r24, r28
    1852:	01 96       	adiw	r24, 0x01	; 1
    1854:	b8 d3       	rcall	.+1904   	; 0x1fc6 <vfscanf>
    1856:	2e 96       	adiw	r28, 0x0e	; 14
    1858:	0f b6       	in	r0, 0x3f	; 63
    185a:	f8 94       	cli
    185c:	de bf       	out	0x3e, r29	; 62
    185e:	0f be       	out	0x3f, r0	; 63
    1860:	cd bf       	out	0x3d, r28	; 61
    1862:	df 91       	pop	r29
    1864:	cf 91       	pop	r28
    1866:	08 95       	ret

00001868 <vfprintf>:
    1868:	2f 92       	push	r2
    186a:	3f 92       	push	r3
    186c:	4f 92       	push	r4
    186e:	5f 92       	push	r5
    1870:	6f 92       	push	r6
    1872:	7f 92       	push	r7
    1874:	8f 92       	push	r8
    1876:	9f 92       	push	r9
    1878:	af 92       	push	r10
    187a:	bf 92       	push	r11
    187c:	cf 92       	push	r12
    187e:	df 92       	push	r13
    1880:	ef 92       	push	r14
    1882:	ff 92       	push	r15
    1884:	0f 93       	push	r16
    1886:	1f 93       	push	r17
    1888:	cf 93       	push	r28
    188a:	df 93       	push	r29
    188c:	cd b7       	in	r28, 0x3d	; 61
    188e:	de b7       	in	r29, 0x3e	; 62
    1890:	2b 97       	sbiw	r28, 0x0b	; 11
    1892:	0f b6       	in	r0, 0x3f	; 63
    1894:	f8 94       	cli
    1896:	de bf       	out	0x3e, r29	; 62
    1898:	0f be       	out	0x3f, r0	; 63
    189a:	cd bf       	out	0x3d, r28	; 61
    189c:	6c 01       	movw	r12, r24
    189e:	7b 01       	movw	r14, r22
    18a0:	8a 01       	movw	r16, r20
    18a2:	fc 01       	movw	r30, r24
    18a4:	17 82       	std	Z+7, r1	; 0x07
    18a6:	16 82       	std	Z+6, r1	; 0x06
    18a8:	83 81       	ldd	r24, Z+3	; 0x03
    18aa:	81 ff       	sbrs	r24, 1
    18ac:	bf c1       	rjmp	.+894    	; 0x1c2c <vfprintf+0x3c4>
    18ae:	ce 01       	movw	r24, r28
    18b0:	01 96       	adiw	r24, 0x01	; 1
    18b2:	3c 01       	movw	r6, r24
    18b4:	f6 01       	movw	r30, r12
    18b6:	93 81       	ldd	r25, Z+3	; 0x03
    18b8:	f7 01       	movw	r30, r14
    18ba:	93 fd       	sbrc	r25, 3
    18bc:	85 91       	lpm	r24, Z+
    18be:	93 ff       	sbrs	r25, 3
    18c0:	81 91       	ld	r24, Z+
    18c2:	7f 01       	movw	r14, r30
    18c4:	88 23       	and	r24, r24
    18c6:	09 f4       	brne	.+2      	; 0x18ca <vfprintf+0x62>
    18c8:	ad c1       	rjmp	.+858    	; 0x1c24 <vfprintf+0x3bc>
    18ca:	85 32       	cpi	r24, 0x25	; 37
    18cc:	39 f4       	brne	.+14     	; 0x18dc <vfprintf+0x74>
    18ce:	93 fd       	sbrc	r25, 3
    18d0:	85 91       	lpm	r24, Z+
    18d2:	93 ff       	sbrs	r25, 3
    18d4:	81 91       	ld	r24, Z+
    18d6:	7f 01       	movw	r14, r30
    18d8:	85 32       	cpi	r24, 0x25	; 37
    18da:	21 f4       	brne	.+8      	; 0x18e4 <vfprintf+0x7c>
    18dc:	b6 01       	movw	r22, r12
    18de:	90 e0       	ldi	r25, 0x00	; 0
    18e0:	f0 d4       	rcall	.+2528   	; 0x22c2 <fputc>
    18e2:	e8 cf       	rjmp	.-48     	; 0x18b4 <vfprintf+0x4c>
    18e4:	91 2c       	mov	r9, r1
    18e6:	21 2c       	mov	r2, r1
    18e8:	31 2c       	mov	r3, r1
    18ea:	ff e1       	ldi	r31, 0x1F	; 31
    18ec:	f3 15       	cp	r31, r3
    18ee:	d8 f0       	brcs	.+54     	; 0x1926 <vfprintf+0xbe>
    18f0:	8b 32       	cpi	r24, 0x2B	; 43
    18f2:	79 f0       	breq	.+30     	; 0x1912 <vfprintf+0xaa>
    18f4:	38 f4       	brcc	.+14     	; 0x1904 <vfprintf+0x9c>
    18f6:	80 32       	cpi	r24, 0x20	; 32
    18f8:	79 f0       	breq	.+30     	; 0x1918 <vfprintf+0xb0>
    18fa:	83 32       	cpi	r24, 0x23	; 35
    18fc:	a1 f4       	brne	.+40     	; 0x1926 <vfprintf+0xbe>
    18fe:	23 2d       	mov	r18, r3
    1900:	20 61       	ori	r18, 0x10	; 16
    1902:	1d c0       	rjmp	.+58     	; 0x193e <vfprintf+0xd6>
    1904:	8d 32       	cpi	r24, 0x2D	; 45
    1906:	61 f0       	breq	.+24     	; 0x1920 <vfprintf+0xb8>
    1908:	80 33       	cpi	r24, 0x30	; 48
    190a:	69 f4       	brne	.+26     	; 0x1926 <vfprintf+0xbe>
    190c:	23 2d       	mov	r18, r3
    190e:	21 60       	ori	r18, 0x01	; 1
    1910:	16 c0       	rjmp	.+44     	; 0x193e <vfprintf+0xd6>
    1912:	83 2d       	mov	r24, r3
    1914:	82 60       	ori	r24, 0x02	; 2
    1916:	38 2e       	mov	r3, r24
    1918:	e3 2d       	mov	r30, r3
    191a:	e4 60       	ori	r30, 0x04	; 4
    191c:	3e 2e       	mov	r3, r30
    191e:	2a c0       	rjmp	.+84     	; 0x1974 <vfprintf+0x10c>
    1920:	f3 2d       	mov	r31, r3
    1922:	f8 60       	ori	r31, 0x08	; 8
    1924:	1d c0       	rjmp	.+58     	; 0x1960 <vfprintf+0xf8>
    1926:	37 fc       	sbrc	r3, 7
    1928:	2d c0       	rjmp	.+90     	; 0x1984 <vfprintf+0x11c>
    192a:	20 ed       	ldi	r18, 0xD0	; 208
    192c:	28 0f       	add	r18, r24
    192e:	2a 30       	cpi	r18, 0x0A	; 10
    1930:	40 f0       	brcs	.+16     	; 0x1942 <vfprintf+0xda>
    1932:	8e 32       	cpi	r24, 0x2E	; 46
    1934:	b9 f4       	brne	.+46     	; 0x1964 <vfprintf+0xfc>
    1936:	36 fc       	sbrc	r3, 6
    1938:	75 c1       	rjmp	.+746    	; 0x1c24 <vfprintf+0x3bc>
    193a:	23 2d       	mov	r18, r3
    193c:	20 64       	ori	r18, 0x40	; 64
    193e:	32 2e       	mov	r3, r18
    1940:	19 c0       	rjmp	.+50     	; 0x1974 <vfprintf+0x10c>
    1942:	36 fe       	sbrs	r3, 6
    1944:	06 c0       	rjmp	.+12     	; 0x1952 <vfprintf+0xea>
    1946:	8a e0       	ldi	r24, 0x0A	; 10
    1948:	98 9e       	mul	r9, r24
    194a:	20 0d       	add	r18, r0
    194c:	11 24       	eor	r1, r1
    194e:	92 2e       	mov	r9, r18
    1950:	11 c0       	rjmp	.+34     	; 0x1974 <vfprintf+0x10c>
    1952:	ea e0       	ldi	r30, 0x0A	; 10
    1954:	2e 9e       	mul	r2, r30
    1956:	20 0d       	add	r18, r0
    1958:	11 24       	eor	r1, r1
    195a:	22 2e       	mov	r2, r18
    195c:	f3 2d       	mov	r31, r3
    195e:	f0 62       	ori	r31, 0x20	; 32
    1960:	3f 2e       	mov	r3, r31
    1962:	08 c0       	rjmp	.+16     	; 0x1974 <vfprintf+0x10c>
    1964:	8c 36       	cpi	r24, 0x6C	; 108
    1966:	21 f4       	brne	.+8      	; 0x1970 <vfprintf+0x108>
    1968:	83 2d       	mov	r24, r3
    196a:	80 68       	ori	r24, 0x80	; 128
    196c:	38 2e       	mov	r3, r24
    196e:	02 c0       	rjmp	.+4      	; 0x1974 <vfprintf+0x10c>
    1970:	88 36       	cpi	r24, 0x68	; 104
    1972:	41 f4       	brne	.+16     	; 0x1984 <vfprintf+0x11c>
    1974:	f7 01       	movw	r30, r14
    1976:	93 fd       	sbrc	r25, 3
    1978:	85 91       	lpm	r24, Z+
    197a:	93 ff       	sbrs	r25, 3
    197c:	81 91       	ld	r24, Z+
    197e:	7f 01       	movw	r14, r30
    1980:	81 11       	cpse	r24, r1
    1982:	b3 cf       	rjmp	.-154    	; 0x18ea <vfprintf+0x82>
    1984:	98 2f       	mov	r25, r24
    1986:	9f 7d       	andi	r25, 0xDF	; 223
    1988:	95 54       	subi	r25, 0x45	; 69
    198a:	93 30       	cpi	r25, 0x03	; 3
    198c:	28 f4       	brcc	.+10     	; 0x1998 <vfprintf+0x130>
    198e:	0c 5f       	subi	r16, 0xFC	; 252
    1990:	1f 4f       	sbci	r17, 0xFF	; 255
    1992:	9f e3       	ldi	r25, 0x3F	; 63
    1994:	99 83       	std	Y+1, r25	; 0x01
    1996:	0d c0       	rjmp	.+26     	; 0x19b2 <vfprintf+0x14a>
    1998:	83 36       	cpi	r24, 0x63	; 99
    199a:	31 f0       	breq	.+12     	; 0x19a8 <vfprintf+0x140>
    199c:	83 37       	cpi	r24, 0x73	; 115
    199e:	71 f0       	breq	.+28     	; 0x19bc <vfprintf+0x154>
    19a0:	83 35       	cpi	r24, 0x53	; 83
    19a2:	09 f0       	breq	.+2      	; 0x19a6 <vfprintf+0x13e>
    19a4:	55 c0       	rjmp	.+170    	; 0x1a50 <vfprintf+0x1e8>
    19a6:	20 c0       	rjmp	.+64     	; 0x19e8 <vfprintf+0x180>
    19a8:	f8 01       	movw	r30, r16
    19aa:	80 81       	ld	r24, Z
    19ac:	89 83       	std	Y+1, r24	; 0x01
    19ae:	0e 5f       	subi	r16, 0xFE	; 254
    19b0:	1f 4f       	sbci	r17, 0xFF	; 255
    19b2:	88 24       	eor	r8, r8
    19b4:	83 94       	inc	r8
    19b6:	91 2c       	mov	r9, r1
    19b8:	53 01       	movw	r10, r6
    19ba:	12 c0       	rjmp	.+36     	; 0x19e0 <vfprintf+0x178>
    19bc:	28 01       	movw	r4, r16
    19be:	f2 e0       	ldi	r31, 0x02	; 2
    19c0:	4f 0e       	add	r4, r31
    19c2:	51 1c       	adc	r5, r1
    19c4:	f8 01       	movw	r30, r16
    19c6:	a0 80       	ld	r10, Z
    19c8:	b1 80       	ldd	r11, Z+1	; 0x01
    19ca:	36 fe       	sbrs	r3, 6
    19cc:	03 c0       	rjmp	.+6      	; 0x19d4 <vfprintf+0x16c>
    19ce:	69 2d       	mov	r22, r9
    19d0:	70 e0       	ldi	r23, 0x00	; 0
    19d2:	02 c0       	rjmp	.+4      	; 0x19d8 <vfprintf+0x170>
    19d4:	6f ef       	ldi	r22, 0xFF	; 255
    19d6:	7f ef       	ldi	r23, 0xFF	; 255
    19d8:	c5 01       	movw	r24, r10
    19da:	2a d4       	rcall	.+2132   	; 0x2230 <strnlen>
    19dc:	4c 01       	movw	r8, r24
    19de:	82 01       	movw	r16, r4
    19e0:	f3 2d       	mov	r31, r3
    19e2:	ff 77       	andi	r31, 0x7F	; 127
    19e4:	3f 2e       	mov	r3, r31
    19e6:	15 c0       	rjmp	.+42     	; 0x1a12 <vfprintf+0x1aa>
    19e8:	28 01       	movw	r4, r16
    19ea:	22 e0       	ldi	r18, 0x02	; 2
    19ec:	42 0e       	add	r4, r18
    19ee:	51 1c       	adc	r5, r1
    19f0:	f8 01       	movw	r30, r16
    19f2:	a0 80       	ld	r10, Z
    19f4:	b1 80       	ldd	r11, Z+1	; 0x01
    19f6:	36 fe       	sbrs	r3, 6
    19f8:	03 c0       	rjmp	.+6      	; 0x1a00 <vfprintf+0x198>
    19fa:	69 2d       	mov	r22, r9
    19fc:	70 e0       	ldi	r23, 0x00	; 0
    19fe:	02 c0       	rjmp	.+4      	; 0x1a04 <vfprintf+0x19c>
    1a00:	6f ef       	ldi	r22, 0xFF	; 255
    1a02:	7f ef       	ldi	r23, 0xFF	; 255
    1a04:	c5 01       	movw	r24, r10
    1a06:	09 d4       	rcall	.+2066   	; 0x221a <strnlen_P>
    1a08:	4c 01       	movw	r8, r24
    1a0a:	f3 2d       	mov	r31, r3
    1a0c:	f0 68       	ori	r31, 0x80	; 128
    1a0e:	3f 2e       	mov	r3, r31
    1a10:	82 01       	movw	r16, r4
    1a12:	33 fc       	sbrc	r3, 3
    1a14:	19 c0       	rjmp	.+50     	; 0x1a48 <vfprintf+0x1e0>
    1a16:	82 2d       	mov	r24, r2
    1a18:	90 e0       	ldi	r25, 0x00	; 0
    1a1a:	88 16       	cp	r8, r24
    1a1c:	99 06       	cpc	r9, r25
    1a1e:	a0 f4       	brcc	.+40     	; 0x1a48 <vfprintf+0x1e0>
    1a20:	b6 01       	movw	r22, r12
    1a22:	80 e2       	ldi	r24, 0x20	; 32
    1a24:	90 e0       	ldi	r25, 0x00	; 0
    1a26:	4d d4       	rcall	.+2202   	; 0x22c2 <fputc>
    1a28:	2a 94       	dec	r2
    1a2a:	f5 cf       	rjmp	.-22     	; 0x1a16 <vfprintf+0x1ae>
    1a2c:	f5 01       	movw	r30, r10
    1a2e:	37 fc       	sbrc	r3, 7
    1a30:	85 91       	lpm	r24, Z+
    1a32:	37 fe       	sbrs	r3, 7
    1a34:	81 91       	ld	r24, Z+
    1a36:	5f 01       	movw	r10, r30
    1a38:	b6 01       	movw	r22, r12
    1a3a:	90 e0       	ldi	r25, 0x00	; 0
    1a3c:	42 d4       	rcall	.+2180   	; 0x22c2 <fputc>
    1a3e:	21 10       	cpse	r2, r1
    1a40:	2a 94       	dec	r2
    1a42:	21 e0       	ldi	r18, 0x01	; 1
    1a44:	82 1a       	sub	r8, r18
    1a46:	91 08       	sbc	r9, r1
    1a48:	81 14       	cp	r8, r1
    1a4a:	91 04       	cpc	r9, r1
    1a4c:	79 f7       	brne	.-34     	; 0x1a2c <vfprintf+0x1c4>
    1a4e:	e1 c0       	rjmp	.+450    	; 0x1c12 <vfprintf+0x3aa>
    1a50:	84 36       	cpi	r24, 0x64	; 100
    1a52:	11 f0       	breq	.+4      	; 0x1a58 <vfprintf+0x1f0>
    1a54:	89 36       	cpi	r24, 0x69	; 105
    1a56:	39 f5       	brne	.+78     	; 0x1aa6 <vfprintf+0x23e>
    1a58:	f8 01       	movw	r30, r16
    1a5a:	37 fe       	sbrs	r3, 7
    1a5c:	07 c0       	rjmp	.+14     	; 0x1a6c <vfprintf+0x204>
    1a5e:	60 81       	ld	r22, Z
    1a60:	71 81       	ldd	r23, Z+1	; 0x01
    1a62:	82 81       	ldd	r24, Z+2	; 0x02
    1a64:	93 81       	ldd	r25, Z+3	; 0x03
    1a66:	0c 5f       	subi	r16, 0xFC	; 252
    1a68:	1f 4f       	sbci	r17, 0xFF	; 255
    1a6a:	08 c0       	rjmp	.+16     	; 0x1a7c <vfprintf+0x214>
    1a6c:	60 81       	ld	r22, Z
    1a6e:	71 81       	ldd	r23, Z+1	; 0x01
    1a70:	07 2e       	mov	r0, r23
    1a72:	00 0c       	add	r0, r0
    1a74:	88 0b       	sbc	r24, r24
    1a76:	99 0b       	sbc	r25, r25
    1a78:	0e 5f       	subi	r16, 0xFE	; 254
    1a7a:	1f 4f       	sbci	r17, 0xFF	; 255
    1a7c:	f3 2d       	mov	r31, r3
    1a7e:	ff 76       	andi	r31, 0x6F	; 111
    1a80:	3f 2e       	mov	r3, r31
    1a82:	97 ff       	sbrs	r25, 7
    1a84:	09 c0       	rjmp	.+18     	; 0x1a98 <vfprintf+0x230>
    1a86:	90 95       	com	r25
    1a88:	80 95       	com	r24
    1a8a:	70 95       	com	r23
    1a8c:	61 95       	neg	r22
    1a8e:	7f 4f       	sbci	r23, 0xFF	; 255
    1a90:	8f 4f       	sbci	r24, 0xFF	; 255
    1a92:	9f 4f       	sbci	r25, 0xFF	; 255
    1a94:	f0 68       	ori	r31, 0x80	; 128
    1a96:	3f 2e       	mov	r3, r31
    1a98:	2a e0       	ldi	r18, 0x0A	; 10
    1a9a:	30 e0       	ldi	r19, 0x00	; 0
    1a9c:	a3 01       	movw	r20, r6
    1a9e:	66 d4       	rcall	.+2252   	; 0x236c <__ultoa_invert>
    1aa0:	88 2e       	mov	r8, r24
    1aa2:	86 18       	sub	r8, r6
    1aa4:	44 c0       	rjmp	.+136    	; 0x1b2e <vfprintf+0x2c6>
    1aa6:	85 37       	cpi	r24, 0x75	; 117
    1aa8:	31 f4       	brne	.+12     	; 0x1ab6 <vfprintf+0x24e>
    1aaa:	23 2d       	mov	r18, r3
    1aac:	2f 7e       	andi	r18, 0xEF	; 239
    1aae:	b2 2e       	mov	r11, r18
    1ab0:	2a e0       	ldi	r18, 0x0A	; 10
    1ab2:	30 e0       	ldi	r19, 0x00	; 0
    1ab4:	25 c0       	rjmp	.+74     	; 0x1b00 <vfprintf+0x298>
    1ab6:	93 2d       	mov	r25, r3
    1ab8:	99 7f       	andi	r25, 0xF9	; 249
    1aba:	b9 2e       	mov	r11, r25
    1abc:	8f 36       	cpi	r24, 0x6F	; 111
    1abe:	c1 f0       	breq	.+48     	; 0x1af0 <vfprintf+0x288>
    1ac0:	18 f4       	brcc	.+6      	; 0x1ac8 <vfprintf+0x260>
    1ac2:	88 35       	cpi	r24, 0x58	; 88
    1ac4:	79 f0       	breq	.+30     	; 0x1ae4 <vfprintf+0x27c>
    1ac6:	ae c0       	rjmp	.+348    	; 0x1c24 <vfprintf+0x3bc>
    1ac8:	80 37       	cpi	r24, 0x70	; 112
    1aca:	19 f0       	breq	.+6      	; 0x1ad2 <vfprintf+0x26a>
    1acc:	88 37       	cpi	r24, 0x78	; 120
    1ace:	21 f0       	breq	.+8      	; 0x1ad8 <vfprintf+0x270>
    1ad0:	a9 c0       	rjmp	.+338    	; 0x1c24 <vfprintf+0x3bc>
    1ad2:	e9 2f       	mov	r30, r25
    1ad4:	e0 61       	ori	r30, 0x10	; 16
    1ad6:	be 2e       	mov	r11, r30
    1ad8:	b4 fe       	sbrs	r11, 4
    1ada:	0d c0       	rjmp	.+26     	; 0x1af6 <vfprintf+0x28e>
    1adc:	fb 2d       	mov	r31, r11
    1ade:	f4 60       	ori	r31, 0x04	; 4
    1ae0:	bf 2e       	mov	r11, r31
    1ae2:	09 c0       	rjmp	.+18     	; 0x1af6 <vfprintf+0x28e>
    1ae4:	34 fe       	sbrs	r3, 4
    1ae6:	0a c0       	rjmp	.+20     	; 0x1afc <vfprintf+0x294>
    1ae8:	29 2f       	mov	r18, r25
    1aea:	26 60       	ori	r18, 0x06	; 6
    1aec:	b2 2e       	mov	r11, r18
    1aee:	06 c0       	rjmp	.+12     	; 0x1afc <vfprintf+0x294>
    1af0:	28 e0       	ldi	r18, 0x08	; 8
    1af2:	30 e0       	ldi	r19, 0x00	; 0
    1af4:	05 c0       	rjmp	.+10     	; 0x1b00 <vfprintf+0x298>
    1af6:	20 e1       	ldi	r18, 0x10	; 16
    1af8:	30 e0       	ldi	r19, 0x00	; 0
    1afa:	02 c0       	rjmp	.+4      	; 0x1b00 <vfprintf+0x298>
    1afc:	20 e1       	ldi	r18, 0x10	; 16
    1afe:	32 e0       	ldi	r19, 0x02	; 2
    1b00:	f8 01       	movw	r30, r16
    1b02:	b7 fe       	sbrs	r11, 7
    1b04:	07 c0       	rjmp	.+14     	; 0x1b14 <vfprintf+0x2ac>
    1b06:	60 81       	ld	r22, Z
    1b08:	71 81       	ldd	r23, Z+1	; 0x01
    1b0a:	82 81       	ldd	r24, Z+2	; 0x02
    1b0c:	93 81       	ldd	r25, Z+3	; 0x03
    1b0e:	0c 5f       	subi	r16, 0xFC	; 252
    1b10:	1f 4f       	sbci	r17, 0xFF	; 255
    1b12:	06 c0       	rjmp	.+12     	; 0x1b20 <vfprintf+0x2b8>
    1b14:	60 81       	ld	r22, Z
    1b16:	71 81       	ldd	r23, Z+1	; 0x01
    1b18:	80 e0       	ldi	r24, 0x00	; 0
    1b1a:	90 e0       	ldi	r25, 0x00	; 0
    1b1c:	0e 5f       	subi	r16, 0xFE	; 254
    1b1e:	1f 4f       	sbci	r17, 0xFF	; 255
    1b20:	a3 01       	movw	r20, r6
    1b22:	24 d4       	rcall	.+2120   	; 0x236c <__ultoa_invert>
    1b24:	88 2e       	mov	r8, r24
    1b26:	86 18       	sub	r8, r6
    1b28:	fb 2d       	mov	r31, r11
    1b2a:	ff 77       	andi	r31, 0x7F	; 127
    1b2c:	3f 2e       	mov	r3, r31
    1b2e:	36 fe       	sbrs	r3, 6
    1b30:	0d c0       	rjmp	.+26     	; 0x1b4c <vfprintf+0x2e4>
    1b32:	23 2d       	mov	r18, r3
    1b34:	2e 7f       	andi	r18, 0xFE	; 254
    1b36:	a2 2e       	mov	r10, r18
    1b38:	89 14       	cp	r8, r9
    1b3a:	58 f4       	brcc	.+22     	; 0x1b52 <vfprintf+0x2ea>
    1b3c:	34 fe       	sbrs	r3, 4
    1b3e:	0b c0       	rjmp	.+22     	; 0x1b56 <vfprintf+0x2ee>
    1b40:	32 fc       	sbrc	r3, 2
    1b42:	09 c0       	rjmp	.+18     	; 0x1b56 <vfprintf+0x2ee>
    1b44:	83 2d       	mov	r24, r3
    1b46:	8e 7e       	andi	r24, 0xEE	; 238
    1b48:	a8 2e       	mov	r10, r24
    1b4a:	05 c0       	rjmp	.+10     	; 0x1b56 <vfprintf+0x2ee>
    1b4c:	b8 2c       	mov	r11, r8
    1b4e:	a3 2c       	mov	r10, r3
    1b50:	03 c0       	rjmp	.+6      	; 0x1b58 <vfprintf+0x2f0>
    1b52:	b8 2c       	mov	r11, r8
    1b54:	01 c0       	rjmp	.+2      	; 0x1b58 <vfprintf+0x2f0>
    1b56:	b9 2c       	mov	r11, r9
    1b58:	a4 fe       	sbrs	r10, 4
    1b5a:	0f c0       	rjmp	.+30     	; 0x1b7a <vfprintf+0x312>
    1b5c:	fe 01       	movw	r30, r28
    1b5e:	e8 0d       	add	r30, r8
    1b60:	f1 1d       	adc	r31, r1
    1b62:	80 81       	ld	r24, Z
    1b64:	80 33       	cpi	r24, 0x30	; 48
    1b66:	21 f4       	brne	.+8      	; 0x1b70 <vfprintf+0x308>
    1b68:	9a 2d       	mov	r25, r10
    1b6a:	99 7e       	andi	r25, 0xE9	; 233
    1b6c:	a9 2e       	mov	r10, r25
    1b6e:	09 c0       	rjmp	.+18     	; 0x1b82 <vfprintf+0x31a>
    1b70:	a2 fe       	sbrs	r10, 2
    1b72:	06 c0       	rjmp	.+12     	; 0x1b80 <vfprintf+0x318>
    1b74:	b3 94       	inc	r11
    1b76:	b3 94       	inc	r11
    1b78:	04 c0       	rjmp	.+8      	; 0x1b82 <vfprintf+0x31a>
    1b7a:	8a 2d       	mov	r24, r10
    1b7c:	86 78       	andi	r24, 0x86	; 134
    1b7e:	09 f0       	breq	.+2      	; 0x1b82 <vfprintf+0x31a>
    1b80:	b3 94       	inc	r11
    1b82:	a3 fc       	sbrc	r10, 3
    1b84:	10 c0       	rjmp	.+32     	; 0x1ba6 <vfprintf+0x33e>
    1b86:	a0 fe       	sbrs	r10, 0
    1b88:	06 c0       	rjmp	.+12     	; 0x1b96 <vfprintf+0x32e>
    1b8a:	b2 14       	cp	r11, r2
    1b8c:	80 f4       	brcc	.+32     	; 0x1bae <vfprintf+0x346>
    1b8e:	28 0c       	add	r2, r8
    1b90:	92 2c       	mov	r9, r2
    1b92:	9b 18       	sub	r9, r11
    1b94:	0d c0       	rjmp	.+26     	; 0x1bb0 <vfprintf+0x348>
    1b96:	b2 14       	cp	r11, r2
    1b98:	58 f4       	brcc	.+22     	; 0x1bb0 <vfprintf+0x348>
    1b9a:	b6 01       	movw	r22, r12
    1b9c:	80 e2       	ldi	r24, 0x20	; 32
    1b9e:	90 e0       	ldi	r25, 0x00	; 0
    1ba0:	90 d3       	rcall	.+1824   	; 0x22c2 <fputc>
    1ba2:	b3 94       	inc	r11
    1ba4:	f8 cf       	rjmp	.-16     	; 0x1b96 <vfprintf+0x32e>
    1ba6:	b2 14       	cp	r11, r2
    1ba8:	18 f4       	brcc	.+6      	; 0x1bb0 <vfprintf+0x348>
    1baa:	2b 18       	sub	r2, r11
    1bac:	02 c0       	rjmp	.+4      	; 0x1bb2 <vfprintf+0x34a>
    1bae:	98 2c       	mov	r9, r8
    1bb0:	21 2c       	mov	r2, r1
    1bb2:	a4 fe       	sbrs	r10, 4
    1bb4:	0f c0       	rjmp	.+30     	; 0x1bd4 <vfprintf+0x36c>
    1bb6:	b6 01       	movw	r22, r12
    1bb8:	80 e3       	ldi	r24, 0x30	; 48
    1bba:	90 e0       	ldi	r25, 0x00	; 0
    1bbc:	82 d3       	rcall	.+1796   	; 0x22c2 <fputc>
    1bbe:	a2 fe       	sbrs	r10, 2
    1bc0:	16 c0       	rjmp	.+44     	; 0x1bee <vfprintf+0x386>
    1bc2:	a1 fc       	sbrc	r10, 1
    1bc4:	03 c0       	rjmp	.+6      	; 0x1bcc <vfprintf+0x364>
    1bc6:	88 e7       	ldi	r24, 0x78	; 120
    1bc8:	90 e0       	ldi	r25, 0x00	; 0
    1bca:	02 c0       	rjmp	.+4      	; 0x1bd0 <vfprintf+0x368>
    1bcc:	88 e5       	ldi	r24, 0x58	; 88
    1bce:	90 e0       	ldi	r25, 0x00	; 0
    1bd0:	b6 01       	movw	r22, r12
    1bd2:	0c c0       	rjmp	.+24     	; 0x1bec <vfprintf+0x384>
    1bd4:	8a 2d       	mov	r24, r10
    1bd6:	86 78       	andi	r24, 0x86	; 134
    1bd8:	51 f0       	breq	.+20     	; 0x1bee <vfprintf+0x386>
    1bda:	a1 fe       	sbrs	r10, 1
    1bdc:	02 c0       	rjmp	.+4      	; 0x1be2 <vfprintf+0x37a>
    1bde:	8b e2       	ldi	r24, 0x2B	; 43
    1be0:	01 c0       	rjmp	.+2      	; 0x1be4 <vfprintf+0x37c>
    1be2:	80 e2       	ldi	r24, 0x20	; 32
    1be4:	a7 fc       	sbrc	r10, 7
    1be6:	8d e2       	ldi	r24, 0x2D	; 45
    1be8:	b6 01       	movw	r22, r12
    1bea:	90 e0       	ldi	r25, 0x00	; 0
    1bec:	6a d3       	rcall	.+1748   	; 0x22c2 <fputc>
    1bee:	89 14       	cp	r8, r9
    1bf0:	30 f4       	brcc	.+12     	; 0x1bfe <vfprintf+0x396>
    1bf2:	b6 01       	movw	r22, r12
    1bf4:	80 e3       	ldi	r24, 0x30	; 48
    1bf6:	90 e0       	ldi	r25, 0x00	; 0
    1bf8:	64 d3       	rcall	.+1736   	; 0x22c2 <fputc>
    1bfa:	9a 94       	dec	r9
    1bfc:	f8 cf       	rjmp	.-16     	; 0x1bee <vfprintf+0x386>
    1bfe:	8a 94       	dec	r8
    1c00:	f3 01       	movw	r30, r6
    1c02:	e8 0d       	add	r30, r8
    1c04:	f1 1d       	adc	r31, r1
    1c06:	80 81       	ld	r24, Z
    1c08:	b6 01       	movw	r22, r12
    1c0a:	90 e0       	ldi	r25, 0x00	; 0
    1c0c:	5a d3       	rcall	.+1716   	; 0x22c2 <fputc>
    1c0e:	81 10       	cpse	r8, r1
    1c10:	f6 cf       	rjmp	.-20     	; 0x1bfe <vfprintf+0x396>
    1c12:	22 20       	and	r2, r2
    1c14:	09 f4       	brne	.+2      	; 0x1c18 <vfprintf+0x3b0>
    1c16:	4e ce       	rjmp	.-868    	; 0x18b4 <vfprintf+0x4c>
    1c18:	b6 01       	movw	r22, r12
    1c1a:	80 e2       	ldi	r24, 0x20	; 32
    1c1c:	90 e0       	ldi	r25, 0x00	; 0
    1c1e:	51 d3       	rcall	.+1698   	; 0x22c2 <fputc>
    1c20:	2a 94       	dec	r2
    1c22:	f7 cf       	rjmp	.-18     	; 0x1c12 <vfprintf+0x3aa>
    1c24:	f6 01       	movw	r30, r12
    1c26:	86 81       	ldd	r24, Z+6	; 0x06
    1c28:	97 81       	ldd	r25, Z+7	; 0x07
    1c2a:	02 c0       	rjmp	.+4      	; 0x1c30 <vfprintf+0x3c8>
    1c2c:	8f ef       	ldi	r24, 0xFF	; 255
    1c2e:	9f ef       	ldi	r25, 0xFF	; 255
    1c30:	2b 96       	adiw	r28, 0x0b	; 11
    1c32:	0f b6       	in	r0, 0x3f	; 63
    1c34:	f8 94       	cli
    1c36:	de bf       	out	0x3e, r29	; 62
    1c38:	0f be       	out	0x3f, r0	; 63
    1c3a:	cd bf       	out	0x3d, r28	; 61
    1c3c:	df 91       	pop	r29
    1c3e:	cf 91       	pop	r28
    1c40:	1f 91       	pop	r17
    1c42:	0f 91       	pop	r16
    1c44:	ff 90       	pop	r15
    1c46:	ef 90       	pop	r14
    1c48:	df 90       	pop	r13
    1c4a:	cf 90       	pop	r12
    1c4c:	bf 90       	pop	r11
    1c4e:	af 90       	pop	r10
    1c50:	9f 90       	pop	r9
    1c52:	8f 90       	pop	r8
    1c54:	7f 90       	pop	r7
    1c56:	6f 90       	pop	r6
    1c58:	5f 90       	pop	r5
    1c5a:	4f 90       	pop	r4
    1c5c:	3f 90       	pop	r3
    1c5e:	2f 90       	pop	r2
    1c60:	08 95       	ret

00001c62 <putval>:
    1c62:	20 fd       	sbrc	r18, 0
    1c64:	09 c0       	rjmp	.+18     	; 0x1c78 <putval+0x16>
    1c66:	fc 01       	movw	r30, r24
    1c68:	23 fd       	sbrc	r18, 3
    1c6a:	05 c0       	rjmp	.+10     	; 0x1c76 <putval+0x14>
    1c6c:	22 ff       	sbrs	r18, 2
    1c6e:	02 c0       	rjmp	.+4      	; 0x1c74 <putval+0x12>
    1c70:	73 83       	std	Z+3, r23	; 0x03
    1c72:	62 83       	std	Z+2, r22	; 0x02
    1c74:	51 83       	std	Z+1, r21	; 0x01
    1c76:	40 83       	st	Z, r20
    1c78:	08 95       	ret

00001c7a <mulacc>:
    1c7a:	44 fd       	sbrc	r20, 4
    1c7c:	17 c0       	rjmp	.+46     	; 0x1cac <mulacc+0x32>
    1c7e:	46 fd       	sbrc	r20, 6
    1c80:	17 c0       	rjmp	.+46     	; 0x1cb0 <mulacc+0x36>
    1c82:	ab 01       	movw	r20, r22
    1c84:	bc 01       	movw	r22, r24
    1c86:	da 01       	movw	r26, r20
    1c88:	fb 01       	movw	r30, r22
    1c8a:	aa 0f       	add	r26, r26
    1c8c:	bb 1f       	adc	r27, r27
    1c8e:	ee 1f       	adc	r30, r30
    1c90:	ff 1f       	adc	r31, r31
    1c92:	10 94       	com	r1
    1c94:	d1 f7       	brne	.-12     	; 0x1c8a <mulacc+0x10>
    1c96:	4a 0f       	add	r20, r26
    1c98:	5b 1f       	adc	r21, r27
    1c9a:	6e 1f       	adc	r22, r30
    1c9c:	7f 1f       	adc	r23, r31
    1c9e:	cb 01       	movw	r24, r22
    1ca0:	ba 01       	movw	r22, r20
    1ca2:	66 0f       	add	r22, r22
    1ca4:	77 1f       	adc	r23, r23
    1ca6:	88 1f       	adc	r24, r24
    1ca8:	99 1f       	adc	r25, r25
    1caa:	09 c0       	rjmp	.+18     	; 0x1cbe <mulacc+0x44>
    1cac:	33 e0       	ldi	r19, 0x03	; 3
    1cae:	01 c0       	rjmp	.+2      	; 0x1cb2 <mulacc+0x38>
    1cb0:	34 e0       	ldi	r19, 0x04	; 4
    1cb2:	66 0f       	add	r22, r22
    1cb4:	77 1f       	adc	r23, r23
    1cb6:	88 1f       	adc	r24, r24
    1cb8:	99 1f       	adc	r25, r25
    1cba:	31 50       	subi	r19, 0x01	; 1
    1cbc:	d1 f7       	brne	.-12     	; 0x1cb2 <mulacc+0x38>
    1cbe:	62 0f       	add	r22, r18
    1cc0:	71 1d       	adc	r23, r1
    1cc2:	81 1d       	adc	r24, r1
    1cc4:	91 1d       	adc	r25, r1
    1cc6:	08 95       	ret

00001cc8 <skip_spaces>:
    1cc8:	0f 93       	push	r16
    1cca:	1f 93       	push	r17
    1ccc:	cf 93       	push	r28
    1cce:	df 93       	push	r29
    1cd0:	8c 01       	movw	r16, r24
    1cd2:	c8 01       	movw	r24, r16
    1cd4:	b8 d2       	rcall	.+1392   	; 0x2246 <fgetc>
    1cd6:	ec 01       	movw	r28, r24
    1cd8:	97 fd       	sbrc	r25, 7
    1cda:	06 c0       	rjmp	.+12     	; 0x1ce8 <skip_spaces+0x20>
    1cdc:	8b d2       	rcall	.+1302   	; 0x21f4 <isspace>
    1cde:	89 2b       	or	r24, r25
    1ce0:	c1 f7       	brne	.-16     	; 0x1cd2 <skip_spaces+0xa>
    1ce2:	b8 01       	movw	r22, r16
    1ce4:	ce 01       	movw	r24, r28
    1ce6:	29 d3       	rcall	.+1618   	; 0x233a <ungetc>
    1ce8:	ce 01       	movw	r24, r28
    1cea:	df 91       	pop	r29
    1cec:	cf 91       	pop	r28
    1cee:	1f 91       	pop	r17
    1cf0:	0f 91       	pop	r16
    1cf2:	08 95       	ret

00001cf4 <conv_int>:
    1cf4:	8f 92       	push	r8
    1cf6:	9f 92       	push	r9
    1cf8:	af 92       	push	r10
    1cfa:	bf 92       	push	r11
    1cfc:	ef 92       	push	r14
    1cfe:	ff 92       	push	r15
    1d00:	0f 93       	push	r16
    1d02:	1f 93       	push	r17
    1d04:	cf 93       	push	r28
    1d06:	df 93       	push	r29
    1d08:	8c 01       	movw	r16, r24
    1d0a:	d6 2f       	mov	r29, r22
    1d0c:	7a 01       	movw	r14, r20
    1d0e:	b2 2e       	mov	r11, r18
    1d10:	9a d2       	rcall	.+1332   	; 0x2246 <fgetc>
    1d12:	9c 01       	movw	r18, r24
    1d14:	33 27       	eor	r19, r19
    1d16:	2b 32       	cpi	r18, 0x2B	; 43
    1d18:	31 05       	cpc	r19, r1
    1d1a:	31 f0       	breq	.+12     	; 0x1d28 <conv_int+0x34>
    1d1c:	2d 32       	cpi	r18, 0x2D	; 45
    1d1e:	31 05       	cpc	r19, r1
    1d20:	59 f4       	brne	.+22     	; 0x1d38 <conv_int+0x44>
    1d22:	8b 2d       	mov	r24, r11
    1d24:	80 68       	ori	r24, 0x80	; 128
    1d26:	b8 2e       	mov	r11, r24
    1d28:	d1 50       	subi	r29, 0x01	; 1
    1d2a:	11 f4       	brne	.+4      	; 0x1d30 <conv_int+0x3c>
    1d2c:	80 e0       	ldi	r24, 0x00	; 0
    1d2e:	61 c0       	rjmp	.+194    	; 0x1df2 <conv_int+0xfe>
    1d30:	c8 01       	movw	r24, r16
    1d32:	89 d2       	rcall	.+1298   	; 0x2246 <fgetc>
    1d34:	97 fd       	sbrc	r25, 7
    1d36:	fa cf       	rjmp	.-12     	; 0x1d2c <conv_int+0x38>
    1d38:	cb 2d       	mov	r28, r11
    1d3a:	cd 7f       	andi	r28, 0xFD	; 253
    1d3c:	2b 2d       	mov	r18, r11
    1d3e:	20 73       	andi	r18, 0x30	; 48
    1d40:	f9 f4       	brne	.+62     	; 0x1d80 <conv_int+0x8c>
    1d42:	80 33       	cpi	r24, 0x30	; 48
    1d44:	e9 f4       	brne	.+58     	; 0x1d80 <conv_int+0x8c>
    1d46:	aa 24       	eor	r10, r10
    1d48:	aa 94       	dec	r10
    1d4a:	ad 0e       	add	r10, r29
    1d4c:	09 f4       	brne	.+2      	; 0x1d50 <conv_int+0x5c>
    1d4e:	3e c0       	rjmp	.+124    	; 0x1dcc <conv_int+0xd8>
    1d50:	c8 01       	movw	r24, r16
    1d52:	79 d2       	rcall	.+1266   	; 0x2246 <fgetc>
    1d54:	97 fd       	sbrc	r25, 7
    1d56:	3a c0       	rjmp	.+116    	; 0x1dcc <conv_int+0xd8>
    1d58:	9c 01       	movw	r18, r24
    1d5a:	2f 7d       	andi	r18, 0xDF	; 223
    1d5c:	33 27       	eor	r19, r19
    1d5e:	28 35       	cpi	r18, 0x58	; 88
    1d60:	31 05       	cpc	r19, r1
    1d62:	41 f4       	brne	.+16     	; 0x1d74 <conv_int+0x80>
    1d64:	c2 64       	ori	r28, 0x42	; 66
    1d66:	d2 50       	subi	r29, 0x02	; 2
    1d68:	89 f1       	breq	.+98     	; 0x1dcc <conv_int+0xd8>
    1d6a:	c8 01       	movw	r24, r16
    1d6c:	6c d2       	rcall	.+1240   	; 0x2246 <fgetc>
    1d6e:	97 ff       	sbrs	r25, 7
    1d70:	07 c0       	rjmp	.+14     	; 0x1d80 <conv_int+0x8c>
    1d72:	2c c0       	rjmp	.+88     	; 0x1dcc <conv_int+0xd8>
    1d74:	b6 fe       	sbrs	r11, 6
    1d76:	02 c0       	rjmp	.+4      	; 0x1d7c <conv_int+0x88>
    1d78:	c2 60       	ori	r28, 0x02	; 2
    1d7a:	01 c0       	rjmp	.+2      	; 0x1d7e <conv_int+0x8a>
    1d7c:	c2 61       	ori	r28, 0x12	; 18
    1d7e:	da 2d       	mov	r29, r10
    1d80:	81 2c       	mov	r8, r1
    1d82:	91 2c       	mov	r9, r1
    1d84:	54 01       	movw	r10, r8
    1d86:	20 ed       	ldi	r18, 0xD0	; 208
    1d88:	28 0f       	add	r18, r24
    1d8a:	28 30       	cpi	r18, 0x08	; 8
    1d8c:	78 f0       	brcs	.+30     	; 0x1dac <conv_int+0xb8>
    1d8e:	c4 ff       	sbrs	r28, 4
    1d90:	03 c0       	rjmp	.+6      	; 0x1d98 <conv_int+0xa4>
    1d92:	b8 01       	movw	r22, r16
    1d94:	d2 d2       	rcall	.+1444   	; 0x233a <ungetc>
    1d96:	17 c0       	rjmp	.+46     	; 0x1dc6 <conv_int+0xd2>
    1d98:	2a 30       	cpi	r18, 0x0A	; 10
    1d9a:	40 f0       	brcs	.+16     	; 0x1dac <conv_int+0xb8>
    1d9c:	c6 ff       	sbrs	r28, 6
    1d9e:	f9 cf       	rjmp	.-14     	; 0x1d92 <conv_int+0x9e>
    1da0:	2f 7d       	andi	r18, 0xDF	; 223
    1da2:	3f ee       	ldi	r19, 0xEF	; 239
    1da4:	32 0f       	add	r19, r18
    1da6:	36 30       	cpi	r19, 0x06	; 6
    1da8:	a0 f7       	brcc	.-24     	; 0x1d92 <conv_int+0x9e>
    1daa:	27 50       	subi	r18, 0x07	; 7
    1dac:	4c 2f       	mov	r20, r28
    1dae:	c5 01       	movw	r24, r10
    1db0:	b4 01       	movw	r22, r8
    1db2:	63 df       	rcall	.-314    	; 0x1c7a <mulacc>
    1db4:	4b 01       	movw	r8, r22
    1db6:	5c 01       	movw	r10, r24
    1db8:	c2 60       	ori	r28, 0x02	; 2
    1dba:	d1 50       	subi	r29, 0x01	; 1
    1dbc:	51 f0       	breq	.+20     	; 0x1dd2 <conv_int+0xde>
    1dbe:	c8 01       	movw	r24, r16
    1dc0:	42 d2       	rcall	.+1156   	; 0x2246 <fgetc>
    1dc2:	97 ff       	sbrs	r25, 7
    1dc4:	e0 cf       	rjmp	.-64     	; 0x1d86 <conv_int+0x92>
    1dc6:	c1 fd       	sbrc	r28, 1
    1dc8:	04 c0       	rjmp	.+8      	; 0x1dd2 <conv_int+0xde>
    1dca:	b0 cf       	rjmp	.-160    	; 0x1d2c <conv_int+0x38>
    1dcc:	81 2c       	mov	r8, r1
    1dce:	91 2c       	mov	r9, r1
    1dd0:	54 01       	movw	r10, r8
    1dd2:	c7 ff       	sbrs	r28, 7
    1dd4:	08 c0       	rjmp	.+16     	; 0x1de6 <conv_int+0xf2>
    1dd6:	b0 94       	com	r11
    1dd8:	a0 94       	com	r10
    1dda:	90 94       	com	r9
    1ddc:	80 94       	com	r8
    1dde:	81 1c       	adc	r8, r1
    1de0:	91 1c       	adc	r9, r1
    1de2:	a1 1c       	adc	r10, r1
    1de4:	b1 1c       	adc	r11, r1
    1de6:	2c 2f       	mov	r18, r28
    1de8:	b5 01       	movw	r22, r10
    1dea:	a4 01       	movw	r20, r8
    1dec:	c7 01       	movw	r24, r14
    1dee:	39 df       	rcall	.-398    	; 0x1c62 <putval>
    1df0:	81 e0       	ldi	r24, 0x01	; 1
    1df2:	df 91       	pop	r29
    1df4:	cf 91       	pop	r28
    1df6:	1f 91       	pop	r17
    1df8:	0f 91       	pop	r16
    1dfa:	ff 90       	pop	r15
    1dfc:	ef 90       	pop	r14
    1dfe:	bf 90       	pop	r11
    1e00:	af 90       	pop	r10
    1e02:	9f 90       	pop	r9
    1e04:	8f 90       	pop	r8
    1e06:	08 95       	ret

00001e08 <conv_brk>:
    1e08:	5f 92       	push	r5
    1e0a:	6f 92       	push	r6
    1e0c:	7f 92       	push	r7
    1e0e:	8f 92       	push	r8
    1e10:	9f 92       	push	r9
    1e12:	af 92       	push	r10
    1e14:	bf 92       	push	r11
    1e16:	cf 92       	push	r12
    1e18:	df 92       	push	r13
    1e1a:	ef 92       	push	r14
    1e1c:	ff 92       	push	r15
    1e1e:	0f 93       	push	r16
    1e20:	1f 93       	push	r17
    1e22:	cf 93       	push	r28
    1e24:	df 93       	push	r29
    1e26:	cd b7       	in	r28, 0x3d	; 61
    1e28:	de b7       	in	r29, 0x3e	; 62
    1e2a:	a0 97       	sbiw	r28, 0x20	; 32
    1e2c:	0f b6       	in	r0, 0x3f	; 63
    1e2e:	f8 94       	cli
    1e30:	de bf       	out	0x3e, r29	; 62
    1e32:	0f be       	out	0x3f, r0	; 63
    1e34:	cd bf       	out	0x3d, r28	; 61
    1e36:	5c 01       	movw	r10, r24
    1e38:	96 2e       	mov	r9, r22
    1e3a:	7a 01       	movw	r14, r20
    1e3c:	f9 01       	movw	r30, r18
    1e3e:	8e 01       	movw	r16, r28
    1e40:	0f 5f       	subi	r16, 0xFF	; 255
    1e42:	1f 4f       	sbci	r17, 0xFF	; 255
    1e44:	68 01       	movw	r12, r16
    1e46:	80 e2       	ldi	r24, 0x20	; 32
    1e48:	d8 01       	movw	r26, r16
    1e4a:	1d 92       	st	X+, r1
    1e4c:	8a 95       	dec	r24
    1e4e:	e9 f7       	brne	.-6      	; 0x1e4a <conv_brk+0x42>
    1e50:	d5 01       	movw	r26, r10
    1e52:	13 96       	adiw	r26, 0x03	; 3
    1e54:	8c 90       	ld	r8, X
    1e56:	80 e0       	ldi	r24, 0x00	; 0
    1e58:	90 e0       	ldi	r25, 0x00	; 0
    1e5a:	61 2c       	mov	r6, r1
    1e5c:	71 2c       	mov	r7, r1
    1e5e:	30 e0       	ldi	r19, 0x00	; 0
    1e60:	61 e0       	ldi	r22, 0x01	; 1
    1e62:	70 e0       	ldi	r23, 0x00	; 0
    1e64:	83 fc       	sbrc	r8, 3
    1e66:	25 91       	lpm	r18, Z+
    1e68:	83 fe       	sbrs	r8, 3
    1e6a:	21 91       	ld	r18, Z+
    1e6c:	8f 01       	movw	r16, r30
    1e6e:	52 2e       	mov	r5, r18
    1e70:	21 11       	cpse	r18, r1
    1e72:	03 c0       	rjmp	.+6      	; 0x1e7a <conv_brk+0x72>
    1e74:	80 e0       	ldi	r24, 0x00	; 0
    1e76:	90 e0       	ldi	r25, 0x00	; 0
    1e78:	90 c0       	rjmp	.+288    	; 0x1f9a <conv_brk+0x192>
    1e7a:	2e 35       	cpi	r18, 0x5E	; 94
    1e7c:	11 f4       	brne	.+4      	; 0x1e82 <conv_brk+0x7a>
    1e7e:	00 97       	sbiw	r24, 0x00	; 0
    1e80:	51 f1       	breq	.+84     	; 0x1ed6 <conv_brk+0xce>
    1e82:	43 2f       	mov	r20, r19
    1e84:	50 e0       	ldi	r21, 0x00	; 0
    1e86:	48 17       	cp	r20, r24
    1e88:	59 07       	cpc	r21, r25
    1e8a:	3c f4       	brge	.+14     	; 0x1e9a <conv_brk+0x92>
    1e8c:	2d 35       	cpi	r18, 0x5D	; 93
    1e8e:	59 f1       	breq	.+86     	; 0x1ee6 <conv_brk+0xde>
    1e90:	2d 32       	cpi	r18, 0x2D	; 45
    1e92:	19 f4       	brne	.+6      	; 0x1e9a <conv_brk+0x92>
    1e94:	77 20       	and	r7, r7
    1e96:	09 f1       	breq	.+66     	; 0x1eda <conv_brk+0xd2>
    1e98:	03 c0       	rjmp	.+6      	; 0x1ea0 <conv_brk+0x98>
    1e9a:	77 20       	and	r7, r7
    1e9c:	09 f4       	brne	.+2      	; 0x1ea0 <conv_brk+0x98>
    1e9e:	68 c0       	rjmp	.+208    	; 0x1f70 <conv_brk+0x168>
    1ea0:	45 2d       	mov	r20, r5
    1ea2:	46 95       	lsr	r20
    1ea4:	46 95       	lsr	r20
    1ea6:	46 95       	lsr	r20
    1ea8:	d6 01       	movw	r26, r12
    1eaa:	a4 0f       	add	r26, r20
    1eac:	b1 1d       	adc	r27, r1
    1eae:	45 2d       	mov	r20, r5
    1eb0:	47 70       	andi	r20, 0x07	; 7
    1eb2:	8b 01       	movw	r16, r22
    1eb4:	02 c0       	rjmp	.+4      	; 0x1eba <conv_brk+0xb2>
    1eb6:	00 0f       	add	r16, r16
    1eb8:	11 1f       	adc	r17, r17
    1eba:	4a 95       	dec	r20
    1ebc:	e2 f7       	brpl	.-8      	; 0x1eb6 <conv_brk+0xae>
    1ebe:	a8 01       	movw	r20, r16
    1ec0:	5c 91       	ld	r21, X
    1ec2:	45 2b       	or	r20, r21
    1ec4:	4c 93       	st	X, r20
    1ec6:	65 14       	cp	r6, r5
    1ec8:	59 f0       	breq	.+22     	; 0x1ee0 <conv_brk+0xd8>
    1eca:	56 14       	cp	r5, r6
    1ecc:	10 f4       	brcc	.+4      	; 0x1ed2 <conv_brk+0xca>
    1ece:	53 94       	inc	r5
    1ed0:	e7 cf       	rjmp	.-50     	; 0x1ea0 <conv_brk+0x98>
    1ed2:	5a 94       	dec	r5
    1ed4:	e5 cf       	rjmp	.-54     	; 0x1ea0 <conv_brk+0x98>
    1ed6:	31 e0       	ldi	r19, 0x01	; 1
    1ed8:	04 c0       	rjmp	.+8      	; 0x1ee2 <conv_brk+0xda>
    1eda:	77 24       	eor	r7, r7
    1edc:	73 94       	inc	r7
    1ede:	01 c0       	rjmp	.+2      	; 0x1ee2 <conv_brk+0xda>
    1ee0:	71 2c       	mov	r7, r1
    1ee2:	01 96       	adiw	r24, 0x01	; 1
    1ee4:	bf cf       	rjmp	.-130    	; 0x1e64 <conv_brk+0x5c>
    1ee6:	77 20       	and	r7, r7
    1ee8:	19 f0       	breq	.+6      	; 0x1ef0 <conv_brk+0xe8>
    1eea:	8e 81       	ldd	r24, Y+6	; 0x06
    1eec:	80 62       	ori	r24, 0x20	; 32
    1eee:	8e 83       	std	Y+6, r24	; 0x06
    1ef0:	31 11       	cpse	r19, r1
    1ef2:	03 c0       	rjmp	.+6      	; 0x1efa <conv_brk+0xf2>
    1ef4:	88 24       	eor	r8, r8
    1ef6:	83 94       	inc	r8
    1ef8:	17 c0       	rjmp	.+46     	; 0x1f28 <conv_brk+0x120>
    1efa:	f6 01       	movw	r30, r12
    1efc:	9e 01       	movw	r18, r28
    1efe:	2f 5d       	subi	r18, 0xDF	; 223
    1f00:	3f 4f       	sbci	r19, 0xFF	; 255
    1f02:	80 81       	ld	r24, Z
    1f04:	80 95       	com	r24
    1f06:	81 93       	st	Z+, r24
    1f08:	2e 17       	cp	r18, r30
    1f0a:	3f 07       	cpc	r19, r31
    1f0c:	d1 f7       	brne	.-12     	; 0x1f02 <conv_brk+0xfa>
    1f0e:	f2 cf       	rjmp	.-28     	; 0x1ef4 <conv_brk+0xec>
    1f10:	e1 14       	cp	r14, r1
    1f12:	f1 04       	cpc	r15, r1
    1f14:	29 f0       	breq	.+10     	; 0x1f20 <conv_brk+0x118>
    1f16:	d7 01       	movw	r26, r14
    1f18:	8c 93       	st	X, r24
    1f1a:	f7 01       	movw	r30, r14
    1f1c:	31 96       	adiw	r30, 0x01	; 1
    1f1e:	7f 01       	movw	r14, r30
    1f20:	9a 94       	dec	r9
    1f22:	81 2c       	mov	r8, r1
    1f24:	99 20       	and	r9, r9
    1f26:	e9 f0       	breq	.+58     	; 0x1f62 <conv_brk+0x15a>
    1f28:	c5 01       	movw	r24, r10
    1f2a:	8d d1       	rcall	.+794    	; 0x2246 <fgetc>
    1f2c:	97 fd       	sbrc	r25, 7
    1f2e:	17 c0       	rjmp	.+46     	; 0x1f5e <conv_brk+0x156>
    1f30:	fc 01       	movw	r30, r24
    1f32:	ff 27       	eor	r31, r31
    1f34:	23 e0       	ldi	r18, 0x03	; 3
    1f36:	f5 95       	asr	r31
    1f38:	e7 95       	ror	r30
    1f3a:	2a 95       	dec	r18
    1f3c:	e1 f7       	brne	.-8      	; 0x1f36 <conv_brk+0x12e>
    1f3e:	ec 0d       	add	r30, r12
    1f40:	fd 1d       	adc	r31, r13
    1f42:	20 81       	ld	r18, Z
    1f44:	30 e0       	ldi	r19, 0x00	; 0
    1f46:	ac 01       	movw	r20, r24
    1f48:	47 70       	andi	r20, 0x07	; 7
    1f4a:	55 27       	eor	r21, r21
    1f4c:	02 c0       	rjmp	.+4      	; 0x1f52 <conv_brk+0x14a>
    1f4e:	35 95       	asr	r19
    1f50:	27 95       	ror	r18
    1f52:	4a 95       	dec	r20
    1f54:	e2 f7       	brpl	.-8      	; 0x1f4e <conv_brk+0x146>
    1f56:	20 fd       	sbrc	r18, 0
    1f58:	db cf       	rjmp	.-74     	; 0x1f10 <conv_brk+0x108>
    1f5a:	b5 01       	movw	r22, r10
    1f5c:	ee d1       	rcall	.+988    	; 0x233a <ungetc>
    1f5e:	81 10       	cpse	r8, r1
    1f60:	89 cf       	rjmp	.-238    	; 0x1e74 <conv_brk+0x6c>
    1f62:	e1 14       	cp	r14, r1
    1f64:	f1 04       	cpc	r15, r1
    1f66:	11 f0       	breq	.+4      	; 0x1f6c <conv_brk+0x164>
    1f68:	d7 01       	movw	r26, r14
    1f6a:	1c 92       	st	X, r1
    1f6c:	c8 01       	movw	r24, r16
    1f6e:	15 c0       	rjmp	.+42     	; 0x1f9a <conv_brk+0x192>
    1f70:	42 2f       	mov	r20, r18
    1f72:	46 95       	lsr	r20
    1f74:	46 95       	lsr	r20
    1f76:	46 95       	lsr	r20
    1f78:	d6 01       	movw	r26, r12
    1f7a:	a4 0f       	add	r26, r20
    1f7c:	b1 1d       	adc	r27, r1
    1f7e:	42 2f       	mov	r20, r18
    1f80:	47 70       	andi	r20, 0x07	; 7
    1f82:	8b 01       	movw	r16, r22
    1f84:	02 c0       	rjmp	.+4      	; 0x1f8a <conv_brk+0x182>
    1f86:	00 0f       	add	r16, r16
    1f88:	11 1f       	adc	r17, r17
    1f8a:	4a 95       	dec	r20
    1f8c:	e2 f7       	brpl	.-8      	; 0x1f86 <conv_brk+0x17e>
    1f8e:	a8 01       	movw	r20, r16
    1f90:	5c 91       	ld	r21, X
    1f92:	45 2b       	or	r20, r21
    1f94:	4c 93       	st	X, r20
    1f96:	62 2e       	mov	r6, r18
    1f98:	a4 cf       	rjmp	.-184    	; 0x1ee2 <conv_brk+0xda>
    1f9a:	a0 96       	adiw	r28, 0x20	; 32
    1f9c:	0f b6       	in	r0, 0x3f	; 63
    1f9e:	f8 94       	cli
    1fa0:	de bf       	out	0x3e, r29	; 62
    1fa2:	0f be       	out	0x3f, r0	; 63
    1fa4:	cd bf       	out	0x3d, r28	; 61
    1fa6:	df 91       	pop	r29
    1fa8:	cf 91       	pop	r28
    1faa:	1f 91       	pop	r17
    1fac:	0f 91       	pop	r16
    1fae:	ff 90       	pop	r15
    1fb0:	ef 90       	pop	r14
    1fb2:	df 90       	pop	r13
    1fb4:	cf 90       	pop	r12
    1fb6:	bf 90       	pop	r11
    1fb8:	af 90       	pop	r10
    1fba:	9f 90       	pop	r9
    1fbc:	8f 90       	pop	r8
    1fbe:	7f 90       	pop	r7
    1fc0:	6f 90       	pop	r6
    1fc2:	5f 90       	pop	r5
    1fc4:	08 95       	ret

00001fc6 <vfscanf>:
    1fc6:	5f 92       	push	r5
    1fc8:	6f 92       	push	r6
    1fca:	7f 92       	push	r7
    1fcc:	8f 92       	push	r8
    1fce:	9f 92       	push	r9
    1fd0:	af 92       	push	r10
    1fd2:	bf 92       	push	r11
    1fd4:	cf 92       	push	r12
    1fd6:	df 92       	push	r13
    1fd8:	ef 92       	push	r14
    1fda:	ff 92       	push	r15
    1fdc:	0f 93       	push	r16
    1fde:	1f 93       	push	r17
    1fe0:	cf 93       	push	r28
    1fe2:	df 93       	push	r29
    1fe4:	6c 01       	movw	r12, r24
    1fe6:	eb 01       	movw	r28, r22
    1fe8:	5a 01       	movw	r10, r20
    1fea:	fc 01       	movw	r30, r24
    1fec:	17 82       	std	Z+7, r1	; 0x07
    1fee:	16 82       	std	Z+6, r1	; 0x06
    1ff0:	51 2c       	mov	r5, r1
    1ff2:	f6 01       	movw	r30, r12
    1ff4:	e3 80       	ldd	r14, Z+3	; 0x03
    1ff6:	fe 01       	movw	r30, r28
    1ff8:	e3 fc       	sbrc	r14, 3
    1ffa:	85 91       	lpm	r24, Z+
    1ffc:	e3 fe       	sbrs	r14, 3
    1ffe:	81 91       	ld	r24, Z+
    2000:	18 2f       	mov	r17, r24
    2002:	ef 01       	movw	r28, r30
    2004:	88 23       	and	r24, r24
    2006:	09 f4       	brne	.+2      	; 0x200a <vfscanf+0x44>
    2008:	e0 c0       	rjmp	.+448    	; 0x21ca <vfscanf+0x204>
    200a:	90 e0       	ldi	r25, 0x00	; 0
    200c:	f3 d0       	rcall	.+486    	; 0x21f4 <isspace>
    200e:	89 2b       	or	r24, r25
    2010:	19 f0       	breq	.+6      	; 0x2018 <vfscanf+0x52>
    2012:	c6 01       	movw	r24, r12
    2014:	59 de       	rcall	.-846    	; 0x1cc8 <skip_spaces>
    2016:	ed cf       	rjmp	.-38     	; 0x1ff2 <vfscanf+0x2c>
    2018:	15 32       	cpi	r17, 0x25	; 37
    201a:	41 f4       	brne	.+16     	; 0x202c <vfscanf+0x66>
    201c:	fe 01       	movw	r30, r28
    201e:	e3 fc       	sbrc	r14, 3
    2020:	15 91       	lpm	r17, Z+
    2022:	e3 fe       	sbrs	r14, 3
    2024:	11 91       	ld	r17, Z+
    2026:	ef 01       	movw	r28, r30
    2028:	15 32       	cpi	r17, 0x25	; 37
    202a:	71 f4       	brne	.+28     	; 0x2048 <vfscanf+0x82>
    202c:	c6 01       	movw	r24, r12
    202e:	0b d1       	rcall	.+534    	; 0x2246 <fgetc>
    2030:	97 fd       	sbrc	r25, 7
    2032:	c9 c0       	rjmp	.+402    	; 0x21c6 <vfscanf+0x200>
    2034:	41 2f       	mov	r20, r17
    2036:	50 e0       	ldi	r21, 0x00	; 0
    2038:	9c 01       	movw	r18, r24
    203a:	33 27       	eor	r19, r19
    203c:	24 17       	cp	r18, r20
    203e:	35 07       	cpc	r19, r21
    2040:	c1 f2       	breq	.-80     	; 0x1ff2 <vfscanf+0x2c>
    2042:	b6 01       	movw	r22, r12
    2044:	7a d1       	rcall	.+756    	; 0x233a <ungetc>
    2046:	c1 c0       	rjmp	.+386    	; 0x21ca <vfscanf+0x204>
    2048:	1a 32       	cpi	r17, 0x2A	; 42
    204a:	39 f4       	brne	.+14     	; 0x205a <vfscanf+0x94>
    204c:	e3 fc       	sbrc	r14, 3
    204e:	15 91       	lpm	r17, Z+
    2050:	e3 fe       	sbrs	r14, 3
    2052:	11 91       	ld	r17, Z+
    2054:	ef 01       	movw	r28, r30
    2056:	01 e0       	ldi	r16, 0x01	; 1
    2058:	01 c0       	rjmp	.+2      	; 0x205c <vfscanf+0x96>
    205a:	00 e0       	ldi	r16, 0x00	; 0
    205c:	f1 2c       	mov	r15, r1
    205e:	20 ed       	ldi	r18, 0xD0	; 208
    2060:	21 0f       	add	r18, r17
    2062:	2a 30       	cpi	r18, 0x0A	; 10
    2064:	78 f4       	brcc	.+30     	; 0x2084 <vfscanf+0xbe>
    2066:	02 60       	ori	r16, 0x02	; 2
    2068:	6f 2d       	mov	r22, r15
    206a:	70 e0       	ldi	r23, 0x00	; 0
    206c:	80 e0       	ldi	r24, 0x00	; 0
    206e:	90 e0       	ldi	r25, 0x00	; 0
    2070:	40 e2       	ldi	r20, 0x20	; 32
    2072:	03 de       	rcall	.-1018   	; 0x1c7a <mulacc>
    2074:	f6 2e       	mov	r15, r22
    2076:	fe 01       	movw	r30, r28
    2078:	e3 fc       	sbrc	r14, 3
    207a:	15 91       	lpm	r17, Z+
    207c:	e3 fe       	sbrs	r14, 3
    207e:	11 91       	ld	r17, Z+
    2080:	ef 01       	movw	r28, r30
    2082:	ed cf       	rjmp	.-38     	; 0x205e <vfscanf+0x98>
    2084:	01 ff       	sbrs	r16, 1
    2086:	03 c0       	rjmp	.+6      	; 0x208e <vfscanf+0xc8>
    2088:	f1 10       	cpse	r15, r1
    208a:	03 c0       	rjmp	.+6      	; 0x2092 <vfscanf+0xcc>
    208c:	9e c0       	rjmp	.+316    	; 0x21ca <vfscanf+0x204>
    208e:	ff 24       	eor	r15, r15
    2090:	fa 94       	dec	r15
    2092:	18 36       	cpi	r17, 0x68	; 104
    2094:	19 f0       	breq	.+6      	; 0x209c <vfscanf+0xd6>
    2096:	1c 36       	cpi	r17, 0x6C	; 108
    2098:	51 f0       	breq	.+20     	; 0x20ae <vfscanf+0xe8>
    209a:	10 c0       	rjmp	.+32     	; 0x20bc <vfscanf+0xf6>
    209c:	fe 01       	movw	r30, r28
    209e:	e3 fc       	sbrc	r14, 3
    20a0:	15 91       	lpm	r17, Z+
    20a2:	e3 fe       	sbrs	r14, 3
    20a4:	11 91       	ld	r17, Z+
    20a6:	ef 01       	movw	r28, r30
    20a8:	18 36       	cpi	r17, 0x68	; 104
    20aa:	41 f4       	brne	.+16     	; 0x20bc <vfscanf+0xf6>
    20ac:	08 60       	ori	r16, 0x08	; 8
    20ae:	04 60       	ori	r16, 0x04	; 4
    20b0:	fe 01       	movw	r30, r28
    20b2:	e3 fc       	sbrc	r14, 3
    20b4:	15 91       	lpm	r17, Z+
    20b6:	e3 fe       	sbrs	r14, 3
    20b8:	11 91       	ld	r17, Z+
    20ba:	ef 01       	movw	r28, r30
    20bc:	11 23       	and	r17, r17
    20be:	09 f4       	brne	.+2      	; 0x20c2 <vfscanf+0xfc>
    20c0:	84 c0       	rjmp	.+264    	; 0x21ca <vfscanf+0x204>
    20c2:	61 2f       	mov	r22, r17
    20c4:	70 e0       	ldi	r23, 0x00	; 0
    20c6:	8c e8       	ldi	r24, 0x8C	; 140
    20c8:	90 e0       	ldi	r25, 0x00	; 0
    20ca:	9c d0       	rcall	.+312    	; 0x2204 <strchr_P>
    20cc:	89 2b       	or	r24, r25
    20ce:	09 f4       	brne	.+2      	; 0x20d2 <vfscanf+0x10c>
    20d0:	7c c0       	rjmp	.+248    	; 0x21ca <vfscanf+0x204>
    20d2:	00 fd       	sbrc	r16, 0
    20d4:	07 c0       	rjmp	.+14     	; 0x20e4 <vfscanf+0x11e>
    20d6:	f5 01       	movw	r30, r10
    20d8:	80 80       	ld	r8, Z
    20da:	91 80       	ldd	r9, Z+1	; 0x01
    20dc:	c5 01       	movw	r24, r10
    20de:	02 96       	adiw	r24, 0x02	; 2
    20e0:	5c 01       	movw	r10, r24
    20e2:	02 c0       	rjmp	.+4      	; 0x20e8 <vfscanf+0x122>
    20e4:	81 2c       	mov	r8, r1
    20e6:	91 2c       	mov	r9, r1
    20e8:	1e 36       	cpi	r17, 0x6E	; 110
    20ea:	49 f4       	brne	.+18     	; 0x20fe <vfscanf+0x138>
    20ec:	f6 01       	movw	r30, r12
    20ee:	46 81       	ldd	r20, Z+6	; 0x06
    20f0:	57 81       	ldd	r21, Z+7	; 0x07
    20f2:	60 e0       	ldi	r22, 0x00	; 0
    20f4:	70 e0       	ldi	r23, 0x00	; 0
    20f6:	20 2f       	mov	r18, r16
    20f8:	c4 01       	movw	r24, r8
    20fa:	b3 dd       	rcall	.-1178   	; 0x1c62 <putval>
    20fc:	7a cf       	rjmp	.-268    	; 0x1ff2 <vfscanf+0x2c>
    20fe:	13 36       	cpi	r17, 0x63	; 99
    2100:	a1 f4       	brne	.+40     	; 0x212a <vfscanf+0x164>
    2102:	01 fd       	sbrc	r16, 1
    2104:	02 c0       	rjmp	.+4      	; 0x210a <vfscanf+0x144>
    2106:	ff 24       	eor	r15, r15
    2108:	f3 94       	inc	r15
    210a:	c6 01       	movw	r24, r12
    210c:	9c d0       	rcall	.+312    	; 0x2246 <fgetc>
    210e:	97 fd       	sbrc	r25, 7
    2110:	5a c0       	rjmp	.+180    	; 0x21c6 <vfscanf+0x200>
    2112:	81 14       	cp	r8, r1
    2114:	91 04       	cpc	r9, r1
    2116:	29 f0       	breq	.+10     	; 0x2122 <vfscanf+0x15c>
    2118:	f4 01       	movw	r30, r8
    211a:	80 83       	st	Z, r24
    211c:	c4 01       	movw	r24, r8
    211e:	01 96       	adiw	r24, 0x01	; 1
    2120:	4c 01       	movw	r8, r24
    2122:	fa 94       	dec	r15
    2124:	f1 10       	cpse	r15, r1
    2126:	f1 cf       	rjmp	.-30     	; 0x210a <vfscanf+0x144>
    2128:	4a c0       	rjmp	.+148    	; 0x21be <vfscanf+0x1f8>
    212a:	1b 35       	cpi	r17, 0x5B	; 91
    212c:	51 f4       	brne	.+20     	; 0x2142 <vfscanf+0x17c>
    212e:	9e 01       	movw	r18, r28
    2130:	a4 01       	movw	r20, r8
    2132:	6f 2d       	mov	r22, r15
    2134:	c6 01       	movw	r24, r12
    2136:	68 de       	rcall	.-816    	; 0x1e08 <conv_brk>
    2138:	ec 01       	movw	r28, r24
    213a:	89 2b       	or	r24, r25
    213c:	09 f0       	breq	.+2      	; 0x2140 <vfscanf+0x17a>
    213e:	3f c0       	rjmp	.+126    	; 0x21be <vfscanf+0x1f8>
    2140:	39 c0       	rjmp	.+114    	; 0x21b4 <vfscanf+0x1ee>
    2142:	c6 01       	movw	r24, r12
    2144:	c1 dd       	rcall	.-1150   	; 0x1cc8 <skip_spaces>
    2146:	97 fd       	sbrc	r25, 7
    2148:	3e c0       	rjmp	.+124    	; 0x21c6 <vfscanf+0x200>
    214a:	1f 36       	cpi	r17, 0x6F	; 111
    214c:	49 f1       	breq	.+82     	; 0x21a0 <vfscanf+0x1da>
    214e:	28 f4       	brcc	.+10     	; 0x215a <vfscanf+0x194>
    2150:	14 36       	cpi	r17, 0x64	; 100
    2152:	21 f1       	breq	.+72     	; 0x219c <vfscanf+0x1d6>
    2154:	19 36       	cpi	r17, 0x69	; 105
    2156:	39 f1       	breq	.+78     	; 0x21a6 <vfscanf+0x1e0>
    2158:	25 c0       	rjmp	.+74     	; 0x21a4 <vfscanf+0x1de>
    215a:	13 37       	cpi	r17, 0x73	; 115
    215c:	71 f0       	breq	.+28     	; 0x217a <vfscanf+0x1b4>
    215e:	15 37       	cpi	r17, 0x75	; 117
    2160:	e9 f0       	breq	.+58     	; 0x219c <vfscanf+0x1d6>
    2162:	20 c0       	rjmp	.+64     	; 0x21a4 <vfscanf+0x1de>
    2164:	81 14       	cp	r8, r1
    2166:	91 04       	cpc	r9, r1
    2168:	29 f0       	breq	.+10     	; 0x2174 <vfscanf+0x1ae>
    216a:	f4 01       	movw	r30, r8
    216c:	60 82       	st	Z, r6
    216e:	c4 01       	movw	r24, r8
    2170:	01 96       	adiw	r24, 0x01	; 1
    2172:	4c 01       	movw	r8, r24
    2174:	fa 94       	dec	r15
    2176:	ff 20       	and	r15, r15
    2178:	59 f0       	breq	.+22     	; 0x2190 <vfscanf+0x1ca>
    217a:	c6 01       	movw	r24, r12
    217c:	64 d0       	rcall	.+200    	; 0x2246 <fgetc>
    217e:	3c 01       	movw	r6, r24
    2180:	97 fd       	sbrc	r25, 7
    2182:	06 c0       	rjmp	.+12     	; 0x2190 <vfscanf+0x1ca>
    2184:	37 d0       	rcall	.+110    	; 0x21f4 <isspace>
    2186:	89 2b       	or	r24, r25
    2188:	69 f3       	breq	.-38     	; 0x2164 <vfscanf+0x19e>
    218a:	b6 01       	movw	r22, r12
    218c:	c3 01       	movw	r24, r6
    218e:	d5 d0       	rcall	.+426    	; 0x233a <ungetc>
    2190:	81 14       	cp	r8, r1
    2192:	91 04       	cpc	r9, r1
    2194:	a1 f0       	breq	.+40     	; 0x21be <vfscanf+0x1f8>
    2196:	f4 01       	movw	r30, r8
    2198:	10 82       	st	Z, r1
    219a:	11 c0       	rjmp	.+34     	; 0x21be <vfscanf+0x1f8>
    219c:	00 62       	ori	r16, 0x20	; 32
    219e:	03 c0       	rjmp	.+6      	; 0x21a6 <vfscanf+0x1e0>
    21a0:	00 61       	ori	r16, 0x10	; 16
    21a2:	01 c0       	rjmp	.+2      	; 0x21a6 <vfscanf+0x1e0>
    21a4:	00 64       	ori	r16, 0x40	; 64
    21a6:	20 2f       	mov	r18, r16
    21a8:	a4 01       	movw	r20, r8
    21aa:	6f 2d       	mov	r22, r15
    21ac:	c6 01       	movw	r24, r12
    21ae:	a2 dd       	rcall	.-1212   	; 0x1cf4 <conv_int>
    21b0:	81 11       	cpse	r24, r1
    21b2:	05 c0       	rjmp	.+10     	; 0x21be <vfscanf+0x1f8>
    21b4:	f6 01       	movw	r30, r12
    21b6:	83 81       	ldd	r24, Z+3	; 0x03
    21b8:	80 73       	andi	r24, 0x30	; 48
    21ba:	29 f4       	brne	.+10     	; 0x21c6 <vfscanf+0x200>
    21bc:	06 c0       	rjmp	.+12     	; 0x21ca <vfscanf+0x204>
    21be:	00 fd       	sbrc	r16, 0
    21c0:	18 cf       	rjmp	.-464    	; 0x1ff2 <vfscanf+0x2c>
    21c2:	53 94       	inc	r5
    21c4:	16 cf       	rjmp	.-468    	; 0x1ff2 <vfscanf+0x2c>
    21c6:	55 20       	and	r5, r5
    21c8:	19 f0       	breq	.+6      	; 0x21d0 <vfscanf+0x20a>
    21ca:	85 2d       	mov	r24, r5
    21cc:	90 e0       	ldi	r25, 0x00	; 0
    21ce:	02 c0       	rjmp	.+4      	; 0x21d4 <vfscanf+0x20e>
    21d0:	8f ef       	ldi	r24, 0xFF	; 255
    21d2:	9f ef       	ldi	r25, 0xFF	; 255
    21d4:	df 91       	pop	r29
    21d6:	cf 91       	pop	r28
    21d8:	1f 91       	pop	r17
    21da:	0f 91       	pop	r16
    21dc:	ff 90       	pop	r15
    21de:	ef 90       	pop	r14
    21e0:	df 90       	pop	r13
    21e2:	cf 90       	pop	r12
    21e4:	bf 90       	pop	r11
    21e6:	af 90       	pop	r10
    21e8:	9f 90       	pop	r9
    21ea:	8f 90       	pop	r8
    21ec:	7f 90       	pop	r7
    21ee:	6f 90       	pop	r6
    21f0:	5f 90       	pop	r5
    21f2:	08 95       	ret

000021f4 <isspace>:
    21f4:	91 11       	cpse	r25, r1
    21f6:	18 c1       	rjmp	.+560    	; 0x2428 <__ctype_isfalse>
    21f8:	80 32       	cpi	r24, 0x20	; 32
    21fa:	19 f0       	breq	.+6      	; 0x2202 <isspace+0xe>
    21fc:	89 50       	subi	r24, 0x09	; 9
    21fe:	85 50       	subi	r24, 0x05	; 5
    2200:	d0 f7       	brcc	.-12     	; 0x21f6 <isspace+0x2>
    2202:	08 95       	ret

00002204 <strchr_P>:
    2204:	fc 01       	movw	r30, r24
    2206:	05 90       	lpm	r0, Z+
    2208:	06 16       	cp	r0, r22
    220a:	21 f0       	breq	.+8      	; 0x2214 <strchr_P+0x10>
    220c:	00 20       	and	r0, r0
    220e:	d9 f7       	brne	.-10     	; 0x2206 <strchr_P+0x2>
    2210:	c0 01       	movw	r24, r0
    2212:	08 95       	ret
    2214:	31 97       	sbiw	r30, 0x01	; 1
    2216:	cf 01       	movw	r24, r30
    2218:	08 95       	ret

0000221a <strnlen_P>:
    221a:	fc 01       	movw	r30, r24
    221c:	05 90       	lpm	r0, Z+
    221e:	61 50       	subi	r22, 0x01	; 1
    2220:	70 40       	sbci	r23, 0x00	; 0
    2222:	01 10       	cpse	r0, r1
    2224:	d8 f7       	brcc	.-10     	; 0x221c <strnlen_P+0x2>
    2226:	80 95       	com	r24
    2228:	90 95       	com	r25
    222a:	8e 0f       	add	r24, r30
    222c:	9f 1f       	adc	r25, r31
    222e:	08 95       	ret

00002230 <strnlen>:
    2230:	fc 01       	movw	r30, r24
    2232:	61 50       	subi	r22, 0x01	; 1
    2234:	70 40       	sbci	r23, 0x00	; 0
    2236:	01 90       	ld	r0, Z+
    2238:	01 10       	cpse	r0, r1
    223a:	d8 f7       	brcc	.-10     	; 0x2232 <strnlen+0x2>
    223c:	80 95       	com	r24
    223e:	90 95       	com	r25
    2240:	8e 0f       	add	r24, r30
    2242:	9f 1f       	adc	r25, r31
    2244:	08 95       	ret

00002246 <fgetc>:
    2246:	cf 93       	push	r28
    2248:	df 93       	push	r29
    224a:	ec 01       	movw	r28, r24
    224c:	2b 81       	ldd	r18, Y+3	; 0x03
    224e:	20 ff       	sbrs	r18, 0
    2250:	33 c0       	rjmp	.+102    	; 0x22b8 <fgetc+0x72>
    2252:	26 ff       	sbrs	r18, 6
    2254:	0a c0       	rjmp	.+20     	; 0x226a <fgetc+0x24>
    2256:	2f 7b       	andi	r18, 0xBF	; 191
    2258:	2b 83       	std	Y+3, r18	; 0x03
    225a:	8e 81       	ldd	r24, Y+6	; 0x06
    225c:	9f 81       	ldd	r25, Y+7	; 0x07
    225e:	01 96       	adiw	r24, 0x01	; 1
    2260:	9f 83       	std	Y+7, r25	; 0x07
    2262:	8e 83       	std	Y+6, r24	; 0x06
    2264:	8a 81       	ldd	r24, Y+2	; 0x02
    2266:	90 e0       	ldi	r25, 0x00	; 0
    2268:	29 c0       	rjmp	.+82     	; 0x22bc <fgetc+0x76>
    226a:	22 ff       	sbrs	r18, 2
    226c:	0f c0       	rjmp	.+30     	; 0x228c <fgetc+0x46>
    226e:	e8 81       	ld	r30, Y
    2270:	f9 81       	ldd	r31, Y+1	; 0x01
    2272:	80 81       	ld	r24, Z
    2274:	08 2e       	mov	r0, r24
    2276:	00 0c       	add	r0, r0
    2278:	99 0b       	sbc	r25, r25
    227a:	00 97       	sbiw	r24, 0x00	; 0
    227c:	19 f4       	brne	.+6      	; 0x2284 <fgetc+0x3e>
    227e:	20 62       	ori	r18, 0x20	; 32
    2280:	2b 83       	std	Y+3, r18	; 0x03
    2282:	1a c0       	rjmp	.+52     	; 0x22b8 <fgetc+0x72>
    2284:	31 96       	adiw	r30, 0x01	; 1
    2286:	f9 83       	std	Y+1, r31	; 0x01
    2288:	e8 83       	st	Y, r30
    228a:	0e c0       	rjmp	.+28     	; 0x22a8 <fgetc+0x62>
    228c:	ea 85       	ldd	r30, Y+10	; 0x0a
    228e:	fb 85       	ldd	r31, Y+11	; 0x0b
    2290:	09 95       	icall
    2292:	97 ff       	sbrs	r25, 7
    2294:	09 c0       	rjmp	.+18     	; 0x22a8 <fgetc+0x62>
    2296:	2b 81       	ldd	r18, Y+3	; 0x03
    2298:	01 96       	adiw	r24, 0x01	; 1
    229a:	11 f0       	breq	.+4      	; 0x22a0 <fgetc+0x5a>
    229c:	80 e2       	ldi	r24, 0x20	; 32
    229e:	01 c0       	rjmp	.+2      	; 0x22a2 <fgetc+0x5c>
    22a0:	80 e1       	ldi	r24, 0x10	; 16
    22a2:	82 2b       	or	r24, r18
    22a4:	8b 83       	std	Y+3, r24	; 0x03
    22a6:	08 c0       	rjmp	.+16     	; 0x22b8 <fgetc+0x72>
    22a8:	2e 81       	ldd	r18, Y+6	; 0x06
    22aa:	3f 81       	ldd	r19, Y+7	; 0x07
    22ac:	2f 5f       	subi	r18, 0xFF	; 255
    22ae:	3f 4f       	sbci	r19, 0xFF	; 255
    22b0:	3f 83       	std	Y+7, r19	; 0x07
    22b2:	2e 83       	std	Y+6, r18	; 0x06
    22b4:	99 27       	eor	r25, r25
    22b6:	02 c0       	rjmp	.+4      	; 0x22bc <fgetc+0x76>
    22b8:	8f ef       	ldi	r24, 0xFF	; 255
    22ba:	9f ef       	ldi	r25, 0xFF	; 255
    22bc:	df 91       	pop	r29
    22be:	cf 91       	pop	r28
    22c0:	08 95       	ret

000022c2 <fputc>:
    22c2:	0f 93       	push	r16
    22c4:	1f 93       	push	r17
    22c6:	cf 93       	push	r28
    22c8:	df 93       	push	r29
    22ca:	fb 01       	movw	r30, r22
    22cc:	23 81       	ldd	r18, Z+3	; 0x03
    22ce:	21 fd       	sbrc	r18, 1
    22d0:	03 c0       	rjmp	.+6      	; 0x22d8 <fputc+0x16>
    22d2:	8f ef       	ldi	r24, 0xFF	; 255
    22d4:	9f ef       	ldi	r25, 0xFF	; 255
    22d6:	2c c0       	rjmp	.+88     	; 0x2330 <fputc+0x6e>
    22d8:	22 ff       	sbrs	r18, 2
    22da:	16 c0       	rjmp	.+44     	; 0x2308 <fputc+0x46>
    22dc:	46 81       	ldd	r20, Z+6	; 0x06
    22de:	57 81       	ldd	r21, Z+7	; 0x07
    22e0:	24 81       	ldd	r18, Z+4	; 0x04
    22e2:	35 81       	ldd	r19, Z+5	; 0x05
    22e4:	42 17       	cp	r20, r18
    22e6:	53 07       	cpc	r21, r19
    22e8:	44 f4       	brge	.+16     	; 0x22fa <fputc+0x38>
    22ea:	a0 81       	ld	r26, Z
    22ec:	b1 81       	ldd	r27, Z+1	; 0x01
    22ee:	9d 01       	movw	r18, r26
    22f0:	2f 5f       	subi	r18, 0xFF	; 255
    22f2:	3f 4f       	sbci	r19, 0xFF	; 255
    22f4:	31 83       	std	Z+1, r19	; 0x01
    22f6:	20 83       	st	Z, r18
    22f8:	8c 93       	st	X, r24
    22fa:	26 81       	ldd	r18, Z+6	; 0x06
    22fc:	37 81       	ldd	r19, Z+7	; 0x07
    22fe:	2f 5f       	subi	r18, 0xFF	; 255
    2300:	3f 4f       	sbci	r19, 0xFF	; 255
    2302:	37 83       	std	Z+7, r19	; 0x07
    2304:	26 83       	std	Z+6, r18	; 0x06
    2306:	14 c0       	rjmp	.+40     	; 0x2330 <fputc+0x6e>
    2308:	8b 01       	movw	r16, r22
    230a:	ec 01       	movw	r28, r24
    230c:	fb 01       	movw	r30, r22
    230e:	00 84       	ldd	r0, Z+8	; 0x08
    2310:	f1 85       	ldd	r31, Z+9	; 0x09
    2312:	e0 2d       	mov	r30, r0
    2314:	09 95       	icall
    2316:	89 2b       	or	r24, r25
    2318:	e1 f6       	brne	.-72     	; 0x22d2 <fputc+0x10>
    231a:	d8 01       	movw	r26, r16
    231c:	16 96       	adiw	r26, 0x06	; 6
    231e:	8d 91       	ld	r24, X+
    2320:	9c 91       	ld	r25, X
    2322:	17 97       	sbiw	r26, 0x07	; 7
    2324:	01 96       	adiw	r24, 0x01	; 1
    2326:	17 96       	adiw	r26, 0x07	; 7
    2328:	9c 93       	st	X, r25
    232a:	8e 93       	st	-X, r24
    232c:	16 97       	sbiw	r26, 0x06	; 6
    232e:	ce 01       	movw	r24, r28
    2330:	df 91       	pop	r29
    2332:	cf 91       	pop	r28
    2334:	1f 91       	pop	r17
    2336:	0f 91       	pop	r16
    2338:	08 95       	ret

0000233a <ungetc>:
    233a:	fb 01       	movw	r30, r22
    233c:	23 81       	ldd	r18, Z+3	; 0x03
    233e:	20 ff       	sbrs	r18, 0
    2340:	12 c0       	rjmp	.+36     	; 0x2366 <ungetc+0x2c>
    2342:	26 fd       	sbrc	r18, 6
    2344:	10 c0       	rjmp	.+32     	; 0x2366 <ungetc+0x2c>
    2346:	8f 3f       	cpi	r24, 0xFF	; 255
    2348:	3f ef       	ldi	r19, 0xFF	; 255
    234a:	93 07       	cpc	r25, r19
    234c:	61 f0       	breq	.+24     	; 0x2366 <ungetc+0x2c>
    234e:	82 83       	std	Z+2, r24	; 0x02
    2350:	2f 7d       	andi	r18, 0xDF	; 223
    2352:	20 64       	ori	r18, 0x40	; 64
    2354:	23 83       	std	Z+3, r18	; 0x03
    2356:	26 81       	ldd	r18, Z+6	; 0x06
    2358:	37 81       	ldd	r19, Z+7	; 0x07
    235a:	21 50       	subi	r18, 0x01	; 1
    235c:	31 09       	sbc	r19, r1
    235e:	37 83       	std	Z+7, r19	; 0x07
    2360:	26 83       	std	Z+6, r18	; 0x06
    2362:	99 27       	eor	r25, r25
    2364:	08 95       	ret
    2366:	8f ef       	ldi	r24, 0xFF	; 255
    2368:	9f ef       	ldi	r25, 0xFF	; 255
    236a:	08 95       	ret

0000236c <__ultoa_invert>:
    236c:	fa 01       	movw	r30, r20
    236e:	aa 27       	eor	r26, r26
    2370:	28 30       	cpi	r18, 0x08	; 8
    2372:	51 f1       	breq	.+84     	; 0x23c8 <__ultoa_invert+0x5c>
    2374:	20 31       	cpi	r18, 0x10	; 16
    2376:	81 f1       	breq	.+96     	; 0x23d8 <__ultoa_invert+0x6c>
    2378:	e8 94       	clt
    237a:	6f 93       	push	r22
    237c:	6e 7f       	andi	r22, 0xFE	; 254
    237e:	6e 5f       	subi	r22, 0xFE	; 254
    2380:	7f 4f       	sbci	r23, 0xFF	; 255
    2382:	8f 4f       	sbci	r24, 0xFF	; 255
    2384:	9f 4f       	sbci	r25, 0xFF	; 255
    2386:	af 4f       	sbci	r26, 0xFF	; 255
    2388:	b1 e0       	ldi	r27, 0x01	; 1
    238a:	3e d0       	rcall	.+124    	; 0x2408 <__ultoa_invert+0x9c>
    238c:	b4 e0       	ldi	r27, 0x04	; 4
    238e:	3c d0       	rcall	.+120    	; 0x2408 <__ultoa_invert+0x9c>
    2390:	67 0f       	add	r22, r23
    2392:	78 1f       	adc	r23, r24
    2394:	89 1f       	adc	r24, r25
    2396:	9a 1f       	adc	r25, r26
    2398:	a1 1d       	adc	r26, r1
    239a:	68 0f       	add	r22, r24
    239c:	79 1f       	adc	r23, r25
    239e:	8a 1f       	adc	r24, r26
    23a0:	91 1d       	adc	r25, r1
    23a2:	a1 1d       	adc	r26, r1
    23a4:	6a 0f       	add	r22, r26
    23a6:	71 1d       	adc	r23, r1
    23a8:	81 1d       	adc	r24, r1
    23aa:	91 1d       	adc	r25, r1
    23ac:	a1 1d       	adc	r26, r1
    23ae:	20 d0       	rcall	.+64     	; 0x23f0 <__ultoa_invert+0x84>
    23b0:	09 f4       	brne	.+2      	; 0x23b4 <__ultoa_invert+0x48>
    23b2:	68 94       	set
    23b4:	3f 91       	pop	r19
    23b6:	2a e0       	ldi	r18, 0x0A	; 10
    23b8:	26 9f       	mul	r18, r22
    23ba:	11 24       	eor	r1, r1
    23bc:	30 19       	sub	r19, r0
    23be:	30 5d       	subi	r19, 0xD0	; 208
    23c0:	31 93       	st	Z+, r19
    23c2:	de f6       	brtc	.-74     	; 0x237a <__ultoa_invert+0xe>
    23c4:	cf 01       	movw	r24, r30
    23c6:	08 95       	ret
    23c8:	46 2f       	mov	r20, r22
    23ca:	47 70       	andi	r20, 0x07	; 7
    23cc:	40 5d       	subi	r20, 0xD0	; 208
    23ce:	41 93       	st	Z+, r20
    23d0:	b3 e0       	ldi	r27, 0x03	; 3
    23d2:	0f d0       	rcall	.+30     	; 0x23f2 <__ultoa_invert+0x86>
    23d4:	c9 f7       	brne	.-14     	; 0x23c8 <__ultoa_invert+0x5c>
    23d6:	f6 cf       	rjmp	.-20     	; 0x23c4 <__ultoa_invert+0x58>
    23d8:	46 2f       	mov	r20, r22
    23da:	4f 70       	andi	r20, 0x0F	; 15
    23dc:	40 5d       	subi	r20, 0xD0	; 208
    23de:	4a 33       	cpi	r20, 0x3A	; 58
    23e0:	18 f0       	brcs	.+6      	; 0x23e8 <__ultoa_invert+0x7c>
    23e2:	49 5d       	subi	r20, 0xD9	; 217
    23e4:	31 fd       	sbrc	r19, 1
    23e6:	40 52       	subi	r20, 0x20	; 32
    23e8:	41 93       	st	Z+, r20
    23ea:	02 d0       	rcall	.+4      	; 0x23f0 <__ultoa_invert+0x84>
    23ec:	a9 f7       	brne	.-22     	; 0x23d8 <__ultoa_invert+0x6c>
    23ee:	ea cf       	rjmp	.-44     	; 0x23c4 <__ultoa_invert+0x58>
    23f0:	b4 e0       	ldi	r27, 0x04	; 4
    23f2:	a6 95       	lsr	r26
    23f4:	97 95       	ror	r25
    23f6:	87 95       	ror	r24
    23f8:	77 95       	ror	r23
    23fa:	67 95       	ror	r22
    23fc:	ba 95       	dec	r27
    23fe:	c9 f7       	brne	.-14     	; 0x23f2 <__ultoa_invert+0x86>
    2400:	00 97       	sbiw	r24, 0x00	; 0
    2402:	61 05       	cpc	r22, r1
    2404:	71 05       	cpc	r23, r1
    2406:	08 95       	ret
    2408:	9b 01       	movw	r18, r22
    240a:	ac 01       	movw	r20, r24
    240c:	0a 2e       	mov	r0, r26
    240e:	06 94       	lsr	r0
    2410:	57 95       	ror	r21
    2412:	47 95       	ror	r20
    2414:	37 95       	ror	r19
    2416:	27 95       	ror	r18
    2418:	ba 95       	dec	r27
    241a:	c9 f7       	brne	.-14     	; 0x240e <__ultoa_invert+0xa2>
    241c:	62 0f       	add	r22, r18
    241e:	73 1f       	adc	r23, r19
    2420:	84 1f       	adc	r24, r20
    2422:	95 1f       	adc	r25, r21
    2424:	a0 1d       	adc	r26, r0
    2426:	08 95       	ret

00002428 <__ctype_isfalse>:
    2428:	99 27       	eor	r25, r25
    242a:	88 27       	eor	r24, r24

0000242c <__ctype_istrue>:
    242c:	08 95       	ret

0000242e <_exit>:
    242e:	f8 94       	cli

00002430 <__stop_program>:
    2430:	ff cf       	rjmp	.-2      	; 0x2430 <__stop_program>
