
07.AUTO_CAR.elf:     file format elf32-avr

Sections:
Idx Name          Size      VMA       LMA       File off  Algn
  0 .data         00000044  00800100  0000164e  000016e2  2**0
                  CONTENTS, ALLOC, LOAD, DATA
  1 .text         0000164e  00000000  00000000  00000094  2**1
                  CONTENTS, ALLOC, LOAD, READONLY, CODE
  2 .bss          0000035b  00800144  00800144  00001726  2**0
                  ALLOC
  3 .comment      0000005c  00000000  00000000  00001726  2**0
                  CONTENTS, READONLY
  4 .note.gnu.avr.deviceinfo 00000040  00000000  00000000  00001784  2**2
                  CONTENTS, READONLY
  5 .debug_aranges 000001f8  00000000  00000000  000017c4  2**0
                  CONTENTS, READONLY, DEBUGGING
  6 .debug_info   00001ae3  00000000  00000000  000019bc  2**0
                  CONTENTS, READONLY, DEBUGGING
  7 .debug_abbrev 00000f42  00000000  00000000  0000349f  2**0
                  CONTENTS, READONLY, DEBUGGING
  8 .debug_line   00000f84  00000000  00000000  000043e1  2**0
                  CONTENTS, READONLY, DEBUGGING
  9 .debug_frame  000004e8  00000000  00000000  00005368  2**2
                  CONTENTS, READONLY, DEBUGGING
 10 .debug_str    000008d1  00000000  00000000  00005850  2**0
                  CONTENTS, READONLY, DEBUGGING
 11 .debug_loc    00000aa6  00000000  00000000  00006121  2**0
                  CONTENTS, READONLY, DEBUGGING
 12 .debug_ranges 00000188  00000000  00000000  00006bc7  2**0
                  CONTENTS, READONLY, DEBUGGING

Disassembly of section .text:

00000000 <__vectors>:
       0:	87 c0       	rjmp	.+270    	; 0x110 <__ctors_end>
       2:	00 00       	nop
       4:	a3 c0       	rjmp	.+326    	; 0x14c <__bad_interrupt>
       6:	00 00       	nop
       8:	a1 c0       	rjmp	.+322    	; 0x14c <__bad_interrupt>
       a:	00 00       	nop
       c:	9f c0       	rjmp	.+318    	; 0x14c <__bad_interrupt>
       e:	00 00       	nop
      10:	9d c0       	rjmp	.+314    	; 0x14c <__bad_interrupt>
      12:	00 00       	nop
      14:	1c c5       	rjmp	.+2616   	; 0xa4e <__vector_5>
      16:	00 00       	nop
      18:	7d c5       	rjmp	.+2810   	; 0xb14 <__vector_6>
      1a:	00 00       	nop
      1c:	de c5       	rjmp	.+3004   	; 0xbda <__vector_7>
      1e:	00 00       	nop
      20:	95 c0       	rjmp	.+298    	; 0x14c <__bad_interrupt>
      22:	00 00       	nop
      24:	93 c0       	rjmp	.+294    	; 0x14c <__bad_interrupt>
      26:	00 00       	nop
      28:	91 c0       	rjmp	.+290    	; 0x14c <__bad_interrupt>
      2a:	00 00       	nop
      2c:	8f c0       	rjmp	.+286    	; 0x14c <__bad_interrupt>
      2e:	00 00       	nop
      30:	8d c0       	rjmp	.+282    	; 0x14c <__bad_interrupt>
      32:	00 00       	nop
      34:	8b c0       	rjmp	.+278    	; 0x14c <__bad_interrupt>
      36:	00 00       	nop
      38:	89 c0       	rjmp	.+274    	; 0x14c <__bad_interrupt>
      3a:	00 00       	nop
      3c:	87 c0       	rjmp	.+270    	; 0x14c <__bad_interrupt>
      3e:	00 00       	nop
      40:	49 c3       	rjmp	.+1682   	; 0x6d4 <__vector_16>
      42:	00 00       	nop
      44:	83 c0       	rjmp	.+262    	; 0x14c <__bad_interrupt>
      46:	00 00       	nop
      48:	d2 c4       	rjmp	.+2468   	; 0x9ee <__vector_18>
      4a:	00 00       	nop
      4c:	7f c0       	rjmp	.+254    	; 0x14c <__bad_interrupt>
      4e:	00 00       	nop
      50:	7d c0       	rjmp	.+250    	; 0x14c <__bad_interrupt>
      52:	00 00       	nop
      54:	7b c0       	rjmp	.+246    	; 0x14c <__bad_interrupt>
      56:	00 00       	nop
      58:	79 c0       	rjmp	.+242    	; 0x14c <__bad_interrupt>
      5a:	00 00       	nop
      5c:	77 c0       	rjmp	.+238    	; 0x14c <__bad_interrupt>
      5e:	00 00       	nop
      60:	75 c0       	rjmp	.+234    	; 0x14c <__bad_interrupt>
      62:	00 00       	nop
      64:	73 c0       	rjmp	.+230    	; 0x14c <__bad_interrupt>
      66:	00 00       	nop
      68:	71 c0       	rjmp	.+226    	; 0x14c <__bad_interrupt>
      6a:	00 00       	nop
      6c:	6f c0       	rjmp	.+222    	; 0x14c <__bad_interrupt>
      6e:	00 00       	nop
      70:	6d c0       	rjmp	.+218    	; 0x14c <__bad_interrupt>
      72:	00 00       	nop
      74:	6b c0       	rjmp	.+214    	; 0x14c <__bad_interrupt>
      76:	00 00       	nop
      78:	69 c0       	rjmp	.+210    	; 0x14c <__bad_interrupt>
      7a:	00 00       	nop
      7c:	67 c0       	rjmp	.+206    	; 0x14c <__bad_interrupt>
      7e:	00 00       	nop
      80:	65 c0       	rjmp	.+202    	; 0x14c <__bad_interrupt>
      82:	00 00       	nop
      84:	63 c0       	rjmp	.+198    	; 0x14c <__bad_interrupt>
      86:	00 00       	nop
      88:	61 c0       	rjmp	.+194    	; 0x14c <__bad_interrupt>
      8a:	00 00       	nop
      8c:	f7 00       	.word	0x00f7	; ????
      8e:	07 01       	movw	r0, r14
      90:	1e 01       	movw	r2, r28
      92:	39 01       	movw	r6, r18
      94:	50 01       	movw	r10, r0
      96:	59 01       	movw	r10, r18
      98:	62 01       	movw	r12, r4
      9a:	6b 01       	movw	r12, r22
      9c:	95 01       	movw	r18, r10
      9e:	a3 01       	movw	r20, r6
      a0:	b8 01       	movw	r22, r16
      a2:	da 01       	movw	r26, r20
      a4:	ef 01       	movw	r28, r30
      a6:	fb 01       	movw	r30, r22
      a8:	07 02       	muls	r16, r23
      aa:	13 02       	muls	r17, r19
      ac:	8d 02       	muls	r24, r29
      ae:	9a 02       	muls	r25, r26
      b0:	9a 02       	muls	r25, r26
      b2:	9a 02       	muls	r25, r26
      b4:	89 02       	muls	r24, r25
      b6:	9a 02       	muls	r25, r26
      b8:	9a 02       	muls	r25, r26
      ba:	9a 02       	muls	r25, r26
      bc:	9a 02       	muls	r25, r26
      be:	9a 02       	muls	r25, r26
      c0:	91 02       	muls	r25, r17
      c2:	9a 02       	muls	r25, r26
      c4:	9a 02       	muls	r25, r26
      c6:	9a 02       	muls	r25, r26
      c8:	9a 02       	muls	r25, r26
      ca:	9a 02       	muls	r25, r26
      cc:	95 02       	muls	r25, r21
      ce:	99 02       	muls	r25, r25
      d0:	9a 02       	muls	r25, r26
      d2:	9a 02       	muls	r25, r26
      d4:	9a 02       	muls	r25, r26
      d6:	9a 02       	muls	r25, r26
      d8:	9a 02       	muls	r25, r26
      da:	9a 02       	muls	r25, r26
      dc:	9a 02       	muls	r25, r26
      de:	9a 02       	muls	r25, r26
      e0:	9a 02       	muls	r25, r26
      e2:	9a 02       	muls	r25, r26
      e4:	9a 02       	muls	r25, r26
      e6:	9a 02       	muls	r25, r26
      e8:	9a 02       	muls	r25, r26
      ea:	9a 02       	muls	r25, r26
      ec:	8d 02       	muls	r24, r29
      ee:	9a 02       	muls	r25, r26
      f0:	9a 02       	muls	r25, r26
      f2:	9a 02       	muls	r25, r26
      f4:	89 02       	muls	r24, r25
      f6:	9a 02       	muls	r25, r26
      f8:	9a 02       	muls	r25, r26
      fa:	9a 02       	muls	r25, r26
      fc:	9a 02       	muls	r25, r26
      fe:	9a 02       	muls	r25, r26
     100:	91 02       	muls	r25, r17
     102:	9a 02       	muls	r25, r26
     104:	9a 02       	muls	r25, r26
     106:	9a 02       	muls	r25, r26
     108:	9a 02       	muls	r25, r26
     10a:	9a 02       	muls	r25, r26
     10c:	95 02       	muls	r25, r21
     10e:	99 02       	muls	r25, r25

00000110 <__ctors_end>:
     110:	11 24       	eor	r1, r1
     112:	1f be       	out	0x3f, r1	; 63
     114:	cf ef       	ldi	r28, 0xFF	; 255
     116:	d0 e1       	ldi	r29, 0x10	; 16
     118:	de bf       	out	0x3e, r29	; 62
     11a:	cd bf       	out	0x3d, r28	; 61

0000011c <__do_copy_data>:
     11c:	11 e0       	ldi	r17, 0x01	; 1
     11e:	a0 e0       	ldi	r26, 0x00	; 0
     120:	b1 e0       	ldi	r27, 0x01	; 1
     122:	ee e4       	ldi	r30, 0x4E	; 78
     124:	f6 e1       	ldi	r31, 0x16	; 22
     126:	00 e0       	ldi	r16, 0x00	; 0
     128:	0b bf       	out	0x3b, r16	; 59
     12a:	02 c0       	rjmp	.+4      	; 0x130 <__do_copy_data+0x14>
     12c:	07 90       	elpm	r0, Z+
     12e:	0d 92       	st	X+, r0
     130:	a4 34       	cpi	r26, 0x44	; 68
     132:	b1 07       	cpc	r27, r17
     134:	d9 f7       	brne	.-10     	; 0x12c <__do_copy_data+0x10>

00000136 <__do_clear_bss>:
     136:	24 e0       	ldi	r18, 0x04	; 4
     138:	a4 e4       	ldi	r26, 0x44	; 68
     13a:	b1 e0       	ldi	r27, 0x01	; 1
     13c:	01 c0       	rjmp	.+2      	; 0x140 <.do_clear_bss_start>

0000013e <.do_clear_bss_loop>:
     13e:	1d 92       	st	X+, r1

00000140 <.do_clear_bss_start>:
     140:	af 39       	cpi	r26, 0x9F	; 159
     142:	b2 07       	cpc	r27, r18
     144:	e1 f7       	brne	.-8      	; 0x13e <.do_clear_bss_loop>
     146:	6f d3       	rcall	.+1758   	; 0x826 <main>
     148:	0c 94 25 0b 	jmp	0x164a	; 0x164a <_exit>

0000014c <__bad_interrupt>:
     14c:	59 cf       	rjmp	.-334    	; 0x0 <__vectors>

0000014e <init_button>:
int get_button(int button_num, int button_pin);

// 버튼 초기화 방향설정(입력) 
void init_button(void)
{
	BUTTON_DDR &= ~(1 << BUTTONPIN);
     14e:	8a b3       	in	r24, 0x1a	; 26
     150:	8f 7e       	andi	r24, 0xEF	; 239
     152:	8a bb       	out	0x1a, r24	; 26
     154:	08 95       	ret

00000156 <get_button>:
	};
	// static 지역변수에 static을 선언하면 함수를 빠져나와 다시 들어가도 이전값유지 
	int current_state;
	
	// 1. button을 읽는다. 
	current_state = BUTTON_PIN & (1 << button_pin);
     156:	29 b3       	in	r18, 0x19	; 25
     158:	42 2f       	mov	r20, r18
     15a:	50 e0       	ldi	r21, 0x00	; 0
     15c:	21 e0       	ldi	r18, 0x01	; 1
     15e:	30 e0       	ldi	r19, 0x00	; 0
     160:	02 c0       	rjmp	.+4      	; 0x166 <get_button+0x10>
     162:	22 0f       	add	r18, r18
     164:	33 1f       	adc	r19, r19
     166:	6a 95       	dec	r22
     168:	e2 f7       	brpl	.-8      	; 0x162 <get_button+0xc>
     16a:	24 23       	and	r18, r20
     16c:	35 23       	and	r19, r21
	// 2. 버튼 상태 check 
	if (current_state  && button_status[button_num] == BUTTON_RELEASE)  // 버튼이 처음 눌려진 상태 
     16e:	21 15       	cp	r18, r1
     170:	31 05       	cpc	r19, r1
     172:	71 f0       	breq	.+28     	; 0x190 <get_button+0x3a>
     174:	fc 01       	movw	r30, r24
     176:	ec 5b       	subi	r30, 0xBC	; 188
     178:	fe 4f       	sbci	r31, 0xFE	; 254
     17a:	40 81       	ld	r20, Z
     17c:	41 11       	cpse	r20, r1
     17e:	08 c0       	rjmp	.+16     	; 0x190 <get_button+0x3a>
	{
		button_status[button_num] =BUTTON_PRESS;  
     180:	fc 01       	movw	r30, r24
     182:	ec 5b       	subi	r30, 0xBC	; 188
     184:	fe 4f       	sbci	r31, 0xFE	; 254
     186:	21 e0       	ldi	r18, 0x01	; 1
     188:	20 83       	st	Z, r18
		return 0;     // 아직은 완전히 눌렀다 뗀 상태가 아니다. 
     18a:	80 e0       	ldi	r24, 0x00	; 0
     18c:	90 e0       	ldi	r25, 0x00	; 0
     18e:	08 95       	ret
	}
	else if (button_status[button_num] == BUTTON_PRESS && current_state == BUTTON_RELEASE)
     190:	fc 01       	movw	r30, r24
     192:	ec 5b       	subi	r30, 0xBC	; 188
     194:	fe 4f       	sbci	r31, 0xFE	; 254
     196:	40 81       	ld	r20, Z
     198:	41 30       	cpi	r20, 0x01	; 1
     19a:	49 f4       	brne	.+18     	; 0x1ae <get_button+0x58>
     19c:	23 2b       	or	r18, r19
     19e:	51 f4       	brne	.+20     	; 0x1b4 <get_button+0x5e>
	{  // 버튼이 이전에 눌려진 상태였으며 지금은 떼어진 상태 
		button_status[button_num] = BUTTON_RELEASE;   // 다음 버튼을 체크 하기 위하여 초기화
     1a0:	fc 01       	movw	r30, r24
     1a2:	ec 5b       	subi	r30, 0xBC	; 188
     1a4:	fe 4f       	sbci	r31, 0xFE	; 254
     1a6:	10 82       	st	Z, r1

		return 1;   // 완전히 1번 눌렀다 뗀 상태로 인정 한다. 
     1a8:	81 e0       	ldi	r24, 0x01	; 1
     1aa:	90 e0       	ldi	r25, 0x00	; 0
     1ac:	08 95       	ret
	}
	
	return 0;   // 버튼이 open 상태 이다. 
     1ae:	80 e0       	ldi	r24, 0x00	; 0
     1b0:	90 e0       	ldi	r25, 0x00	; 0
     1b2:	08 95       	ret
     1b4:	80 e0       	ldi	r24, 0x00	; 0
     1b6:	90 e0       	ldi	r25, 0x00	; 0
}
     1b8:	08 95       	ret

000001ba <init_fnd>:


void init_fnd(void)
{
	// 두 개 FND에 대해 모두 초기화
	FND_DATA_DDR = 0xff; 
     1ba:	8f ef       	ldi	r24, 0xFF	; 255
     1bc:	81 bb       	out	0x11, r24	; 17
		
	PORTC |= 0xff;	// 출력 모드로 설정
     1be:	95 b3       	in	r25, 0x15	; 21
     1c0:	85 bb       	out	0x15, r24	; 21
	FND_DIGIT_DDR |= 1 << FST_FND_DIGIT_D1 | 1 << FST_FND_DIGIT_D2 | 1 << FST_FND_DIGIT_D3 | 1 << FST_FND_DIGIT_D4 | 1 << SND_FND_DIGIT_D1 | 1 << SND_FND_DIGIT_D2 | 1 << SND_FND_DIGIT_D3 | 1 << SND_FND_DIGIT_D4;
     1c2:	94 b3       	in	r25, 0x14	; 20
     1c4:	84 bb       	out	0x14, r24	; 20

	
	FND_DATA_PORT = ~0xff;
     1c6:	12 ba       	out	0x12, r1	; 18
     1c8:	08 95       	ret

000001ca <find_display_FST>:

}

void find_display_FST(uint32_t sec_count, uint32_t dot_display, int car_direction)
{
     1ca:	0f 93       	push	r16
     1cc:	1f 93       	push	r17
     1ce:	cf 93       	push	r28
     1d0:	c2 2f       	mov	r28, r18
	};

	static int digit_select = 0;

	// 전체 끄기 + 데이터 클리어
	PORTC = 0xff;
     1d2:	2f ef       	ldi	r18, 0xFF	; 255
     1d4:	25 bb       	out	0x15, r18	; 21
	FND_DATA_PORT = 0x00;
     1d6:	12 ba       	out	0x12, r1	; 18

	switch(digit_select) {
     1d8:	e0 91 47 01 	lds	r30, 0x0147	; 0x800147 <digit_select.1773>
     1dc:	f0 91 48 01 	lds	r31, 0x0148	; 0x800148 <digit_select.1773+0x1>
     1e0:	e8 30       	cpi	r30, 0x08	; 8
     1e2:	f1 05       	cpc	r31, r1
     1e4:	08 f0       	brcs	.+2      	; 0x1e8 <find_display_FST+0x1e>
     1e6:	7f c0       	rjmp	.+254    	; 0x2e6 <find_display_FST+0x11c>
     1e8:	ea 5b       	subi	r30, 0xBA	; 186
     1ea:	ff 4f       	sbci	r31, 0xFF	; 255
     1ec:	65 c7       	rjmp	.+3786   	; 0x10b8 <__tablejump2__>
		// FST FND 분초타이머 (PC0~PC3)
		case 0:
		FND_DIGIT_PORT = 0xff;
     1ee:	2f ef       	ldi	r18, 0xFF	; 255
     1f0:	25 bb       	out	0x15, r18	; 21
		FND_DATA_PORT = find_font[sec_count % 10];
     1f2:	2a e0       	ldi	r18, 0x0A	; 10
     1f4:	30 e0       	ldi	r19, 0x00	; 0
     1f6:	40 e0       	ldi	r20, 0x00	; 0
     1f8:	50 e0       	ldi	r21, 0x00	; 0
     1fa:	3c d7       	rcall	.+3704   	; 0x1074 <__udivmodsi4>
     1fc:	fb 01       	movw	r30, r22
     1fe:	e9 5d       	subi	r30, 0xD9	; 217
     200:	fe 4f       	sbci	r31, 0xFE	; 254
     202:	80 81       	ld	r24, Z
     204:	82 bb       	out	0x12, r24	; 18
		PORTC &= ~(1 << FST_FND_DIGIT_D4);
     206:	85 b3       	in	r24, 0x15	; 21
     208:	87 7f       	andi	r24, 0xF7	; 247
     20a:	85 bb       	out	0x15, r24	; 21
		break;
     20c:	6c c0       	rjmp	.+216    	; 0x2e6 <find_display_FST+0x11c>
		case 1:
		FND_DIGIT_PORT = 0xff;
     20e:	2f ef       	ldi	r18, 0xFF	; 255
     210:	25 bb       	out	0x15, r18	; 21
		FND_DATA_PORT = find_font[sec_count / 10 % 6];
     212:	2a e0       	ldi	r18, 0x0A	; 10
     214:	30 e0       	ldi	r19, 0x00	; 0
     216:	40 e0       	ldi	r20, 0x00	; 0
     218:	50 e0       	ldi	r21, 0x00	; 0
     21a:	2c d7       	rcall	.+3672   	; 0x1074 <__udivmodsi4>
     21c:	ca 01       	movw	r24, r20
     21e:	b9 01       	movw	r22, r18
     220:	26 e0       	ldi	r18, 0x06	; 6
     222:	30 e0       	ldi	r19, 0x00	; 0
     224:	40 e0       	ldi	r20, 0x00	; 0
     226:	50 e0       	ldi	r21, 0x00	; 0
     228:	25 d7       	rcall	.+3658   	; 0x1074 <__udivmodsi4>
     22a:	fb 01       	movw	r30, r22
     22c:	e9 5d       	subi	r30, 0xD9	; 217
     22e:	fe 4f       	sbci	r31, 0xFE	; 254
     230:	80 81       	ld	r24, Z
     232:	82 bb       	out	0x12, r24	; 18
		PORTC &= ~(1 << FST_FND_DIGIT_D3);
     234:	85 b3       	in	r24, 0x15	; 21
     236:	8b 7f       	andi	r24, 0xFB	; 251
     238:	85 bb       	out	0x15, r24	; 21
		break;
     23a:	55 c0       	rjmp	.+170    	; 0x2e6 <find_display_FST+0x11c>
		case 2:
		FND_DIGIT_PORT = 0xff;
     23c:	2f ef       	ldi	r18, 0xFF	; 255
     23e:	25 bb       	out	0x15, r18	; 21
		FND_DATA_PORT = find_font[sec_count / 60 % 10] | (0x80 * dot_display);
     240:	2c e3       	ldi	r18, 0x3C	; 60
     242:	30 e0       	ldi	r19, 0x00	; 0
     244:	40 e0       	ldi	r20, 0x00	; 0
     246:	50 e0       	ldi	r21, 0x00	; 0
     248:	15 d7       	rcall	.+3626   	; 0x1074 <__udivmodsi4>
     24a:	ca 01       	movw	r24, r20
     24c:	b9 01       	movw	r22, r18
     24e:	2a e0       	ldi	r18, 0x0A	; 10
     250:	30 e0       	ldi	r19, 0x00	; 0
     252:	40 e0       	ldi	r20, 0x00	; 0
     254:	50 e0       	ldi	r21, 0x00	; 0
     256:	0e d7       	rcall	.+3612   	; 0x1074 <__udivmodsi4>
     258:	fb 01       	movw	r30, r22
     25a:	e9 5d       	subi	r30, 0xD9	; 217
     25c:	fe 4f       	sbci	r31, 0xFE	; 254
     25e:	80 81       	ld	r24, Z
     260:	c7 95       	ror	r28
     262:	cc 27       	eor	r28, r28
     264:	c7 95       	ror	r28
     266:	c8 2b       	or	r28, r24
     268:	c2 bb       	out	0x12, r28	; 18
		PORTC &= ~(1 << FST_FND_DIGIT_D2);
     26a:	85 b3       	in	r24, 0x15	; 21
     26c:	8d 7f       	andi	r24, 0xFD	; 253
     26e:	85 bb       	out	0x15, r24	; 21
		break;
     270:	3a c0       	rjmp	.+116    	; 0x2e6 <find_display_FST+0x11c>
		case 3:
		FND_DIGIT_PORT = 0xff;
     272:	2f ef       	ldi	r18, 0xFF	; 255
		FND_DATA_PORT = find_font[sec_count / 600 % 6];
     274:	25 bb       	out	0x15, r18	; 21
     276:	28 e5       	ldi	r18, 0x58	; 88
     278:	32 e0       	ldi	r19, 0x02	; 2
     27a:	40 e0       	ldi	r20, 0x00	; 0
     27c:	50 e0       	ldi	r21, 0x00	; 0
     27e:	fa d6       	rcall	.+3572   	; 0x1074 <__udivmodsi4>
     280:	ca 01       	movw	r24, r20
     282:	b9 01       	movw	r22, r18
     284:	26 e0       	ldi	r18, 0x06	; 6
     286:	30 e0       	ldi	r19, 0x00	; 0
     288:	40 e0       	ldi	r20, 0x00	; 0
     28a:	50 e0       	ldi	r21, 0x00	; 0
     28c:	f3 d6       	rcall	.+3558   	; 0x1074 <__udivmodsi4>
     28e:	fb 01       	movw	r30, r22
     290:	e9 5d       	subi	r30, 0xD9	; 217
     292:	fe 4f       	sbci	r31, 0xFE	; 254
     294:	80 81       	ld	r24, Z
     296:	82 bb       	out	0x12, r24	; 18
		PORTC &= ~(1 << FST_FND_DIGIT_D1);
     298:	85 b3       	in	r24, 0x15	; 21
     29a:	8e 7f       	andi	r24, 0xFE	; 254
     29c:	85 bb       	out	0x15, r24	; 21
		break;
     29e:	23 c0       	rjmp	.+70     	; 0x2e6 <find_display_FST+0x11c>

		// SND FND 방향표시 (PC4~PC7) - 1자리만 사용
		case 4:
			FND_DATA_PORT = car_status_font[car_direction];
     2a0:	f8 01       	movw	r30, r16
     2a2:	ee 5d       	subi	r30, 0xDE	; 222
     2a4:	fe 4f       	sbci	r31, 0xFE	; 254
     2a6:	80 81       	ld	r24, Z
     2a8:	82 bb       	out	0x12, r24	; 18
			PORTC &=  ~(1 << SND_FND_DIGIT_D4);  // PC5만 LOW
     2aa:	85 b3       	in	r24, 0x15	; 21
     2ac:	8f 77       	andi	r24, 0x7F	; 127
     2ae:	85 bb       	out	0x15, r24	; 21
			break;
     2b0:	1a c0       	rjmp	.+52     	; 0x2e6 <find_display_FST+0x11c>

		case 5:
			FND_DATA_PORT = car_status_font[car_direction];
     2b2:	f8 01       	movw	r30, r16
     2b4:	ee 5d       	subi	r30, 0xDE	; 222
     2b6:	fe 4f       	sbci	r31, 0xFE	; 254
     2b8:	80 81       	ld	r24, Z
     2ba:	82 bb       	out	0x12, r24	; 18
			PORTC &= ~(1 << SND_FND_DIGIT_D3);  // PC5만 LOW
     2bc:	85 b3       	in	r24, 0x15	; 21
     2be:	8f 7b       	andi	r24, 0xBF	; 191
     2c0:	85 bb       	out	0x15, r24	; 21
			break;
     2c2:	11 c0       	rjmp	.+34     	; 0x2e6 <find_display_FST+0x11c>

		case 6:

			FND_DATA_PORT = car_status_font[car_direction];
     2c4:	f8 01       	movw	r30, r16
     2c6:	ee 5d       	subi	r30, 0xDE	; 222
     2c8:	fe 4f       	sbci	r31, 0xFE	; 254
     2ca:	80 81       	ld	r24, Z
     2cc:	82 bb       	out	0x12, r24	; 18
			PORTC &= ~(1 << SND_FND_DIGIT_D2);  // PC5만 LOW
     2ce:	85 b3       	in	r24, 0x15	; 21
     2d0:	8f 7d       	andi	r24, 0xDF	; 223
     2d2:	85 bb       	out	0x15, r24	; 21
			break;
     2d4:	08 c0       	rjmp	.+16     	; 0x2e6 <find_display_FST+0x11c>

		case 7:
			FND_DATA_PORT = car_status_font[car_direction];
     2d6:	f8 01       	movw	r30, r16
     2d8:	ee 5d       	subi	r30, 0xDE	; 222
     2da:	fe 4f       	sbci	r31, 0xFE	; 254
     2dc:	80 81       	ld	r24, Z
     2de:	82 bb       	out	0x12, r24	; 18
			PORTC &= ~(1 << SND_FND_DIGIT_D1);  // PC5만 LOW
     2e0:	85 b3       	in	r24, 0x15	; 21
     2e2:	8f 7e       	andi	r24, 0xEF	; 239
     2e4:	85 bb       	out	0x15, r24	; 21
		break;
	}

	digit_select = (digit_select + 1) % 8;
     2e6:	80 91 47 01 	lds	r24, 0x0147	; 0x800147 <digit_select.1773>
     2ea:	90 91 48 01 	lds	r25, 0x0148	; 0x800148 <digit_select.1773+0x1>
     2ee:	01 96       	adiw	r24, 0x01	; 1
     2f0:	87 70       	andi	r24, 0x07	; 7
     2f2:	90 78       	andi	r25, 0x80	; 128
     2f4:	99 23       	and	r25, r25
     2f6:	24 f4       	brge	.+8      	; 0x300 <find_display_FST+0x136>
     2f8:	01 97       	sbiw	r24, 0x01	; 1
     2fa:	88 6f       	ori	r24, 0xF8	; 248
     2fc:	9f 6f       	ori	r25, 0xFF	; 255
     2fe:	01 96       	adiw	r24, 0x01	; 1
     300:	90 93 48 01 	sts	0x0148, r25	; 0x800148 <digit_select.1773+0x1>
     304:	80 93 47 01 	sts	0x0147, r24	; 0x800147 <digit_select.1773>
}
     308:	cf 91       	pop	r28
     30a:	1f 91       	pop	r17
     30c:	0f 91       	pop	r16
     30e:	08 95       	ret

00000310 <run_stop_watch>:
		~0b10001110, ~0b11000111, ~0b10101111, ~0b10010010, ~0b00000011
	};

	static int digit_select = 0;	// 자리수 선택

	FND_DIGIT_PORT = 0xff;
     310:	2f ef       	ldi	r18, 0xFF	; 255
     312:	25 bb       	out	0x15, r18	; 21
	
	switch(digit_select) {
     314:	e0 91 45 01 	lds	r30, 0x0145	; 0x800145 <digit_select.1790>
     318:	f0 91 46 01 	lds	r31, 0x0146	; 0x800146 <digit_select.1790+0x1>
     31c:	e8 30       	cpi	r30, 0x08	; 8
     31e:	f1 05       	cpc	r31, r1
     320:	08 f0       	brcs	.+2      	; 0x324 <run_stop_watch+0x14>
     322:	8c c0       	rjmp	.+280    	; 0x43c <__LOCK_REGION_LENGTH__+0x3c>
     324:	e2 5b       	subi	r30, 0xB2	; 178
     326:	ff 4f       	sbci	r31, 0xFF	; 255
     328:	c7 c6       	rjmp	.+3470   	; 0x10b8 <__tablejump2__>
		case 0:
		FND_DATA_PORT = find_font[sec_count % 10]; 
     32a:	2a e0       	ldi	r18, 0x0A	; 10
     32c:	30 e0       	ldi	r19, 0x00	; 0
     32e:	40 e0       	ldi	r20, 0x00	; 0
     330:	50 e0       	ldi	r21, 0x00	; 0
     332:	a0 d6       	rcall	.+3392   	; 0x1074 <__udivmodsi4>
     334:	fb 01       	movw	r30, r22
     336:	e9 5e       	subi	r30, 0xE9	; 233
     338:	fe 4f       	sbci	r31, 0xFE	; 254
     33a:	80 81       	ld	r24, Z
     33c:	82 bb       	out	0x12, r24	; 18
		FND_DIGIT_PORT &= (uint8_t)~(1 << FST_FND_DIGIT_D4);
     33e:	85 b3       	in	r24, 0x15	; 21
     340:	87 7f       	andi	r24, 0xF7	; 247
     342:	85 bb       	out	0x15, r24	; 21
		break;
     344:	7b c0       	rjmp	.+246    	; 0x43c <__LOCK_REGION_LENGTH__+0x3c>

		case 1:
		FND_DATA_PORT = find_font[sec_count / 10 % 6];
     346:	2a e0       	ldi	r18, 0x0A	; 10
     348:	30 e0       	ldi	r19, 0x00	; 0
     34a:	40 e0       	ldi	r20, 0x00	; 0
     34c:	50 e0       	ldi	r21, 0x00	; 0
     34e:	92 d6       	rcall	.+3364   	; 0x1074 <__udivmodsi4>
     350:	ca 01       	movw	r24, r20
     352:	b9 01       	movw	r22, r18
     354:	26 e0       	ldi	r18, 0x06	; 6
     356:	30 e0       	ldi	r19, 0x00	; 0
     358:	40 e0       	ldi	r20, 0x00	; 0
     35a:	50 e0       	ldi	r21, 0x00	; 0
     35c:	8b d6       	rcall	.+3350   	; 0x1074 <__udivmodsi4>
     35e:	fb 01       	movw	r30, r22
     360:	e9 5e       	subi	r30, 0xE9	; 233
     362:	fe 4f       	sbci	r31, 0xFE	; 254
     364:	80 81       	ld	r24, Z
     366:	82 bb       	out	0x12, r24	; 18
		FND_DIGIT_PORT &= (uint8_t)~(1 << FST_FND_DIGIT_D3);
     368:	85 b3       	in	r24, 0x15	; 21
     36a:	8b 7f       	andi	r24, 0xFB	; 251
     36c:	85 bb       	out	0x15, r24	; 21
		break;
     36e:	66 c0       	rjmp	.+204    	; 0x43c <__LOCK_REGION_LENGTH__+0x3c>

		case 2:
		FND_DATA_PORT = find_font[sec_count / 60 % 10] | (0x80 * dot_display);;
     370:	2c e3       	ldi	r18, 0x3C	; 60
     372:	30 e0       	ldi	r19, 0x00	; 0
     374:	40 e0       	ldi	r20, 0x00	; 0
     376:	50 e0       	ldi	r21, 0x00	; 0
     378:	7d d6       	rcall	.+3322   	; 0x1074 <__udivmodsi4>
     37a:	ca 01       	movw	r24, r20
     37c:	b9 01       	movw	r22, r18
     37e:	2a e0       	ldi	r18, 0x0A	; 10
     380:	30 e0       	ldi	r19, 0x00	; 0
     382:	40 e0       	ldi	r20, 0x00	; 0
     384:	50 e0       	ldi	r21, 0x00	; 0
     386:	76 d6       	rcall	.+3308   	; 0x1074 <__udivmodsi4>
     388:	fb 01       	movw	r30, r22
     38a:	e9 5e       	subi	r30, 0xE9	; 233
     38c:	fe 4f       	sbci	r31, 0xFE	; 254
     38e:	90 81       	ld	r25, Z
     390:	40 91 5e 01 	lds	r20, 0x015E	; 0x80015e <dot_display>
     394:	50 91 5f 01 	lds	r21, 0x015F	; 0x80015f <dot_display+0x1>
     398:	60 91 60 01 	lds	r22, 0x0160	; 0x800160 <dot_display+0x2>
     39c:	70 91 61 01 	lds	r23, 0x0161	; 0x800161 <dot_display+0x3>
     3a0:	47 95       	ror	r20
     3a2:	44 27       	eor	r20, r20
     3a4:	47 95       	ror	r20
     3a6:	84 2f       	mov	r24, r20
     3a8:	89 2b       	or	r24, r25
     3aa:	82 bb       	out	0x12, r24	; 18
		FND_DIGIT_PORT &= (uint8_t)~(1 << FST_FND_DIGIT_D2);
     3ac:	85 b3       	in	r24, 0x15	; 21
     3ae:	8d 7f       	andi	r24, 0xFD	; 253
		break;
     3b0:	85 bb       	out	0x15, r24	; 21

		case 3:
		FND_DATA_PORT = find_font[sec_count / 600 % 6];
     3b2:	44 c0       	rjmp	.+136    	; 0x43c <__LOCK_REGION_LENGTH__+0x3c>
     3b4:	28 e5       	ldi	r18, 0x58	; 88
     3b6:	32 e0       	ldi	r19, 0x02	; 2
     3b8:	40 e0       	ldi	r20, 0x00	; 0
     3ba:	50 e0       	ldi	r21, 0x00	; 0
     3bc:	5b d6       	rcall	.+3254   	; 0x1074 <__udivmodsi4>
     3be:	ca 01       	movw	r24, r20
     3c0:	b9 01       	movw	r22, r18
     3c2:	26 e0       	ldi	r18, 0x06	; 6
     3c4:	30 e0       	ldi	r19, 0x00	; 0
     3c6:	40 e0       	ldi	r20, 0x00	; 0
     3c8:	50 e0       	ldi	r21, 0x00	; 0
     3ca:	54 d6       	rcall	.+3240   	; 0x1074 <__udivmodsi4>
     3cc:	fb 01       	movw	r30, r22
     3ce:	e9 5e       	subi	r30, 0xE9	; 233
     3d0:	fe 4f       	sbci	r31, 0xFE	; 254
     3d2:	80 81       	ld	r24, Z
     3d4:	82 bb       	out	0x12, r24	; 18
		FND_DIGIT_PORT &= (uint8_t)~(1 << FST_FND_DIGIT_D1);
     3d6:	85 b3       	in	r24, 0x15	; 21
     3d8:	8e 7f       	andi	r24, 0xFE	; 254
     3da:	85 bb       	out	0x15, r24	; 21
		break;
     3dc:	2f c0       	rjmp	.+94     	; 0x43c <__LOCK_REGION_LENGTH__+0x3c>
*/
			
		// SND FND 방향표시 (PC4~PC7) - 1자리만 사용
		// FORWARD
		case 4:
		FND_DATA_PORT = find_font[car_direction_cnt[0]];
     3de:	e0 91 49 01 	lds	r30, 0x0149	; 0x800149 <car_direction_cnt>
     3e2:	f0 91 4a 01 	lds	r31, 0x014A	; 0x80014a <car_direction_cnt+0x1>
     3e6:	e9 5e       	subi	r30, 0xE9	; 233
     3e8:	fe 4f       	sbci	r31, 0xFE	; 254
     3ea:	80 81       	ld	r24, Z
     3ec:	82 bb       	out	0x12, r24	; 18
		PORTC &=  ~(1 << SND_FND_DIGIT_D4);  // PC5만 LOW
     3ee:	85 b3       	in	r24, 0x15	; 21
     3f0:	8f 77       	andi	r24, 0x7F	; 127
     3f2:	85 bb       	out	0x15, r24	; 21
		break;
     3f4:	23 c0       	rjmp	.+70     	; 0x43c <__LOCK_REGION_LENGTH__+0x3c>

		// BACKWARD
		case 5:
		FND_DATA_PORT = find_font[car_direction_cnt[4]];
     3f6:	e0 91 51 01 	lds	r30, 0x0151	; 0x800151 <car_direction_cnt+0x8>
     3fa:	f0 91 52 01 	lds	r31, 0x0152	; 0x800152 <car_direction_cnt+0x9>
     3fe:	e9 5e       	subi	r30, 0xE9	; 233
     400:	fe 4f       	sbci	r31, 0xFE	; 254
     402:	80 81       	ld	r24, Z
     404:	82 bb       	out	0x12, r24	; 18
		PORTC &= ~(1 << SND_FND_DIGIT_D3);  // PC5만 LOW
     406:	85 b3       	in	r24, 0x15	; 21
     408:	8f 7b       	andi	r24, 0xBF	; 191
     40a:	85 bb       	out	0x15, r24	; 21
		break;
     40c:	17 c0       	rjmp	.+46     	; 0x43c <__LOCK_REGION_LENGTH__+0x3c>

		// LEFT
		case 6:
		FND_DATA_PORT = find_font[car_direction_cnt[1]];
     40e:	e0 91 4b 01 	lds	r30, 0x014B	; 0x80014b <car_direction_cnt+0x2>
     412:	f0 91 4c 01 	lds	r31, 0x014C	; 0x80014c <car_direction_cnt+0x3>
     416:	e9 5e       	subi	r30, 0xE9	; 233
     418:	fe 4f       	sbci	r31, 0xFE	; 254
     41a:	80 81       	ld	r24, Z
     41c:	82 bb       	out	0x12, r24	; 18
		PORTC &= ~(1 << SND_FND_DIGIT_D2);  // PC5만 LOW
     41e:	85 b3       	in	r24, 0x15	; 21
     420:	8f 7d       	andi	r24, 0xDF	; 223
     422:	85 bb       	out	0x15, r24	; 21
		break;
     424:	0b c0       	rjmp	.+22     	; 0x43c <__LOCK_REGION_LENGTH__+0x3c>

		// RIGHT
		case 7:
		FND_DATA_PORT = find_font[car_direction_cnt[2]];
     426:	e0 91 4d 01 	lds	r30, 0x014D	; 0x80014d <car_direction_cnt+0x4>
     42a:	f0 91 4e 01 	lds	r31, 0x014E	; 0x80014e <car_direction_cnt+0x5>
     42e:	e9 5e       	subi	r30, 0xE9	; 233
     430:	fe 4f       	sbci	r31, 0xFE	; 254
     432:	80 81       	ld	r24, Z
     434:	82 bb       	out	0x12, r24	; 18
		PORTC &= ~(1 << SND_FND_DIGIT_D1);  // PC5만 LOW
     436:	85 b3       	in	r24, 0x15	; 21
     438:	8f 7e       	andi	r24, 0xEF	; 239
     43a:	85 bb       	out	0x15, r24	; 21
		break;
	}
	
	digit_select = (digit_select + 1 ) % 8;
     43c:	80 91 45 01 	lds	r24, 0x0145	; 0x800145 <digit_select.1790>
     440:	90 91 46 01 	lds	r25, 0x0146	; 0x800146 <digit_select.1790+0x1>
     444:	01 96       	adiw	r24, 0x01	; 1
     446:	87 70       	andi	r24, 0x07	; 7
     448:	90 78       	andi	r25, 0x80	; 128
     44a:	99 23       	and	r25, r25
     44c:	24 f4       	brge	.+8      	; 0x456 <__LOCK_REGION_LENGTH__+0x56>
     44e:	01 97       	sbiw	r24, 0x01	; 1
     450:	88 6f       	ori	r24, 0xF8	; 248
     452:	9f 6f       	ori	r25, 0xFF	; 255
     454:	01 96       	adiw	r24, 0x01	; 1
     456:	90 93 46 01 	sts	0x0146, r25	; 0x800146 <digit_select.1790+0x1>
     45a:	80 93 45 01 	sts	0x0145, r24	; 0x800145 <digit_select.1790>
     45e:	08 95       	ret

00000460 <car_status_cnt>:
}

void car_status_cnt(int car_direction)
{	
	switch (car_direction){
     460:	82 30       	cpi	r24, 0x02	; 2
     462:	91 05       	cpc	r25, r1
     464:	21 f1       	breq	.+72     	; 0x4ae <car_status_cnt+0x4e>
     466:	34 f4       	brge	.+12     	; 0x474 <car_status_cnt+0x14>
     468:	00 97       	sbiw	r24, 0x00	; 0
     46a:	59 f0       	breq	.+22     	; 0x482 <car_status_cnt+0x22>
     46c:	81 30       	cpi	r24, 0x01	; 1
     46e:	91 05       	cpc	r25, r1
     470:	99 f0       	breq	.+38     	; 0x498 <car_status_cnt+0x38>
     472:	08 95       	ret
     474:	83 30       	cpi	r24, 0x03	; 3
     476:	91 05       	cpc	r25, r1
     478:	29 f1       	breq	.+74     	; 0x4c4 <car_status_cnt+0x64>
     47a:	84 30       	cpi	r24, 0x04	; 4
     47c:	91 05       	cpc	r25, r1
     47e:	69 f1       	breq	.+90     	; 0x4da <car_status_cnt+0x7a>
     480:	08 95       	ret
		case 0:
			car_direction_cnt[car_direction]++;
     482:	88 0f       	add	r24, r24
     484:	99 1f       	adc	r25, r25
     486:	fc 01       	movw	r30, r24
     488:	e7 5b       	subi	r30, 0xB7	; 183
     48a:	fe 4f       	sbci	r31, 0xFE	; 254
     48c:	80 81       	ld	r24, Z
     48e:	91 81       	ldd	r25, Z+1	; 0x01
     490:	01 96       	adiw	r24, 0x01	; 1
     492:	91 83       	std	Z+1, r25	; 0x01
     494:	80 83       	st	Z, r24
			break;
     496:	08 95       	ret
		
		case 1:
			car_direction_cnt[car_direction]++;
     498:	88 0f       	add	r24, r24
     49a:	99 1f       	adc	r25, r25
     49c:	fc 01       	movw	r30, r24
     49e:	e7 5b       	subi	r30, 0xB7	; 183
     4a0:	fe 4f       	sbci	r31, 0xFE	; 254
     4a2:	80 81       	ld	r24, Z
     4a4:	91 81       	ldd	r25, Z+1	; 0x01
     4a6:	01 96       	adiw	r24, 0x01	; 1
     4a8:	91 83       	std	Z+1, r25	; 0x01
     4aa:	80 83       	st	Z, r24
			break;
     4ac:	08 95       	ret
		
		case 2:
			car_direction_cnt[car_direction]++;
     4ae:	88 0f       	add	r24, r24
     4b0:	99 1f       	adc	r25, r25
     4b2:	fc 01       	movw	r30, r24
     4b4:	e7 5b       	subi	r30, 0xB7	; 183
     4b6:	fe 4f       	sbci	r31, 0xFE	; 254
     4b8:	80 81       	ld	r24, Z
     4ba:	91 81       	ldd	r25, Z+1	; 0x01
     4bc:	01 96       	adiw	r24, 0x01	; 1
     4be:	91 83       	std	Z+1, r25	; 0x01
     4c0:	80 83       	st	Z, r24
			break;
     4c2:	08 95       	ret
		
		case 3:
			car_direction_cnt[car_direction]++;
     4c4:	88 0f       	add	r24, r24
     4c6:	99 1f       	adc	r25, r25
     4c8:	fc 01       	movw	r30, r24
     4ca:	e7 5b       	subi	r30, 0xB7	; 183
     4cc:	fe 4f       	sbci	r31, 0xFE	; 254
     4ce:	80 81       	ld	r24, Z
     4d0:	91 81       	ldd	r25, Z+1	; 0x01
     4d2:	01 96       	adiw	r24, 0x01	; 1
     4d4:	91 83       	std	Z+1, r25	; 0x01
     4d6:	80 83       	st	Z, r24
			break;
     4d8:	08 95       	ret
		
		case 4:
			car_direction_cnt[car_direction]++;
     4da:	88 0f       	add	r24, r24
     4dc:	99 1f       	adc	r25, r25
     4de:	fc 01       	movw	r30, r24
     4e0:	e7 5b       	subi	r30, 0xB7	; 183
     4e2:	fe 4f       	sbci	r31, 0xFE	; 254
     4e4:	80 81       	ld	r24, Z
     4e6:	91 81       	ldd	r25, Z+1	; 0x01
     4e8:	01 96       	adiw	r24, 0x01	; 1
     4ea:	91 83       	std	Z+1, r25	; 0x01
     4ec:	80 83       	st	Z, r24
     4ee:	08 95       	ret

000004f0 <init_led>:
	return 0;
}

void init_led(void)
{
	DDRA=0xff;  // PORTA 를 출력 모드로 설정
     4f0:	8f ef       	ldi	r24, 0xFF	; 255
     4f2:	8a bb       	out	0x1a, r24	; 26
	PORTA=0x00;  // PORTA에 물려있는 led를 all off
     4f4:	1b ba       	out	0x1b, r1	; 27
     4f6:	08 95       	ret

000004f8 <manual_mode>:
}sensor_step_t;
sensor_step_t sensor_step = 0;

void manual_mode(void)
{
	switch(data)
     4f8:	e0 91 98 04 	lds	r30, 0x0498	; 0x800498 <data>
     4fc:	8e 2f       	mov	r24, r30
     4fe:	90 e0       	ldi	r25, 0x00	; 0
     500:	fc 01       	movw	r30, r24
     502:	e2 54       	subi	r30, 0x42	; 66
     504:	f1 09       	sbc	r31, r1
     506:	e2 33       	cpi	r30, 0x32	; 50
     508:	f1 05       	cpc	r31, r1
     50a:	a0 f4       	brcc	.+40     	; 0x534 <manual_mode+0x3c>
     50c:	ea 5a       	subi	r30, 0xAA	; 170
     50e:	ff 4f       	sbci	r31, 0xFF	; 255
     510:	d3 c5       	rjmp	.+2982   	; 0x10b8 <__tablejump2__>
	{
		case 'F':
		case 'f':
			forward(500);	// speed를 넘겨줌. 4us * 500 = 0.002sec(2ms)
     512:	84 ef       	ldi	r24, 0xF4	; 244
     514:	91 e0       	ldi	r25, 0x01	; 1
     516:	17 c2       	rjmp	.+1070   	; 0x946 <forward>
			break;
     518:	08 95       	ret

		case 'B':
		case 'b':
			backward(500);
     51a:	84 ef       	ldi	r24, 0xF4	; 244
     51c:	91 e0       	ldi	r25, 0x01	; 1
     51e:	21 c2       	rjmp	.+1090   	; 0x962 <backward>
			break;

		case 'L':
		case 'l':
			turn_left(700);	// 2.8ms
     520:	08 95       	ret
     522:	8c eb       	ldi	r24, 0xBC	; 188
     524:	92 e0       	ldi	r25, 0x02	; 2
			break;
     526:	2b c2       	rjmp	.+1110   	; 0x97e <turn_left>

		case 'R':
		case 'r':
			turn_right(700);
     528:	08 95       	ret
     52a:	8c eb       	ldi	r24, 0xBC	; 188
     52c:	92 e0       	ldi	r25, 0x02	; 2
			break;
     52e:	35 c2       	rjmp	.+1130   	; 0x99a <turn_right>
		
		case 'S':
		case 's':
			stop();
     530:	08 95       	ret
     532:	41 c2       	rjmp	.+1154   	; 0x9b6 <stop>
     534:	08 95       	ret

00000536 <auto_mode>:
	}
}

void auto_mode(void)
{
	switch(car_direction)
     536:	80 91 00 01 	lds	r24, 0x0100	; 0x800100 <__DATA_REGION_ORIGIN__>
     53a:	82 30       	cpi	r24, 0x02	; 2
     53c:	99 f0       	breq	.+38     	; 0x564 <auto_mode+0x2e>
     53e:	28 f4       	brcc	.+10     	; 0x54a <auto_mode+0x14>
     540:	88 23       	and	r24, r24
     542:	41 f0       	breq	.+16     	; 0x554 <auto_mode+0x1e>
     544:	81 30       	cpi	r24, 0x01	; 1
     546:	51 f0       	breq	.+20     	; 0x55c <auto_mode+0x26>
     548:	08 95       	ret
     54a:	83 30       	cpi	r24, 0x03	; 3
     54c:	99 f0       	breq	.+38     	; 0x574 <auto_mode+0x3e>
     54e:	84 30       	cpi	r24, 0x04	; 4
     550:	69 f0       	breq	.+26     	; 0x56c <auto_mode+0x36>
     552:	08 95       	ret
	{
		case CAR_FORWARD: forward(400); break;
     554:	80 e9       	ldi	r24, 0x90	; 144
     556:	91 e0       	ldi	r25, 0x01	; 1
     558:	f6 c1       	rjmp	.+1004   	; 0x946 <forward>
     55a:	08 95       	ret
		case CAR_LEFT:    turn_left(600); break;
     55c:	88 e5       	ldi	r24, 0x58	; 88
     55e:	92 e0       	ldi	r25, 0x02	; 2
     560:	0e c2       	rjmp	.+1052   	; 0x97e <turn_left>
     562:	08 95       	ret
		case CAR_RIGHT:   turn_right(600); break;
     564:	88 e5       	ldi	r24, 0x58	; 88
     566:	92 e0       	ldi	r25, 0x02	; 2
     568:	18 c2       	rjmp	.+1072   	; 0x99a <turn_right>
     56a:	08 95       	ret
		case CAR_BACK:	  backward(400); break;
     56c:	80 e9       	ldi	r24, 0x90	; 144
     56e:	91 e0       	ldi	r25, 0x01	; 1
     570:	f8 c1       	rjmp	.+1008   	; 0x962 <backward>
     572:	08 95       	ret
		case CAR_STOP:    stop(); break;
     574:	20 c2       	rjmp	.+1088   	; 0x9b6 <stop>
     576:	08 95       	ret

00000578 <auto_mode_check>:
     578:	40 91 72 01 	lds	r20, 0x0172	; 0x800172 <ultrasonic_distance_r>
volatile int hold_count = 0;

// 확실히 상태를 enum처리하는 것이 더 처리하기 좋다
void auto_mode_check(void)
{
    printf("L=%d C=%d R=%d\r\n",
     57c:	50 91 73 01 	lds	r21, 0x0173	; 0x800173 <ultrasonic_distance_r+0x1>
     580:	20 91 74 01 	lds	r18, 0x0174	; 0x800174 <ultrasonic_distance_c>
     584:	30 91 75 01 	lds	r19, 0x0175	; 0x800175 <ultrasonic_distance_c+0x1>
     588:	80 91 76 01 	lds	r24, 0x0176	; 0x800176 <ultrasonic_distance_l>
     58c:	90 91 77 01 	lds	r25, 0x0177	; 0x800177 <ultrasonic_distance_l+0x1>
     590:	5f 93       	push	r21
     592:	4f 93       	push	r20
     594:	3f 93       	push	r19
     596:	2f 93       	push	r18
     598:	9f 93       	push	r25
     59a:	8f 93       	push	r24
     59c:	82 e3       	ldi	r24, 0x32	; 50
     59e:	91 e0       	ldi	r25, 0x01	; 1
     5a0:	9f 93       	push	r25
     5a2:	8f 93       	push	r24
     5a4:	92 d5       	rcall	.+2852   	; 0x10ca <printf>
    ultrasonic_distance_l,
    ultrasonic_distance_c,
    ultrasonic_distance_r);

    if(hold_count > 0)
     5a6:	80 91 53 01 	lds	r24, 0x0153	; 0x800153 <hold_count>
     5aa:	90 91 54 01 	lds	r25, 0x0154	; 0x800154 <hold_count+0x1>
     5ae:	2d b7       	in	r18, 0x3d	; 61
     5b0:	3e b7       	in	r19, 0x3e	; 62
     5b2:	28 5f       	subi	r18, 0xF8	; 248
     5b4:	3f 4f       	sbci	r19, 0xFF	; 255
     5b6:	0f b6       	in	r0, 0x3f	; 63
     5b8:	f8 94       	cli
     5ba:	3e bf       	out	0x3e, r19	; 62
     5bc:	0f be       	out	0x3f, r0	; 63
     5be:	2d bf       	out	0x3d, r18	; 61
     5c0:	18 16       	cp	r1, r24
     5c2:	19 06       	cpc	r1, r25
     5c4:	54 f4       	brge	.+20     	; 0x5da <auto_mode_check+0x62>
    {
	    hold_count--;
     5c6:	80 91 53 01 	lds	r24, 0x0153	; 0x800153 <hold_count>
     5ca:	90 91 54 01 	lds	r25, 0x0154	; 0x800154 <hold_count+0x1>
     5ce:	01 97       	sbiw	r24, 0x01	; 1
     5d0:	90 93 54 01 	sts	0x0154, r25	; 0x800154 <hold_count+0x1>
     5d4:	80 93 53 01 	sts	0x0153, r24	; 0x800153 <hold_count>
	    return;   // 아직 이전 방향 유지
     5d8:	08 95       	ret
    }

    if(ultrasonic_distance_c < 15)
     5da:	80 91 74 01 	lds	r24, 0x0174	; 0x800174 <ultrasonic_distance_c>
     5de:	90 91 75 01 	lds	r25, 0x0175	; 0x800175 <ultrasonic_distance_c+0x1>
     5e2:	0f 97       	sbiw	r24, 0x0f	; 15
     5e4:	6c f4       	brge	.+26     	; 0x600 <auto_mode_check+0x88>
    {
	    car_direction = CAR_BACK;
     5e6:	84 e0       	ldi	r24, 0x04	; 4
     5e8:	80 93 00 01 	sts	0x0100, r24	; 0x800100 <__DATA_REGION_ORIGIN__>
	    hold_count = HOLD_CYCLES_BACK;
     5ec:	8c e3       	ldi	r24, 0x3C	; 60
     5ee:	90 e0       	ldi	r25, 0x00	; 0
     5f0:	90 93 54 01 	sts	0x0154, r25	; 0x800154 <hold_count+0x1>
     5f4:	80 93 53 01 	sts	0x0153, r24	; 0x800153 <hold_count>
		car_status_cnt(car_direction);
     5f8:	84 e0       	ldi	r24, 0x04	; 4
     5fa:	90 e0       	ldi	r25, 0x00	; 0
     5fc:	31 cf       	rjmp	.-414    	; 0x460 <car_status_cnt>
     5fe:	08 95       	ret
    }
    else if(ultrasonic_distance_l < 16)
     600:	80 91 76 01 	lds	r24, 0x0176	; 0x800176 <ultrasonic_distance_l>
     604:	90 91 77 01 	lds	r25, 0x0177	; 0x800177 <ultrasonic_distance_l+0x1>
     608:	40 97       	sbiw	r24, 0x10	; 16
     60a:	6c f4       	brge	.+26     	; 0x626 <auto_mode_check+0xae>
    {
	    car_direction = CAR_RIGHT;
     60c:	82 e0       	ldi	r24, 0x02	; 2
     60e:	80 93 00 01 	sts	0x0100, r24	; 0x800100 <__DATA_REGION_ORIGIN__>
	    hold_count = HOLD_CYCLES_TURN;
     612:	8e e1       	ldi	r24, 0x1E	; 30
     614:	90 e0       	ldi	r25, 0x00	; 0
     616:	90 93 54 01 	sts	0x0154, r25	; 0x800154 <hold_count+0x1>
     61a:	80 93 53 01 	sts	0x0153, r24	; 0x800153 <hold_count>
		car_status_cnt(car_direction);
     61e:	82 e0       	ldi	r24, 0x02	; 2
     620:	90 e0       	ldi	r25, 0x00	; 0
     622:	1e cf       	rjmp	.-452    	; 0x460 <car_status_cnt>
     624:	08 95       	ret
    }
    else if(ultrasonic_distance_r < 14)
     626:	80 91 72 01 	lds	r24, 0x0172	; 0x800172 <ultrasonic_distance_r>
     62a:	90 91 73 01 	lds	r25, 0x0173	; 0x800173 <ultrasonic_distance_r+0x1>
     62e:	0e 97       	sbiw	r24, 0x0e	; 14
     630:	6c f4       	brge	.+26     	; 0x64c <auto_mode_check+0xd4>
    {
	    car_direction = CAR_LEFT;
     632:	81 e0       	ldi	r24, 0x01	; 1
     634:	80 93 00 01 	sts	0x0100, r24	; 0x800100 <__DATA_REGION_ORIGIN__>
	    hold_count = HOLD_CYCLES_TURN;
     638:	8e e1       	ldi	r24, 0x1E	; 30
     63a:	90 e0       	ldi	r25, 0x00	; 0
     63c:	90 93 54 01 	sts	0x0154, r25	; 0x800154 <hold_count+0x1>
     640:	80 93 53 01 	sts	0x0153, r24	; 0x800153 <hold_count>
		car_status_cnt(car_direction);
     644:	81 e0       	ldi	r24, 0x01	; 1
     646:	90 e0       	ldi	r25, 0x00	; 0
     648:	0b cf       	rjmp	.-490    	; 0x460 <car_status_cnt>
     64a:	08 95       	ret
    }
    else
    {
	    car_direction = CAR_FORWARD;
     64c:	10 92 00 01 	sts	0x0100, r1	; 0x800100 <__DATA_REGION_ORIGIN__>
		car_status_cnt(car_direction);
     650:	80 e0       	ldi	r24, 0x00	; 0
     652:	90 e0       	ldi	r25, 0x00	; 0
     654:	05 cf       	rjmp	.-502    	; 0x460 <car_status_cnt>
     656:	08 95       	ret

00000658 <distance_check>:
}


void distance_check(void)
{
	switch(sensor_step)
     658:	80 91 55 01 	lds	r24, 0x0155	; 0x800155 <sensor_step>
     65c:	81 30       	cpi	r24, 0x01	; 1
     65e:	59 f0       	breq	.+22     	; 0x676 <distance_check+0x1e>
     660:	18 f0       	brcs	.+6      	; 0x668 <distance_check+0x10>
     662:	82 30       	cpi	r24, 0x02	; 2
     664:	c9 f0       	breq	.+50     	; 0x698 <distance_check+0x40>
     666:	29 c0       	rjmp	.+82     	; 0x6ba <distance_check+0x62>
	{	
		case LEFT_TRIG_PIN:
			make_trigger(LEFT_TRIG_PIN);
     668:	80 e0       	ldi	r24, 0x00	; 0
     66a:	90 e0       	ldi	r25, 0x00	; 0
     66c:	19 d3       	rcall	.+1586   	; 0xca0 <make_trigger>
			sensor_step = 1;
     66e:	81 e0       	ldi	r24, 0x01	; 1
     670:	80 93 55 01 	sts	0x0155, r24	; 0x800155 <sensor_step>
			break;
     674:	08 95       	ret

		case CENTER_TRIG_PIN:
		if(flag_l)
     676:	80 91 70 01 	lds	r24, 0x0170	; 0x800170 <flag_l>
     67a:	90 91 71 01 	lds	r25, 0x0171	; 0x800171 <flag_l+0x1>
     67e:	89 2b       	or	r24, r25
     680:	41 f1       	breq	.+80     	; 0x6d2 <distance_check+0x7a>
		{
			flag_l = 0;
     682:	10 92 71 01 	sts	0x0171, r1	; 0x800171 <flag_l+0x1>
     686:	10 92 70 01 	sts	0x0170, r1	; 0x800170 <flag_l>
			make_trigger(CENTER_TRIG_PIN);
     68a:	81 e0       	ldi	r24, 0x01	; 1
     68c:	90 e0       	ldi	r25, 0x00	; 0
     68e:	08 d3       	rcall	.+1552   	; 0xca0 <make_trigger>
			sensor_step = 2;
     690:	82 e0       	ldi	r24, 0x02	; 2
     692:	80 93 55 01 	sts	0x0155, r24	; 0x800155 <sensor_step>
     696:	08 95       	ret
		}
		break;

		case RIGHT_TRIG_PIN:
		if(flag_c)
     698:	80 91 6e 01 	lds	r24, 0x016E	; 0x80016e <flag_c>
     69c:	90 91 6f 01 	lds	r25, 0x016F	; 0x80016f <flag_c+0x1>
     6a0:	89 2b       	or	r24, r25
     6a2:	b9 f0       	breq	.+46     	; 0x6d2 <distance_check+0x7a>
		{
			flag_c = 0;
     6a4:	10 92 6f 01 	sts	0x016F, r1	; 0x80016f <flag_c+0x1>
     6a8:	10 92 6e 01 	sts	0x016E, r1	; 0x80016e <flag_c>

			make_trigger(RIGHT_TRIG_PIN);
     6ac:	82 e0       	ldi	r24, 0x02	; 2
     6ae:	90 e0       	ldi	r25, 0x00	; 0
     6b0:	f7 d2       	rcall	.+1518   	; 0xca0 <make_trigger>
			sensor_step = 3;
     6b2:	83 e0       	ldi	r24, 0x03	; 3
     6b4:	80 93 55 01 	sts	0x0155, r24	; 0x800155 <sensor_step>
     6b8:	08 95       	ret
		}
		break;

		default:
		if(flag_r)
     6ba:	80 91 6c 01 	lds	r24, 0x016C	; 0x80016c <flag_r>
     6be:	90 91 6d 01 	lds	r25, 0x016D	; 0x80016d <flag_r+0x1>
     6c2:	89 2b       	or	r24, r25
     6c4:	31 f0       	breq	.+12     	; 0x6d2 <distance_check+0x7a>
		{
			flag_r = 0;
     6c6:	10 92 6d 01 	sts	0x016D, r1	; 0x80016d <flag_r+0x1>
     6ca:	10 92 6c 01 	sts	0x016C, r1	; 0x80016c <flag_r>

			sensor_step = 0;
     6ce:	10 92 55 01 	sts	0x0155, r1	; 0x800155 <sensor_step>
     6d2:	08 95       	ret

000006d4 <__vector_16>:
		break;
	}
}

ISR(TIMER0_OVF_vect)
{
     6d4:	1f 92       	push	r1
     6d6:	0f 92       	push	r0
     6d8:	0f b6       	in	r0, 0x3f	; 63
     6da:	0f 92       	push	r0
     6dc:	11 24       	eor	r1, r1
     6de:	0b b6       	in	r0, 0x3b	; 59
     6e0:	0f 92       	push	r0
     6e2:	0f 93       	push	r16
     6e4:	1f 93       	push	r17
     6e6:	2f 93       	push	r18
     6e8:	3f 93       	push	r19
     6ea:	4f 93       	push	r20
     6ec:	5f 93       	push	r21
     6ee:	6f 93       	push	r22
     6f0:	7f 93       	push	r23
     6f2:	8f 93       	push	r24
     6f4:	9f 93       	push	r25
     6f6:	af 93       	push	r26
     6f8:	bf 93       	push	r27
     6fa:	ef 93       	push	r30
     6fc:	ff 93       	push	r31
	TCNT0 = 6;	// TCNT0 6~256: 250개 pulse count 하기 위해
     6fe:	86 e0       	ldi	r24, 0x06	; 6
     700:	82 bf       	out	0x32, r24	; 50

	if(is_auto)
     702:	80 91 56 01 	lds	r24, 0x0156	; 0x800156 <is_auto>
     706:	90 91 57 01 	lds	r25, 0x0157	; 0x800157 <is_auto+0x1>
     70a:	89 2b       	or	r24, r25
     70c:	09 f4       	brne	.+2      	; 0x710 <__vector_16+0x3c>
     70e:	6a c0       	rjmp	.+212    	; 0x7e4 <__vector_16+0x110>
	{
		ms++;
     710:	80 91 5a 01 	lds	r24, 0x015A	; 0x80015a <ms>
     714:	90 91 5b 01 	lds	r25, 0x015B	; 0x80015b <ms+0x1>
     718:	a0 91 5c 01 	lds	r26, 0x015C	; 0x80015c <ms+0x2>
     71c:	b0 91 5d 01 	lds	r27, 0x015D	; 0x80015d <ms+0x3>
     720:	01 96       	adiw	r24, 0x01	; 1
     722:	a1 1d       	adc	r26, r1
     724:	b1 1d       	adc	r27, r1
     726:	80 93 5a 01 	sts	0x015A, r24	; 0x80015a <ms>
     72a:	90 93 5b 01 	sts	0x015B, r25	; 0x80015b <ms+0x1>
     72e:	a0 93 5c 01 	sts	0x015C, r26	; 0x80015c <ms+0x2>
     732:	b0 93 5d 01 	sts	0x015D, r27	; 0x80015d <ms+0x3>
		find_display_FST(sec_count, dot_display,car_direction);
     736:	20 91 5e 01 	lds	r18, 0x015E	; 0x80015e <dot_display>
     73a:	30 91 5f 01 	lds	r19, 0x015F	; 0x80015f <dot_display+0x1>
     73e:	40 91 60 01 	lds	r20, 0x0160	; 0x800160 <dot_display+0x2>
     742:	50 91 61 01 	lds	r21, 0x0161	; 0x800161 <dot_display+0x3>
     746:	60 91 62 01 	lds	r22, 0x0162	; 0x800162 <sec_count>
     74a:	70 91 63 01 	lds	r23, 0x0163	; 0x800163 <sec_count+0x1>
     74e:	80 91 64 01 	lds	r24, 0x0164	; 0x800164 <sec_count+0x2>
     752:	90 91 65 01 	lds	r25, 0x0165	; 0x800165 <sec_count+0x3>
     756:	00 91 00 01 	lds	r16, 0x0100	; 0x800100 <__DATA_REGION_ORIGIN__>
     75a:	10 e0       	ldi	r17, 0x00	; 0
     75c:	36 dd       	rcall	.-1428   	; 0x1ca <find_display_FST>
		
		if(1000 <= ms)
     75e:	80 91 5a 01 	lds	r24, 0x015A	; 0x80015a <ms>
     762:	90 91 5b 01 	lds	r25, 0x015B	; 0x80015b <ms+0x1>
     766:	a0 91 5c 01 	lds	r26, 0x015C	; 0x80015c <ms+0x2>
     76a:	b0 91 5d 01 	lds	r27, 0x015D	; 0x80015d <ms+0x3>
     76e:	88 3e       	cpi	r24, 0xE8	; 232
     770:	93 40       	sbci	r25, 0x03	; 3
     772:	a1 05       	cpc	r26, r1
     774:	b1 05       	cpc	r27, r1
     776:	b0 f1       	brcs	.+108    	; 0x7e4 <__vector_16+0x110>
		{
			sec_count++;
     778:	80 91 62 01 	lds	r24, 0x0162	; 0x800162 <sec_count>
     77c:	90 91 63 01 	lds	r25, 0x0163	; 0x800163 <sec_count+0x1>
     780:	a0 91 64 01 	lds	r26, 0x0164	; 0x800164 <sec_count+0x2>
     784:	b0 91 65 01 	lds	r27, 0x0165	; 0x800165 <sec_count+0x3>
     788:	01 96       	adiw	r24, 0x01	; 1
     78a:	a1 1d       	adc	r26, r1
     78c:	b1 1d       	adc	r27, r1
     78e:	80 93 62 01 	sts	0x0162, r24	; 0x800162 <sec_count>
     792:	90 93 63 01 	sts	0x0163, r25	; 0x800163 <sec_count+0x1>
     796:	a0 93 64 01 	sts	0x0164, r26	; 0x800164 <sec_count+0x2>
     79a:	b0 93 65 01 	sts	0x0165, r27	; 0x800165 <sec_count+0x3>
			ms=0;
     79e:	10 92 5a 01 	sts	0x015A, r1	; 0x80015a <ms>
     7a2:	10 92 5b 01 	sts	0x015B, r1	; 0x80015b <ms+0x1>
     7a6:	10 92 5c 01 	sts	0x015C, r1	; 0x80015c <ms+0x2>
     7aa:	10 92 5d 01 	sts	0x015D, r1	; 0x80015d <ms+0x3>
			dot_display = !dot_display;
     7ae:	40 91 5e 01 	lds	r20, 0x015E	; 0x80015e <dot_display>
     7b2:	50 91 5f 01 	lds	r21, 0x015F	; 0x80015f <dot_display+0x1>
     7b6:	60 91 60 01 	lds	r22, 0x0160	; 0x800160 <dot_display+0x2>
     7ba:	70 91 61 01 	lds	r23, 0x0161	; 0x800161 <dot_display+0x3>
     7be:	81 e0       	ldi	r24, 0x01	; 1
     7c0:	90 e0       	ldi	r25, 0x00	; 0
     7c2:	a0 e0       	ldi	r26, 0x00	; 0
     7c4:	b0 e0       	ldi	r27, 0x00	; 0
     7c6:	45 2b       	or	r20, r21
     7c8:	46 2b       	or	r20, r22
     7ca:	47 2b       	or	r20, r23
     7cc:	19 f0       	breq	.+6      	; 0x7d4 <__vector_16+0x100>
     7ce:	80 e0       	ldi	r24, 0x00	; 0
     7d0:	90 e0       	ldi	r25, 0x00	; 0
     7d2:	dc 01       	movw	r26, r24
     7d4:	80 93 5e 01 	sts	0x015E, r24	; 0x80015e <dot_display>
     7d8:	90 93 5f 01 	sts	0x015F, r25	; 0x80015f <dot_display+0x1>
     7dc:	a0 93 60 01 	sts	0x0160, r26	; 0x800160 <dot_display+0x2>
     7e0:	b0 93 61 01 	sts	0x0161, r27	; 0x800161 <dot_display+0x3>
		}
		
	}
}
     7e4:	ff 91       	pop	r31
     7e6:	ef 91       	pop	r30
     7e8:	bf 91       	pop	r27
     7ea:	af 91       	pop	r26
     7ec:	9f 91       	pop	r25
     7ee:	8f 91       	pop	r24
     7f0:	7f 91       	pop	r23
     7f2:	6f 91       	pop	r22
     7f4:	5f 91       	pop	r21
     7f6:	4f 91       	pop	r20
     7f8:	3f 91       	pop	r19
     7fa:	2f 91       	pop	r18
     7fc:	1f 91       	pop	r17
     7fe:	0f 91       	pop	r16
     800:	0f 90       	pop	r0
     802:	0b be       	out	0x3b, r0	; 59
     804:	0f 90       	pop	r0
     806:	0f be       	out	0x3f, r0	; 63
     808:	0f 90       	pop	r0
     80a:	1f 90       	pop	r1
     80c:	18 95       	reti

0000080e <init_timer0>:
}


void init_timer0(void)
{
	TCNT0 = 6;	// TCNT0 0~256 : 250개 pulse count 위해
     80e:	86 e0       	ldi	r24, 0x06	; 6
     810:	82 bf       	out	0x32, r24	; 50

	TCCR0 &= ~(1 << CS02 | 1 << CS01 | 1 << CS00);	// 0분주
     812:	83 b7       	in	r24, 0x33	; 51
     814:	88 7f       	andi	r24, 0xF8	; 248
     816:	83 bf       	out	0x33, r24	; 51
	TCCR0 |= 1 << CS02 | 0 << CS01 | 0 << CS00;	// 64분주
     818:	83 b7       	in	r24, 0x33	; 51
     81a:	84 60       	ori	r24, 0x04	; 4
     81c:	83 bf       	out	0x33, r24	; 51
	
	TIMSK |= 1 << TOIE0;	// TIMER0 Overflow INT
     81e:	87 b7       	in	r24, 0x37	; 55
     820:	81 60       	ori	r24, 0x01	; 1
     822:	87 bf       	out	0x37, r24	; 55
     824:	08 95       	ret

00000826 <main>:
	}
}

int main(void)
{
	init_led();
     826:	64 de       	rcall	.-824    	; 0x4f0 <init_led>
	init_timer0();
     828:	f2 df       	rcall	.-28     	; 0x80e <init_timer0>
	init_uart0();
     82a:	d2 d0       	rcall	.+420    	; 0x9d0 <init_uart0>
	init_fnd();
     82c:	c6 dc       	rcall	.-1652   	; 0x1ba <init_fnd>
	init_button();
     82e:	8f dc       	rcall	.-1762   	; 0x14e <init_button>

	sei();		
     830:	78 94       	sei

	init_motor_driver();
     832:	72 d0       	rcall	.+228    	; 0x918 <init_motor_driver>
     834:	5d d0       	rcall	.+186    	; 0x8f0 <init_timer1_pwm>
	init_timer1_pwm();
     836:	6f d2       	rcall	.+1246   	; 0xd16 <init_ultrasonic>
     838:	89 e0       	ldi	r24, 0x09	; 9
	init_ultrasonic();
     83a:	91 e0       	ldi	r25, 0x01	; 1
     83c:	90 93 9c 04 	sts	0x049C, r25	; 0x80049c <__iob+0x3>

	stdout = &OUTPUT;	
     840:	80 93 9b 04 	sts	0x049B, r24	; 0x80049b <__iob+0x2>
     844:	e0 91 58 01 	lds	r30, 0x0158	; 0x800158 <func_state>
     848:	f0 91 59 01 	lds	r31, 0x0159	; 0x800159 <func_state+0x1>
	
    while (1) 
    {
		fp_mode[func_state]();
     84c:	ee 0f       	add	r30, r30
     84e:	ff 1f       	adc	r31, r31
     850:	ef 5f       	subi	r30, 0xFF	; 255
     852:	fe 4f       	sbci	r31, 0xFE	; 254
     854:	01 90       	ld	r0, Z+
     856:	f0 81       	ld	r31, Z
     858:	e0 2d       	mov	r30, r0
     85a:	09 95       	icall
     85c:	64 e0       	ldi	r22, 0x04	; 4
     85e:	70 e0       	ldi	r23, 0x00	; 0
		
		if(get_button(BUTTON, BUTTONPIN)) 
     860:	80 e0       	ldi	r24, 0x00	; 0
     862:	90 e0       	ldi	r25, 0x00	; 0
     864:	78 dc       	rcall	.-1808   	; 0x156 <get_button>
     866:	89 2b       	or	r24, r25
     868:	91 f0       	breq	.+36     	; 0x88e <main+0x68>
     86a:	81 e0       	ldi	r24, 0x01	; 1
     86c:	90 e0       	ldi	r25, 0x00	; 0
     86e:	20 91 58 01 	lds	r18, 0x0158	; 0x800158 <func_state>
		{	
			func_state = func_state == 1 ? 0 : 1;
     872:	30 91 59 01 	lds	r19, 0x0159	; 0x800159 <func_state+0x1>
     876:	21 30       	cpi	r18, 0x01	; 1
     878:	31 05       	cpc	r19, r1
     87a:	11 f4       	brne	.+4      	; 0x880 <main+0x5a>
     87c:	80 e0       	ldi	r24, 0x00	; 0
     87e:	90 e0       	ldi	r25, 0x00	; 0
     880:	90 93 59 01 	sts	0x0159, r25	; 0x800159 <func_state+0x1>
     884:	80 93 58 01 	sts	0x0158, r24	; 0x800158 <func_state>
     888:	89 2b       	or	r24, r25
     88a:	09 f4       	brne	.+2      	; 0x88e <main+0x68>
			if(func_state == MANUAL_MODE) stop();
     88c:	94 d0       	rcall	.+296    	; 0x9b6 <stop>
     88e:	80 91 58 01 	lds	r24, 0x0158	; 0x800158 <func_state>
     892:	90 91 59 01 	lds	r25, 0x0159	; 0x800159 <func_state+0x1>
		}
		
		
		if(func_state == AUTO_MODE)
     896:	81 30       	cpi	r24, 0x01	; 1
     898:	91 05       	cpc	r25, r1
     89a:	71 f4       	brne	.+28     	; 0x8b8 <main+0x92>
     89c:	81 e0       	ldi	r24, 0x01	; 1
     89e:	90 e0       	ldi	r25, 0x00	; 0
		{
			is_auto = 1;
     8a0:	90 93 57 01 	sts	0x0157, r25	; 0x800157 <is_auto+0x1>
     8a4:	80 93 56 01 	sts	0x0156, r24	; 0x800156 <is_auto>
			distance_check();
     8a8:	d7 de       	rcall	.-594    	; 0x658 <distance_check>
     8aa:	80 91 55 01 	lds	r24, 0x0155	; 0x800155 <sensor_step>
	
			if(sensor_step == LEFT_TRIG_PIN)
     8ae:	81 11       	cpse	r24, r1
     8b0:	c9 cf       	rjmp	.-110    	; 0x844 <main+0x1e>
     8b2:	62 de       	rcall	.-828    	; 0x578 <auto_mode_check>
			{
				auto_mode_check();
     8b4:	40 de       	rcall	.-896    	; 0x536 <auto_mode>
     8b6:	c6 cf       	rjmp	.-116    	; 0x844 <main+0x1e>
				auto_mode();
     8b8:	89 2b       	or	r24, r25
     8ba:	09 f0       	breq	.+2      	; 0x8be <main+0x98>
     8bc:	c3 cf       	rjmp	.-122    	; 0x844 <main+0x1e>
			}
		}
		else if(func_state == MANUAL_MODE)
     8be:	10 92 57 01 	sts	0x0157, r1	; 0x800157 <is_auto+0x1>
     8c2:	10 92 56 01 	sts	0x0156, r1	; 0x800156 <is_auto>
		{
			is_auto = 0;
     8c6:	20 91 5a 01 	lds	r18, 0x015A	; 0x80015a <ms>
     8ca:	30 91 5b 01 	lds	r19, 0x015B	; 0x80015b <ms+0x1>
			run_stop_watch(sec_count, ms, car_direction);
     8ce:	40 91 5c 01 	lds	r20, 0x015C	; 0x80015c <ms+0x2>
     8d2:	50 91 5d 01 	lds	r21, 0x015D	; 0x80015d <ms+0x3>
     8d6:	60 91 62 01 	lds	r22, 0x0162	; 0x800162 <sec_count>
     8da:	70 91 63 01 	lds	r23, 0x0163	; 0x800163 <sec_count+0x1>
     8de:	80 91 64 01 	lds	r24, 0x0164	; 0x800164 <sec_count+0x2>
     8e2:	90 91 65 01 	lds	r25, 0x0165	; 0x800165 <sec_count+0x3>
     8e6:	00 91 00 01 	lds	r16, 0x0100	; 0x800100 <__DATA_REGION_ORIGIN__>
     8ea:	10 e0       	ldi	r17, 0x00	; 0
     8ec:	11 dd       	rcall	.-1502   	; 0x310 <run_stop_watch>
     8ee:	aa cf       	rjmp	.-172    	; 0x844 <main+0x1e>

000008f0 <init_timer1_pwm>:
	// T = 1/f 1/250000Hz --> 0.000004sec --> 4us
	// 250000Hz에서 256개 펄스를 count하면 소요 시간 : 1.02ms
	//              127개                          : 0.5ms
	//				0x3ff(1024)				   : 4ms
	//TCNT3 : 0~255(0x00ff) 까지 count한 후 0으로 다시 돌아간다.
	TCCR1B |= 1 << CS11 | 1 << CS10; // 분주비 64
     8f0:	8e b5       	in	r24, 0x2e	; 46
     8f2:	83 60       	ori	r24, 0x03	; 3
     8f4:	8e bd       	out	0x2e, r24	; 46
	// OCR3C : 50 인 경우 Duty (HIGH)가 몇 % 인가?
	// Duty Cycle : (OCR3C / TOP) * 100 = 50 / 255 * 100 = 19.61%
	
	// 모드 14 : 고속 PWM 모드 사용하겠다. timer1 ( P327 표 14-5)
	// 고속 PWM + ICR1(TOP) > WGM13 : WGM12 : WGM11 : WGM10 = 1 : 1 : 1 : 0
	TCCR1A |= 1 << WGM11;	// TOP --> ICT1을 설정
     8f6:	8f b5       	in	r24, 0x2f	; 47
     8f8:	82 60       	ori	r24, 0x02	; 2
     8fa:	8f bd       	out	0x2f, r24	; 47
	TCCR1B |= 1 << WGM13 | 1 << WGM12;
     8fc:	8e b5       	in	r24, 0x2e	; 46
     8fe:	88 61       	ori	r24, 0x18	; 24
     900:	8e bd       	out	0x2e, r24	; 46
	// 비반전 모드 top : ICR1 비교일치 값(PWM) 지정 OCR1A OCR1B P350 표 15-7)
	// 비교 일치 발생 시, COR1, OCR1B의 출력핀은 LOW로 바뀌고, BOTTON에서 HIGH로 바뀐다.
	TCCR1A |= 1 << COM1A1;
     902:	8f b5       	in	r24, 0x2f	; 47
     904:	80 68       	ori	r24, 0x80	; 128
     906:	8f bd       	out	0x2f, r24	; 47
	TCCR1A |= 1 << COM1B1;
     908:	8f b5       	in	r24, 0x2f	; 47
     90a:	80 62       	ori	r24, 0x20	; 32
     90c:	8f bd       	out	0x2f, r24	; 47

	ICR1 = 0x3ff;	// 1023 * 4us == 4ms TOP 값
     90e:	8f ef       	ldi	r24, 0xFF	; 255
     910:	93 e0       	ldi	r25, 0x03	; 3
     912:	97 bd       	out	0x27, r25	; 39
     914:	86 bd       	out	0x26, r24	; 38
     916:	08 95       	ret

00000918 <init_motor_driver>:
			1			  0		: 정회전
			1			  1		: STOP
*/
void init_motor_driver(void) {
	// 1. 출력 모드로 설정
	MOTOR_PWM_DDR &= ~((1 << 5) | (1 << 6));	// 0으로 초기화 하고 시작
     918:	87 b3       	in	r24, 0x17	; 23
     91a:	8f 79       	andi	r24, 0x9F	; 159
     91c:	87 bb       	out	0x17, r24	; 23
	MOTOR_PWM_DDR |= (1 << 5) | (1 << 6);
     91e:	87 b3       	in	r24, 0x17	; 23
     920:	80 66       	ori	r24, 0x60	; 96
     922:	87 bb       	out	0x17, r24	; 23
	
	MOTOR_DIRECTION_PORT_DDR &= ~((1 << 0) | (1 << 1) | (1 << 2) | (1 << 3));
     924:	e1 e6       	ldi	r30, 0x61	; 97
     926:	f0 e0       	ldi	r31, 0x00	; 0
     928:	80 81       	ld	r24, Z
     92a:	80 7f       	andi	r24, 0xF0	; 240
     92c:	80 83       	st	Z, r24
	MOTOR_DIRECTION_PORT_DDR |= (1 << 0) | (1 << 1) | (1 << 2) | (1 << 3);	 // 출력 모드로 설정
     92e:	80 81       	ld	r24, Z
     930:	8f 60       	ori	r24, 0x0F	; 15
     932:	80 83       	st	Z, r24
	
	// 2. 모터를 전진 모드로
	MOTOR_DIRECTION_PORT &= ~((1 << 0) | (1 << 1) | (1 << 2) | (1 << 3));	// 0으로 초기화 하고 시작
     934:	e2 e6       	ldi	r30, 0x62	; 98
     936:	f0 e0       	ldi	r31, 0x00	; 0
     938:	80 81       	ld	r24, Z
     93a:	80 7f       	andi	r24, 0xF0	; 240
     93c:	80 83       	st	Z, r24
	// motor1) IN1 IN2  | motor2) IN3 IN4
	// IN1 IN2 IN3 IN4 = 0 1 0 1
	MOTOR_DIRECTION_PORT |= (1 << 0) | (1 << 2);
     93e:	80 81       	ld	r24, Z
     940:	85 60       	ori	r24, 0x05	; 5
     942:	80 83       	st	Z, r24
     944:	08 95       	ret

00000946 <forward>:
	
}

void forward(int speed)
{
     946:	9c 01       	movw	r18, r24
	// 모터를 전진모드로
	MOTOR_DIRECTION_PORT &= ~((1 << 0) | (1 << 1) | (1 << 2) | (1 << 3));	// 0으로 초기화 하고 시작
     948:	e2 e6       	ldi	r30, 0x62	; 98
     94a:	f0 e0       	ldi	r31, 0x00	; 0
     94c:	90 81       	ld	r25, Z
     94e:	90 7f       	andi	r25, 0xF0	; 240
     950:	90 83       	st	Z, r25
	MOTOR_DIRECTION_PORT |= (1 << 0) | (1 << 2);	// 모터를 전진 모드로 IN4 IN3 IN2 IN1 = 0 1 0 1
     952:	90 81       	ld	r25, Z
     954:	95 60       	ori	r25, 0x05	; 5
     956:	90 83       	st	Z, r25

	OCR1A = OCR1B = speed;	// OCR1A: PWM LEFT, OCR1B: PWM RIGHT
     958:	39 bd       	out	0x29, r19	; 41
     95a:	28 bd       	out	0x28, r18	; 40
     95c:	3b bd       	out	0x2b, r19	; 43
     95e:	2a bd       	out	0x2a, r18	; 42
     960:	08 95       	ret

00000962 <backward>:
}

void backward(int speed)
{
     962:	9c 01       	movw	r18, r24
	// 모터를 후진모드로
	MOTOR_DIRECTION_PORT &= ~((1 << 0) | (1 << 1) | (1 << 2) | (1 << 3));	// 0으로 초기화 하고 시작
     964:	e2 e6       	ldi	r30, 0x62	; 98
     966:	f0 e0       	ldi	r31, 0x00	; 0
     968:	90 81       	ld	r25, Z
     96a:	90 7f       	andi	r25, 0xF0	; 240
     96c:	90 83       	st	Z, r25
	MOTOR_DIRECTION_PORT |= (1 << 3) | (1 << 1);	// 모터를 후진 모드로 IN4 IN3 IN2 IN1 = 1 0 1 0
     96e:	90 81       	ld	r25, Z
     970:	9a 60       	ori	r25, 0x0A	; 10
     972:	90 83       	st	Z, r25

	OCR1A = OCR1B = speed;	// OCR1A: PWM LEFT, OCR1B: PWM RIGHT
     974:	39 bd       	out	0x29, r19	; 41
     976:	28 bd       	out	0x28, r18	; 40
     978:	3b bd       	out	0x2b, r19	; 43
     97a:	2a bd       	out	0x2a, r18	; 42
     97c:	08 95       	ret

0000097e <turn_left>:
}

void turn_left(int speed)
{
     97e:	9c 01       	movw	r18, r24
	// 모터 좌측은 속도 감속, 모터 우측 속도 증가 
	MOTOR_DIRECTION_PORT &= ~((1 << 0) | (1 << 1) | (1 << 2) | (1 << 3));	// 0으로 초기화 하고 시작
     980:	e2 e6       	ldi	r30, 0x62	; 98
     982:	f0 e0       	ldi	r31, 0x00	; 0
     984:	90 81       	ld	r25, Z
     986:	90 7f       	andi	r25, 0xF0	; 240
     988:	90 83       	st	Z, r25
	MOTOR_DIRECTION_PORT |= (1 << 2) | (1 << 0);	// 모터를 후진 모드로 IN4 IN3 IN2 IN1 = 1 0 1 0
     98a:	90 81       	ld	r25, Z
     98c:	95 60       	ori	r25, 0x05	; 5
     98e:	90 83       	st	Z, r25

	// OCR1A: PWM LEFT, OCR1B: PWM RIGHT
	OCR1A = 0;
     990:	1b bc       	out	0x2b, r1	; 43
     992:	1a bc       	out	0x2a, r1	; 42
	OCR1B = speed;	
     994:	39 bd       	out	0x29, r19	; 41
     996:	28 bd       	out	0x28, r18	; 40
     998:	08 95       	ret

0000099a <turn_right>:
}

void turn_right(int speed)
{
     99a:	9c 01       	movw	r18, r24
	// 모터 좌측은 속도 감속, 모터 우측 속도 증가
	MOTOR_DIRECTION_PORT &= ~((1 << 0) | (1 << 1) | (1 << 2) | (1 << 3));	// 0으로 초기화 하고 시작
     99c:	e2 e6       	ldi	r30, 0x62	; 98
     99e:	f0 e0       	ldi	r31, 0x00	; 0
     9a0:	90 81       	ld	r25, Z
     9a2:	90 7f       	andi	r25, 0xF0	; 240
     9a4:	90 83       	st	Z, r25
	MOTOR_DIRECTION_PORT |= (1 << 2) | (1 << 0);	// 모터를 후진 모드로 IN4 IN3 IN2 IN1 = 1 0 1 0
     9a6:	90 81       	ld	r25, Z
     9a8:	95 60       	ori	r25, 0x05	; 5
     9aa:	90 83       	st	Z, r25

	// OCR1A: PWM LEFT, OCR1B: PWM RIGHT
	OCR1A = speed;
     9ac:	3b bd       	out	0x2b, r19	; 43
     9ae:	2a bd       	out	0x2a, r18	; 42
	OCR1B = 0;	
     9b0:	19 bc       	out	0x29, r1	; 41
     9b2:	18 bc       	out	0x28, r1	; 40
     9b4:	08 95       	ret

000009b6 <stop>:
}

void stop(void)
{
	// 모터 좌측은 속도 감속, 모터 우측 속도 증가
	MOTOR_DIRECTION_PORT &= ~((1 << 0) | (1 << 1) | (1 << 2) | (1 << 3));	// 0으로 초기화 하고 시작
     9b6:	e2 e6       	ldi	r30, 0x62	; 98
     9b8:	f0 e0       	ldi	r31, 0x00	; 0
     9ba:	80 81       	ld	r24, Z
     9bc:	80 7f       	andi	r24, 0xF0	; 240
     9be:	80 83       	st	Z, r24
	MOTOR_DIRECTION_PORT |= (1 << 0) | (1 << 1) | (1 << 2) | (1 << 3);	// 모터를 후진 모드로 IN4 IN3 IN2 IN1 = 1 0 1 0
     9c0:	80 81       	ld	r24, Z
     9c2:	8f 60       	ori	r24, 0x0F	; 15
     9c4:	80 83       	st	Z, r24

	// OCR1A: PWM LEFT, OCR1B: PWM RIGHT
	OCR1A = 0;
     9c6:	1b bc       	out	0x2b, r1	; 43
     9c8:	1a bc       	out	0x2a, r1	; 42
	OCR1B = 0;	
     9ca:	19 bc       	out	0x29, r1	; 41
     9cc:	18 bc       	out	0x28, r1	; 40
     9ce:	08 95       	ret

000009d0 <init_uart0>:
2. start / stop 비트 
3. RX(수신): interrupt로 설정
*/
void init_uart0(void)
{
	UBRR0H = 0x00;
     9d0:	10 92 90 00 	sts	0x0090, r1	; 0x800090 <__TEXT_REGION_LENGTH__+0x7e0090>
	UBRR0L = 207;  // 9600bps 
     9d4:	8f ec       	ldi	r24, 0xCF	; 207
     9d6:	89 b9       	out	0x09, r24	; 9
	UCSR0A |= 1 << U2X0;  // 2배속 설정 
     9d8:	8b b1       	in	r24, 0x0b	; 11
     9da:	82 60       	ori	r24, 0x02	; 2
     9dc:	8b b9       	out	0x0b, r24	; 11
	UCSR0B |= 1 << RXEN0 | 1 << TXEN0 | 1 << RXCIE0;
     9de:	8a b1       	in	r24, 0x0a	; 10
     9e0:	88 69       	ori	r24, 0x98	; 152
     9e2:	8a b9       	out	0x0a, r24	; 10
     9e4:	08 95       	ret

000009e6 <UART0_transmit>:

// UART0로 1byte 전송
void UART0_transmit(uint8_t data)
{
	// data가 송신 중이면, 송신이 끝날때까지 기다림.
	while(!(UCSR0A & (1 << UDRE0)))	
     9e6:	5d 9b       	sbis	0x0b, 5	; 11
     9e8:	fe cf       	rjmp	.-4      	; 0x9e6 <UART0_transmit>
	{
		;	
	}
	
	UDR0 = data;  
     9ea:	8c b9       	out	0x0c, r24	; 12
     9ec:	08 95       	ret

000009ee <__vector_18>:
void pc_command_processing(void);

volatile uint8_t data;

ISR(USART0_RX_vect)
{
     9ee:	1f 92       	push	r1
     9f0:	0f 92       	push	r0
     9f2:	0f b6       	in	r0, 0x3f	; 63
     9f4:	0f 92       	push	r0
     9f6:	11 24       	eor	r1, r1
     9f8:	0b b6       	in	r0, 0x3b	; 59
     9fa:	0f 92       	push	r0
     9fc:	2f 93       	push	r18
     9fe:	3f 93       	push	r19
     a00:	4f 93       	push	r20
     a02:	5f 93       	push	r21
     a04:	6f 93       	push	r22
     a06:	7f 93       	push	r23
     a08:	8f 93       	push	r24
     a0a:	9f 93       	push	r25
     a0c:	af 93       	push	r26
     a0e:	bf 93       	push	r27
     a10:	ef 93       	push	r30
     a12:	ff 93       	push	r31
	data = UDR0;		
     a14:	8c b1       	in	r24, 0x0c	; 12
     a16:	80 93 98 04 	sts	0x0498, r24	; 0x800498 <data>
    PORTA ^= (1 << 0);
     a1a:	9b b3       	in	r25, 0x1b	; 27
     a1c:	81 e0       	ldi	r24, 0x01	; 1
     a1e:	89 27       	eor	r24, r25
     a20:	8b bb       	out	0x1b, r24	; 27
	UART0_transmit(data);	
     a22:	80 91 98 04 	lds	r24, 0x0498	; 0x800498 <data>
     a26:	df df       	rcall	.-66     	; 0x9e6 <UART0_transmit>
}
     a28:	ff 91       	pop	r31
     a2a:	ef 91       	pop	r30
     a2c:	bf 91       	pop	r27
     a2e:	af 91       	pop	r26
     a30:	9f 91       	pop	r25
     a32:	8f 91       	pop	r24
     a34:	7f 91       	pop	r23
     a36:	6f 91       	pop	r22
     a38:	5f 91       	pop	r21
     a3a:	4f 91       	pop	r20
     a3c:	3f 91       	pop	r19
     a3e:	2f 91       	pop	r18
     a40:	0f 90       	pop	r0
     a42:	0b be       	out	0x3b, r0	; 59
     a44:	0f 90       	pop	r0
     a46:	0f be       	out	0x3f, r0	; 63
     a48:	0f 90       	pop	r0
     a4a:	1f 90       	pop	r1
     a4c:	18 95       	reti

00000a4e <__vector_5>:
// p278 표12-3 참조
// INT4 : PE4 외부 INT4 초음파 센서 상승/하강에지 발생시, 이곳으로 들어옴
// 결국, 상승 에지때 1번, 하강 에지때 1번 들어옴
// 0x000A 
ISR (INT4_vect)
{
     a4e:	1f 92       	push	r1
     a50:	0f 92       	push	r0
     a52:	0f b6       	in	r0, 0x3f	; 63
     a54:	0f 92       	push	r0
     a56:	11 24       	eor	r1, r1
     a58:	0b b6       	in	r0, 0x3b	; 59
     a5a:	0f 92       	push	r0
     a5c:	2f 93       	push	r18
     a5e:	3f 93       	push	r19
     a60:	4f 93       	push	r20
     a62:	5f 93       	push	r21
     a64:	6f 93       	push	r22
     a66:	7f 93       	push	r23
     a68:	8f 93       	push	r24
     a6a:	9f 93       	push	r25
     a6c:	af 93       	push	r26
     a6e:	bf 93       	push	r27
     a70:	ef 93       	push	r30
     a72:	ff 93       	push	r31
	// 1. 상승에지
	if(ECHO_PORT & (1 << ECHO_PIN_L))
     a74:	0c 9b       	sbis	0x01, 4	; 1
     a76:	09 c0       	rjmp	.+18     	; 0xa8a <__vector_5+0x3c>
	{
		start_time_l = TCNT3;
     a78:	80 91 88 00 	lds	r24, 0x0088	; 0x800088 <__TEXT_REGION_LENGTH__+0x7e0088>
     a7c:	90 91 89 00 	lds	r25, 0x0089	; 0x800089 <__TEXT_REGION_LENGTH__+0x7e0089>
     a80:	90 93 6b 01 	sts	0x016B, r25	; 0x80016b <start_time_l+0x1>
     a84:	80 93 6a 01 	sts	0x016A, r24	; 0x80016a <start_time_l>
     a88:	32 c0       	rjmp	.+100    	; 0xaee <__vector_5+0xa0>
	}
	else // 2. 하강에지
	{
		uint16_t clc_time = TCNT3 - start_time_l;	
     a8a:	60 91 88 00 	lds	r22, 0x0088	; 0x800088 <__TEXT_REGION_LENGTH__+0x7e0088>
     a8e:	70 91 89 00 	lds	r23, 0x0089	; 0x800089 <__TEXT_REGION_LENGTH__+0x7e0089>
     a92:	80 91 6a 01 	lds	r24, 0x016A	; 0x80016a <start_time_l>
     a96:	90 91 6b 01 	lds	r25, 0x016B	; 0x80016b <start_time_l+0x1>
     a9a:	68 1b       	sub	r22, r24
     a9c:	79 0b       	sbc	r23, r25
		
		int dist = (clc_time * 1000000.0 * 1024 / F_CPU) / 58;  
     a9e:	80 e0       	ldi	r24, 0x00	; 0
     aa0:	90 e0       	ldi	r25, 0x00	; 0
     aa2:	f7 d1       	rcall	.+1006   	; 0xe92 <__floatunsisf>
     aa4:	20 e0       	ldi	r18, 0x00	; 0
     aa6:	34 e2       	ldi	r19, 0x24	; 36
     aa8:	44 e7       	ldi	r20, 0x74	; 116
     aaa:	59 e4       	ldi	r21, 0x49	; 73
     aac:	80 d2       	rcall	.+1280   	; 0xfae <__mulsf3>
     aae:	20 e0       	ldi	r18, 0x00	; 0
     ab0:	30 e0       	ldi	r19, 0x00	; 0
     ab2:	40 e8       	ldi	r20, 0x80	; 128
     ab4:	54 e4       	ldi	r21, 0x44	; 68
     ab6:	7b d2       	rcall	.+1270   	; 0xfae <__mulsf3>
     ab8:	20 e0       	ldi	r18, 0x00	; 0
     aba:	34 e2       	ldi	r19, 0x24	; 36
     abc:	44 e7       	ldi	r20, 0x74	; 116
     abe:	5b e4       	ldi	r21, 0x4B	; 75
     ac0:	4f d1       	rcall	.+670    	; 0xd60 <__divsf3>
     ac2:	20 e0       	ldi	r18, 0x00	; 0
     ac4:	30 e0       	ldi	r19, 0x00	; 0
     ac6:	48 e6       	ldi	r20, 0x68	; 104
     ac8:	52 e4       	ldi	r21, 0x42	; 66
     aca:	4a d1       	rcall	.+660    	; 0xd60 <__divsf3>
     acc:	b1 d1       	rcall	.+866    	; 0xe30 <__fixsfsi>

		if(dist > 0 && dist < 400)         
     ace:	9b 01       	movw	r18, r22
     ad0:	21 50       	subi	r18, 0x01	; 1
     ad2:	31 09       	sbc	r19, r1
     ad4:	2f 38       	cpi	r18, 0x8F	; 143
     ad6:	31 40       	sbci	r19, 0x01	; 1
     ad8:	20 f4       	brcc	.+8      	; 0xae2 <__vector_5+0x94>
			ultrasonic_distance_l = dist;  
     ada:	70 93 77 01 	sts	0x0177, r23	; 0x800177 <ultrasonic_distance_l+0x1>
     ade:	60 93 76 01 	sts	0x0176, r22	; 0x800176 <ultrasonic_distance_l>
		
		flag_l = 1;
     ae2:	81 e0       	ldi	r24, 0x01	; 1
     ae4:	90 e0       	ldi	r25, 0x00	; 0
     ae6:	90 93 71 01 	sts	0x0171, r25	; 0x800171 <flag_l+0x1>
     aea:	80 93 70 01 	sts	0x0170, r24	; 0x800170 <flag_l>
	}
}
     aee:	ff 91       	pop	r31
     af0:	ef 91       	pop	r30
     af2:	bf 91       	pop	r27
     af4:	af 91       	pop	r26
     af6:	9f 91       	pop	r25
     af8:	8f 91       	pop	r24
     afa:	7f 91       	pop	r23
     afc:	6f 91       	pop	r22
     afe:	5f 91       	pop	r21
     b00:	4f 91       	pop	r20
     b02:	3f 91       	pop	r19
     b04:	2f 91       	pop	r18
     b06:	0f 90       	pop	r0
     b08:	0b be       	out	0x3b, r0	; 59
     b0a:	0f 90       	pop	r0
     b0c:	0f be       	out	0x3f, r0	; 63
     b0e:	0f 90       	pop	r0
     b10:	1f 90       	pop	r1
     b12:	18 95       	reti

00000b14 <__vector_6>:

ISR(INT5_vect)
{
     b14:	1f 92       	push	r1
     b16:	0f 92       	push	r0
     b18:	0f b6       	in	r0, 0x3f	; 63
     b1a:	0f 92       	push	r0
     b1c:	11 24       	eor	r1, r1
     b1e:	0b b6       	in	r0, 0x3b	; 59
     b20:	0f 92       	push	r0
     b22:	2f 93       	push	r18
     b24:	3f 93       	push	r19
     b26:	4f 93       	push	r20
     b28:	5f 93       	push	r21
     b2a:	6f 93       	push	r22
     b2c:	7f 93       	push	r23
     b2e:	8f 93       	push	r24
     b30:	9f 93       	push	r25
     b32:	af 93       	push	r26
     b34:	bf 93       	push	r27
     b36:	ef 93       	push	r30
     b38:	ff 93       	push	r31
	// 1. 상승에지
	if(ECHO_PORT & (1 << ECHO_PIN_C))
     b3a:	0d 9b       	sbis	0x01, 5	; 1
     b3c:	09 c0       	rjmp	.+18     	; 0xb50 <__vector_6+0x3c>
	{
		start_time_c = TCNT3;
     b3e:	80 91 88 00 	lds	r24, 0x0088	; 0x800088 <__TEXT_REGION_LENGTH__+0x7e0088>
     b42:	90 91 89 00 	lds	r25, 0x0089	; 0x800089 <__TEXT_REGION_LENGTH__+0x7e0089>
     b46:	90 93 69 01 	sts	0x0169, r25	; 0x800169 <start_time_c+0x1>
     b4a:	80 93 68 01 	sts	0x0168, r24	; 0x800168 <start_time_c>
     b4e:	32 c0       	rjmp	.+100    	; 0xbb4 <__vector_6+0xa0>
	}
	else // 2. 하강에지
	{
		uint16_t clc_time = TCNT3 - start_time_c;
     b50:	60 91 88 00 	lds	r22, 0x0088	; 0x800088 <__TEXT_REGION_LENGTH__+0x7e0088>
     b54:	70 91 89 00 	lds	r23, 0x0089	; 0x800089 <__TEXT_REGION_LENGTH__+0x7e0089>
     b58:	80 91 68 01 	lds	r24, 0x0168	; 0x800168 <start_time_c>
     b5c:	90 91 69 01 	lds	r25, 0x0169	; 0x800169 <start_time_c+0x1>
     b60:	68 1b       	sub	r22, r24
     b62:	79 0b       	sbc	r23, r25
		int dist = (clc_time * 1000000.0 * 1024 / F_CPU) / 58;
     b64:	80 e0       	ldi	r24, 0x00	; 0
     b66:	90 e0       	ldi	r25, 0x00	; 0
     b68:	94 d1       	rcall	.+808    	; 0xe92 <__floatunsisf>
     b6a:	20 e0       	ldi	r18, 0x00	; 0
     b6c:	34 e2       	ldi	r19, 0x24	; 36
     b6e:	44 e7       	ldi	r20, 0x74	; 116
     b70:	59 e4       	ldi	r21, 0x49	; 73
     b72:	1d d2       	rcall	.+1082   	; 0xfae <__mulsf3>
     b74:	20 e0       	ldi	r18, 0x00	; 0
     b76:	30 e0       	ldi	r19, 0x00	; 0
     b78:	40 e8       	ldi	r20, 0x80	; 128
     b7a:	54 e4       	ldi	r21, 0x44	; 68
     b7c:	18 d2       	rcall	.+1072   	; 0xfae <__mulsf3>
     b7e:	20 e0       	ldi	r18, 0x00	; 0
     b80:	34 e2       	ldi	r19, 0x24	; 36
     b82:	44 e7       	ldi	r20, 0x74	; 116
     b84:	5b e4       	ldi	r21, 0x4B	; 75
     b86:	ec d0       	rcall	.+472    	; 0xd60 <__divsf3>
     b88:	20 e0       	ldi	r18, 0x00	; 0
     b8a:	30 e0       	ldi	r19, 0x00	; 0
     b8c:	48 e6       	ldi	r20, 0x68	; 104
     b8e:	52 e4       	ldi	r21, 0x42	; 66
     b90:	e7 d0       	rcall	.+462    	; 0xd60 <__divsf3>
     b92:	4e d1       	rcall	.+668    	; 0xe30 <__fixsfsi>

		if(dist > 0 && dist < 400)
     b94:	9b 01       	movw	r18, r22
     b96:	21 50       	subi	r18, 0x01	; 1
     b98:	31 09       	sbc	r19, r1
     b9a:	2f 38       	cpi	r18, 0x8F	; 143
     b9c:	31 40       	sbci	r19, 0x01	; 1
     b9e:	20 f4       	brcc	.+8      	; 0xba8 <__vector_6+0x94>
			ultrasonic_distance_c = dist;
     ba0:	70 93 75 01 	sts	0x0175, r23	; 0x800175 <ultrasonic_distance_c+0x1>
     ba4:	60 93 74 01 	sts	0x0174, r22	; 0x800174 <ultrasonic_distance_c>

		flag_c = 1; 
     ba8:	81 e0       	ldi	r24, 0x01	; 1
     baa:	90 e0       	ldi	r25, 0x00	; 0
     bac:	90 93 6f 01 	sts	0x016F, r25	; 0x80016f <flag_c+0x1>
     bb0:	80 93 6e 01 	sts	0x016E, r24	; 0x80016e <flag_c>
	}
}
     bb4:	ff 91       	pop	r31
     bb6:	ef 91       	pop	r30
     bb8:	bf 91       	pop	r27
     bba:	af 91       	pop	r26
     bbc:	9f 91       	pop	r25
     bbe:	8f 91       	pop	r24
     bc0:	7f 91       	pop	r23
     bc2:	6f 91       	pop	r22
     bc4:	5f 91       	pop	r21
     bc6:	4f 91       	pop	r20
     bc8:	3f 91       	pop	r19
     bca:	2f 91       	pop	r18
     bcc:	0f 90       	pop	r0
     bce:	0b be       	out	0x3b, r0	; 59
     bd0:	0f 90       	pop	r0
     bd2:	0f be       	out	0x3f, r0	; 63
     bd4:	0f 90       	pop	r0
     bd6:	1f 90       	pop	r1
     bd8:	18 95       	reti

00000bda <__vector_7>:

ISR(INT6_vect)
{
     bda:	1f 92       	push	r1
     bdc:	0f 92       	push	r0
     bde:	0f b6       	in	r0, 0x3f	; 63
     be0:	0f 92       	push	r0
     be2:	11 24       	eor	r1, r1
     be4:	0b b6       	in	r0, 0x3b	; 59
     be6:	0f 92       	push	r0
     be8:	2f 93       	push	r18
     bea:	3f 93       	push	r19
     bec:	4f 93       	push	r20
     bee:	5f 93       	push	r21
     bf0:	6f 93       	push	r22
     bf2:	7f 93       	push	r23
     bf4:	8f 93       	push	r24
     bf6:	9f 93       	push	r25
     bf8:	af 93       	push	r26
     bfa:	bf 93       	push	r27
     bfc:	ef 93       	push	r30
     bfe:	ff 93       	push	r31
	// 1. 상승에지
	if(ECHO_PORT & (1 << ECHO_PIN_R))
     c00:	0e 9b       	sbis	0x01, 6	; 1
     c02:	09 c0       	rjmp	.+18     	; 0xc16 <__vector_7+0x3c>
	{
		start_time_r = TCNT3;
     c04:	80 91 88 00 	lds	r24, 0x0088	; 0x800088 <__TEXT_REGION_LENGTH__+0x7e0088>
     c08:	90 91 89 00 	lds	r25, 0x0089	; 0x800089 <__TEXT_REGION_LENGTH__+0x7e0089>
     c0c:	90 93 67 01 	sts	0x0167, r25	; 0x800167 <start_time_r+0x1>
     c10:	80 93 66 01 	sts	0x0166, r24	; 0x800166 <start_time_r>
     c14:	32 c0       	rjmp	.+100    	; 0xc7a <__vector_7+0xa0>
	}
	else // 2. 하강에지
	{
		uint16_t clc_time = TCNT3 - start_time_r;
     c16:	60 91 88 00 	lds	r22, 0x0088	; 0x800088 <__TEXT_REGION_LENGTH__+0x7e0088>
     c1a:	70 91 89 00 	lds	r23, 0x0089	; 0x800089 <__TEXT_REGION_LENGTH__+0x7e0089>
     c1e:	80 91 66 01 	lds	r24, 0x0166	; 0x800166 <start_time_r>
     c22:	90 91 67 01 	lds	r25, 0x0167	; 0x800167 <start_time_r+0x1>
     c26:	68 1b       	sub	r22, r24
     c28:	79 0b       	sbc	r23, r25
		int dist = (clc_time * 1000000.0 * 1024 / F_CPU) / 58;
     c2a:	80 e0       	ldi	r24, 0x00	; 0
     c2c:	90 e0       	ldi	r25, 0x00	; 0
     c2e:	31 d1       	rcall	.+610    	; 0xe92 <__floatunsisf>
     c30:	20 e0       	ldi	r18, 0x00	; 0
     c32:	34 e2       	ldi	r19, 0x24	; 36
     c34:	44 e7       	ldi	r20, 0x74	; 116
     c36:	59 e4       	ldi	r21, 0x49	; 73
     c38:	ba d1       	rcall	.+884    	; 0xfae <__mulsf3>
     c3a:	20 e0       	ldi	r18, 0x00	; 0
     c3c:	30 e0       	ldi	r19, 0x00	; 0
     c3e:	40 e8       	ldi	r20, 0x80	; 128
     c40:	54 e4       	ldi	r21, 0x44	; 68
     c42:	b5 d1       	rcall	.+874    	; 0xfae <__mulsf3>
     c44:	20 e0       	ldi	r18, 0x00	; 0
     c46:	34 e2       	ldi	r19, 0x24	; 36
     c48:	44 e7       	ldi	r20, 0x74	; 116
     c4a:	5b e4       	ldi	r21, 0x4B	; 75
     c4c:	89 d0       	rcall	.+274    	; 0xd60 <__divsf3>
     c4e:	20 e0       	ldi	r18, 0x00	; 0
     c50:	30 e0       	ldi	r19, 0x00	; 0
     c52:	48 e6       	ldi	r20, 0x68	; 104
     c54:	52 e4       	ldi	r21, 0x42	; 66
     c56:	84 d0       	rcall	.+264    	; 0xd60 <__divsf3>
     c58:	eb d0       	rcall	.+470    	; 0xe30 <__fixsfsi>

		if(dist > 0 && dist < 400)
     c5a:	9b 01       	movw	r18, r22
     c5c:	21 50       	subi	r18, 0x01	; 1
     c5e:	31 09       	sbc	r19, r1
     c60:	2f 38       	cpi	r18, 0x8F	; 143
     c62:	31 40       	sbci	r19, 0x01	; 1
     c64:	20 f4       	brcc	.+8      	; 0xc6e <__vector_7+0x94>
			ultrasonic_distance_r = dist;
     c66:	70 93 73 01 	sts	0x0173, r23	; 0x800173 <ultrasonic_distance_r+0x1>
     c6a:	60 93 72 01 	sts	0x0172, r22	; 0x800172 <ultrasonic_distance_r>

		flag_r = 1;
     c6e:	81 e0       	ldi	r24, 0x01	; 1
     c70:	90 e0       	ldi	r25, 0x00	; 0
     c72:	90 93 6d 01 	sts	0x016D, r25	; 0x80016d <flag_r+0x1>
     c76:	80 93 6c 01 	sts	0x016C, r24	; 0x80016c <flag_r>
	}
}
     c7a:	ff 91       	pop	r31
     c7c:	ef 91       	pop	r30
     c7e:	bf 91       	pop	r27
     c80:	af 91       	pop	r26
     c82:	9f 91       	pop	r25
     c84:	8f 91       	pop	r24
     c86:	7f 91       	pop	r23
     c88:	6f 91       	pop	r22
     c8a:	5f 91       	pop	r21
     c8c:	4f 91       	pop	r20
     c8e:	3f 91       	pop	r19
     c90:	2f 91       	pop	r18
     c92:	0f 90       	pop	r0
     c94:	0b be       	out	0x3b, r0	; 59
     c96:	0f 90       	pop	r0
     c98:	0f be       	out	0x3f, r0	; 63
     c9a:	0f 90       	pop	r0
     c9c:	1f 90       	pop	r1
     c9e:	18 95       	reti

00000ca0 <make_trigger>:
	make_trigger(TRIG_PIN_L);   // 최초 시작
	
}

void make_trigger(volatile int pin) 
{
     ca0:	cf 93       	push	r28
     ca2:	df 93       	push	r29
     ca4:	00 d0       	rcall	.+0      	; 0xca6 <make_trigger+0x6>
     ca6:	cd b7       	in	r28, 0x3d	; 61
     ca8:	de b7       	in	r29, 0x3e	; 62
     caa:	9a 83       	std	Y+2, r25	; 0x02
     cac:	89 83       	std	Y+1, r24	; 0x01
	TRIG_PORT &= ~(1 << pin); // low로 만든다.
     cae:	29 81       	ldd	r18, Y+1	; 0x01
     cb0:	3a 81       	ldd	r19, Y+2	; 0x02
     cb2:	81 e0       	ldi	r24, 0x01	; 1
     cb4:	90 e0       	ldi	r25, 0x00	; 0
     cb6:	ac 01       	movw	r20, r24
     cb8:	02 c0       	rjmp	.+4      	; 0xcbe <make_trigger+0x1e>
     cba:	44 0f       	add	r20, r20
     cbc:	55 1f       	adc	r21, r21
     cbe:	2a 95       	dec	r18
     cc0:	e2 f7       	brpl	.-8      	; 0xcba <make_trigger+0x1a>
     cc2:	9a 01       	movw	r18, r20
     cc4:	20 95       	com	r18
     cc6:	30 95       	com	r19
     cc8:	3b b3       	in	r19, 0x1b	; 27
     cca:	23 23       	and	r18, r19
     ccc:	2b bb       	out	0x1b, r18	; 27
	#else
		//round up by default
		__ticks_dc = (uint32_t)(ceil(fabs(__tmp)));
	#endif

	__builtin_avr_delay_cycles(__ticks_dc);
     cce:	55 e0       	ldi	r21, 0x05	; 5
     cd0:	5a 95       	dec	r21
     cd2:	f1 f7       	brne	.-4      	; 0xcd0 <make_trigger+0x30>
     cd4:	00 00       	nop
	_delay_us(1);
	TRIG_PORT |= 1 << pin; // high로 만든다.
     cd6:	29 81       	ldd	r18, Y+1	; 0x01
     cd8:	3a 81       	ldd	r19, Y+2	; 0x02
     cda:	ac 01       	movw	r20, r24
     cdc:	02 c0       	rjmp	.+4      	; 0xce2 <make_trigger+0x42>
     cde:	44 0f       	add	r20, r20
     ce0:	55 1f       	adc	r21, r21
     ce2:	2a 95       	dec	r18
     ce4:	e2 f7       	brpl	.-8      	; 0xcde <make_trigger+0x3e>
     ce6:	9a 01       	movw	r18, r20
     ce8:	3b b3       	in	r19, 0x1b	; 27
     cea:	23 2b       	or	r18, r19
     cec:	2b bb       	out	0x1b, r18	; 27
     cee:	50 e5       	ldi	r21, 0x50	; 80
     cf0:	5a 95       	dec	r21
     cf2:	f1 f7       	brne	.-4      	; 0xcf0 <make_trigger+0x50>
	_delay_us(15);    //규격에는 10us인데 redunacy로 15us
	TRIG_PORT &= ~(1 << pin);
     cf4:	29 81       	ldd	r18, Y+1	; 0x01
     cf6:	3a 81       	ldd	r19, Y+2	; 0x02
     cf8:	02 c0       	rjmp	.+4      	; 0xcfe <make_trigger+0x5e>
     cfa:	88 0f       	add	r24, r24
     cfc:	99 1f       	adc	r25, r25
     cfe:	2a 95       	dec	r18
     d00:	e2 f7       	brpl	.-8      	; 0xcfa <make_trigger+0x5a>
     d02:	80 95       	com	r24
     d04:	90 95       	com	r25
     d06:	9b b3       	in	r25, 0x1b	; 27
     d08:	89 23       	and	r24, r25
     d0a:	8b bb       	out	0x1b, r24	; 27
}
     d0c:	0f 90       	pop	r0
     d0e:	0f 90       	pop	r0
     d10:	df 91       	pop	r29
     d12:	cf 91       	pop	r28
     d14:	08 95       	ret

00000d16 <init_ultrasonic>:
	}
}

void init_ultrasonic(void)
{
	TRIG_DDR |= (1 << TRIG_PIN_L) | (1 << TRIG_PIN_C) | (1 << TRIG_PIN_R);	// output mode
     d16:	8a b3       	in	r24, 0x1a	; 26
     d18:	87 60       	ori	r24, 0x07	; 7
     d1a:	8a bb       	out	0x1a, r24	; 26
	ECHO_DDR &= ~(1 << ECHO_PIN_L | 1 << ECHO_PIN_C | 1 << ECHO_PIN_R);	// input mode
     d1c:	82 b1       	in	r24, 0x02	; 2
     d1e:	8f 78       	andi	r24, 0x8F	; 143
     d20:	82 b9       	out	0x02, r24	; 2
	
	EICRB |= (0 << ISC41 | 1 << ISC40 | 0 << ISC51 | 1 << ISC50 | 0 << ISC61 | 1 << ISC60);
     d22:	8a b7       	in	r24, 0x3a	; 58
     d24:	85 61       	ori	r24, 0x15	; 21
     d26:	8a bf       	out	0x3a, r24	; 58
	
    TCCR3A = 0;
     d28:	10 92 8b 00 	sts	0x008B, r1	; 0x80008b <__TEXT_REGION_LENGTH__+0x7e008b>
    TCCR3B = 0;
     d2c:	ea e8       	ldi	r30, 0x8A	; 138
     d2e:	f0 e0       	ldi	r31, 0x00	; 0
     d30:	10 82       	st	Z, r1
    TCNT3 = 0;
     d32:	10 92 89 00 	sts	0x0089, r1	; 0x800089 <__TEXT_REGION_LENGTH__+0x7e0089>
     d36:	10 92 88 00 	sts	0x0088, r1	; 0x800088 <__TEXT_REGION_LENGTH__+0x7e0088>

    TCCR3B |= (1 << CS32) | (1 << CS30);
     d3a:	80 81       	ld	r24, Z
     d3c:	85 60       	ori	r24, 0x05	; 5
     d3e:	80 83       	st	Z, r24

	// ----- EINT4 설정 -----
	// page 247 그림 12-6
	EIMSK |= 1 << INT4 | 1 << INT5 | 1 << INT6;	// 외부 INT4(ECHO핀 설정)
     d40:	89 b7       	in	r24, 0x39	; 57
     d42:	80 67       	ori	r24, 0x70	; 112
     d44:	89 bf       	out	0x39, r24	; 57
	#else
		//round up by default
		__ticks_dc = (uint32_t)(ceil(fabs(__tmp)));
	#endif

	__builtin_avr_delay_cycles(__ticks_dc);
     d46:	2f ef       	ldi	r18, 0xFF	; 255
     d48:	81 ee       	ldi	r24, 0xE1	; 225
     d4a:	94 e0       	ldi	r25, 0x04	; 4
     d4c:	21 50       	subi	r18, 0x01	; 1
     d4e:	80 40       	sbci	r24, 0x00	; 0
     d50:	90 40       	sbci	r25, 0x00	; 0
     d52:	e1 f7       	brne	.-8      	; 0xd4c <init_ultrasonic+0x36>
     d54:	00 c0       	rjmp	.+0      	; 0xd56 <init_ultrasonic+0x40>
     d56:	00 00       	nop


	_delay_ms(100);

	make_trigger(TRIG_PIN_L);   // 최초 시작
     d58:	80 e0       	ldi	r24, 0x00	; 0
     d5a:	90 e0       	ldi	r25, 0x00	; 0
     d5c:	a1 cf       	rjmp	.-190    	; 0xca0 <make_trigger>
     d5e:	08 95       	ret

00000d60 <__divsf3>:
     d60:	0c d0       	rcall	.+24     	; 0xd7a <__divsf3x>
     d62:	eb c0       	rjmp	.+470    	; 0xf3a <__fp_round>
     d64:	e3 d0       	rcall	.+454    	; 0xf2c <__fp_pscB>
     d66:	40 f0       	brcs	.+16     	; 0xd78 <__divsf3+0x18>
     d68:	da d0       	rcall	.+436    	; 0xf1e <__fp_pscA>
     d6a:	30 f0       	brcs	.+12     	; 0xd78 <__divsf3+0x18>
     d6c:	21 f4       	brne	.+8      	; 0xd76 <__divsf3+0x16>
     d6e:	5f 3f       	cpi	r21, 0xFF	; 255
     d70:	19 f0       	breq	.+6      	; 0xd78 <__divsf3+0x18>
     d72:	cc c0       	rjmp	.+408    	; 0xf0c <__fp_inf>
     d74:	51 11       	cpse	r21, r1
     d76:	15 c1       	rjmp	.+554    	; 0xfa2 <__fp_szero>
     d78:	cf c0       	rjmp	.+414    	; 0xf18 <__fp_nan>

00000d7a <__divsf3x>:
     d7a:	f0 d0       	rcall	.+480    	; 0xf5c <__fp_split3>
     d7c:	98 f3       	brcs	.-26     	; 0xd64 <__divsf3+0x4>

00000d7e <__divsf3_pse>:
     d7e:	99 23       	and	r25, r25
     d80:	c9 f3       	breq	.-14     	; 0xd74 <__divsf3+0x14>
     d82:	55 23       	and	r21, r21
     d84:	b1 f3       	breq	.-20     	; 0xd72 <__divsf3+0x12>
     d86:	95 1b       	sub	r25, r21
     d88:	55 0b       	sbc	r21, r21
     d8a:	bb 27       	eor	r27, r27
     d8c:	aa 27       	eor	r26, r26
     d8e:	62 17       	cp	r22, r18
     d90:	73 07       	cpc	r23, r19
     d92:	84 07       	cpc	r24, r20
     d94:	38 f0       	brcs	.+14     	; 0xda4 <__divsf3_pse+0x26>
     d96:	9f 5f       	subi	r25, 0xFF	; 255
     d98:	5f 4f       	sbci	r21, 0xFF	; 255
     d9a:	22 0f       	add	r18, r18
     d9c:	33 1f       	adc	r19, r19
     d9e:	44 1f       	adc	r20, r20
     da0:	aa 1f       	adc	r26, r26
     da2:	a9 f3       	breq	.-22     	; 0xd8e <__divsf3_pse+0x10>
     da4:	33 d0       	rcall	.+102    	; 0xe0c <__divsf3_pse+0x8e>
     da6:	0e 2e       	mov	r0, r30
     da8:	3a f0       	brmi	.+14     	; 0xdb8 <__divsf3_pse+0x3a>
     daa:	e0 e8       	ldi	r30, 0x80	; 128
     dac:	30 d0       	rcall	.+96     	; 0xe0e <__divsf3_pse+0x90>
     dae:	91 50       	subi	r25, 0x01	; 1
     db0:	50 40       	sbci	r21, 0x00	; 0
     db2:	e6 95       	lsr	r30
     db4:	00 1c       	adc	r0, r0
     db6:	ca f7       	brpl	.-14     	; 0xdaa <__divsf3_pse+0x2c>
     db8:	29 d0       	rcall	.+82     	; 0xe0c <__divsf3_pse+0x8e>
     dba:	fe 2f       	mov	r31, r30
     dbc:	27 d0       	rcall	.+78     	; 0xe0c <__divsf3_pse+0x8e>
     dbe:	66 0f       	add	r22, r22
     dc0:	77 1f       	adc	r23, r23
     dc2:	88 1f       	adc	r24, r24
     dc4:	bb 1f       	adc	r27, r27
     dc6:	26 17       	cp	r18, r22
     dc8:	37 07       	cpc	r19, r23
     dca:	48 07       	cpc	r20, r24
     dcc:	ab 07       	cpc	r26, r27
     dce:	b0 e8       	ldi	r27, 0x80	; 128
     dd0:	09 f0       	breq	.+2      	; 0xdd4 <__divsf3_pse+0x56>
     dd2:	bb 0b       	sbc	r27, r27
     dd4:	80 2d       	mov	r24, r0
     dd6:	bf 01       	movw	r22, r30
     dd8:	ff 27       	eor	r31, r31
     dda:	93 58       	subi	r25, 0x83	; 131
     ddc:	5f 4f       	sbci	r21, 0xFF	; 255
     dde:	2a f0       	brmi	.+10     	; 0xdea <__divsf3_pse+0x6c>
     de0:	9e 3f       	cpi	r25, 0xFE	; 254
     de2:	51 05       	cpc	r21, r1
     de4:	68 f0       	brcs	.+26     	; 0xe00 <__divsf3_pse+0x82>
     de6:	92 c0       	rjmp	.+292    	; 0xf0c <__fp_inf>
     de8:	dc c0       	rjmp	.+440    	; 0xfa2 <__fp_szero>
     dea:	5f 3f       	cpi	r21, 0xFF	; 255
     dec:	ec f3       	brlt	.-6      	; 0xde8 <__divsf3_pse+0x6a>
     dee:	98 3e       	cpi	r25, 0xE8	; 232
     df0:	dc f3       	brlt	.-10     	; 0xde8 <__divsf3_pse+0x6a>
     df2:	86 95       	lsr	r24
     df4:	77 95       	ror	r23
     df6:	67 95       	ror	r22
     df8:	b7 95       	ror	r27
     dfa:	f7 95       	ror	r31
     dfc:	9f 5f       	subi	r25, 0xFF	; 255
     dfe:	c9 f7       	brne	.-14     	; 0xdf2 <__divsf3_pse+0x74>
     e00:	88 0f       	add	r24, r24
     e02:	91 1d       	adc	r25, r1
     e04:	96 95       	lsr	r25
     e06:	87 95       	ror	r24
     e08:	97 f9       	bld	r25, 7
     e0a:	08 95       	ret
     e0c:	e1 e0       	ldi	r30, 0x01	; 1
     e0e:	66 0f       	add	r22, r22
     e10:	77 1f       	adc	r23, r23
     e12:	88 1f       	adc	r24, r24
     e14:	bb 1f       	adc	r27, r27
     e16:	62 17       	cp	r22, r18
     e18:	73 07       	cpc	r23, r19
     e1a:	84 07       	cpc	r24, r20
     e1c:	ba 07       	cpc	r27, r26
     e1e:	20 f0       	brcs	.+8      	; 0xe28 <__divsf3_pse+0xaa>
     e20:	62 1b       	sub	r22, r18
     e22:	73 0b       	sbc	r23, r19
     e24:	84 0b       	sbc	r24, r20
     e26:	ba 0b       	sbc	r27, r26
     e28:	ee 1f       	adc	r30, r30
     e2a:	88 f7       	brcc	.-30     	; 0xe0e <__divsf3_pse+0x90>
     e2c:	e0 95       	com	r30
     e2e:	08 95       	ret

00000e30 <__fixsfsi>:
     e30:	04 d0       	rcall	.+8      	; 0xe3a <__fixunssfsi>
     e32:	68 94       	set
     e34:	b1 11       	cpse	r27, r1
     e36:	b5 c0       	rjmp	.+362    	; 0xfa2 <__fp_szero>
     e38:	08 95       	ret

00000e3a <__fixunssfsi>:
     e3a:	98 d0       	rcall	.+304    	; 0xf6c <__fp_splitA>
     e3c:	88 f0       	brcs	.+34     	; 0xe60 <__fixunssfsi+0x26>
     e3e:	9f 57       	subi	r25, 0x7F	; 127
     e40:	90 f0       	brcs	.+36     	; 0xe66 <__fixunssfsi+0x2c>
     e42:	b9 2f       	mov	r27, r25
     e44:	99 27       	eor	r25, r25
     e46:	b7 51       	subi	r27, 0x17	; 23
     e48:	a0 f0       	brcs	.+40     	; 0xe72 <__fixunssfsi+0x38>
     e4a:	d1 f0       	breq	.+52     	; 0xe80 <__fixunssfsi+0x46>
     e4c:	66 0f       	add	r22, r22
     e4e:	77 1f       	adc	r23, r23
     e50:	88 1f       	adc	r24, r24
     e52:	99 1f       	adc	r25, r25
     e54:	1a f0       	brmi	.+6      	; 0xe5c <__fixunssfsi+0x22>
     e56:	ba 95       	dec	r27
     e58:	c9 f7       	brne	.-14     	; 0xe4c <__fixunssfsi+0x12>
     e5a:	12 c0       	rjmp	.+36     	; 0xe80 <__fixunssfsi+0x46>
     e5c:	b1 30       	cpi	r27, 0x01	; 1
     e5e:	81 f0       	breq	.+32     	; 0xe80 <__fixunssfsi+0x46>
     e60:	9f d0       	rcall	.+318    	; 0xfa0 <__fp_zero>
     e62:	b1 e0       	ldi	r27, 0x01	; 1
     e64:	08 95       	ret
     e66:	9c c0       	rjmp	.+312    	; 0xfa0 <__fp_zero>
     e68:	67 2f       	mov	r22, r23
     e6a:	78 2f       	mov	r23, r24
     e6c:	88 27       	eor	r24, r24
     e6e:	b8 5f       	subi	r27, 0xF8	; 248
     e70:	39 f0       	breq	.+14     	; 0xe80 <__fixunssfsi+0x46>
     e72:	b9 3f       	cpi	r27, 0xF9	; 249
     e74:	cc f3       	brlt	.-14     	; 0xe68 <__fixunssfsi+0x2e>
     e76:	86 95       	lsr	r24
     e78:	77 95       	ror	r23
     e7a:	67 95       	ror	r22
     e7c:	b3 95       	inc	r27
     e7e:	d9 f7       	brne	.-10     	; 0xe76 <__fixunssfsi+0x3c>
     e80:	3e f4       	brtc	.+14     	; 0xe90 <__fixunssfsi+0x56>
     e82:	90 95       	com	r25
     e84:	80 95       	com	r24
     e86:	70 95       	com	r23
     e88:	61 95       	neg	r22
     e8a:	7f 4f       	sbci	r23, 0xFF	; 255
     e8c:	8f 4f       	sbci	r24, 0xFF	; 255
     e8e:	9f 4f       	sbci	r25, 0xFF	; 255
     e90:	08 95       	ret

00000e92 <__floatunsisf>:
     e92:	e8 94       	clt
     e94:	09 c0       	rjmp	.+18     	; 0xea8 <__floatsisf+0x12>

00000e96 <__floatsisf>:
     e96:	97 fb       	bst	r25, 7
     e98:	3e f4       	brtc	.+14     	; 0xea8 <__floatsisf+0x12>
     e9a:	90 95       	com	r25
     e9c:	80 95       	com	r24
     e9e:	70 95       	com	r23
     ea0:	61 95       	neg	r22
     ea2:	7f 4f       	sbci	r23, 0xFF	; 255
     ea4:	8f 4f       	sbci	r24, 0xFF	; 255
     ea6:	9f 4f       	sbci	r25, 0xFF	; 255
     ea8:	99 23       	and	r25, r25
     eaa:	a9 f0       	breq	.+42     	; 0xed6 <__floatsisf+0x40>
     eac:	f9 2f       	mov	r31, r25
     eae:	96 e9       	ldi	r25, 0x96	; 150
     eb0:	bb 27       	eor	r27, r27
     eb2:	93 95       	inc	r25
     eb4:	f6 95       	lsr	r31
     eb6:	87 95       	ror	r24
     eb8:	77 95       	ror	r23
     eba:	67 95       	ror	r22
     ebc:	b7 95       	ror	r27
     ebe:	f1 11       	cpse	r31, r1
     ec0:	f8 cf       	rjmp	.-16     	; 0xeb2 <__floatsisf+0x1c>
     ec2:	fa f4       	brpl	.+62     	; 0xf02 <__floatsisf+0x6c>
     ec4:	bb 0f       	add	r27, r27
     ec6:	11 f4       	brne	.+4      	; 0xecc <__floatsisf+0x36>
     ec8:	60 ff       	sbrs	r22, 0
     eca:	1b c0       	rjmp	.+54     	; 0xf02 <__floatsisf+0x6c>
     ecc:	6f 5f       	subi	r22, 0xFF	; 255
     ece:	7f 4f       	sbci	r23, 0xFF	; 255
     ed0:	8f 4f       	sbci	r24, 0xFF	; 255
     ed2:	9f 4f       	sbci	r25, 0xFF	; 255
     ed4:	16 c0       	rjmp	.+44     	; 0xf02 <__floatsisf+0x6c>
     ed6:	88 23       	and	r24, r24
     ed8:	11 f0       	breq	.+4      	; 0xede <__floatsisf+0x48>
     eda:	96 e9       	ldi	r25, 0x96	; 150
     edc:	11 c0       	rjmp	.+34     	; 0xf00 <__floatsisf+0x6a>
     ede:	77 23       	and	r23, r23
     ee0:	21 f0       	breq	.+8      	; 0xeea <__floatsisf+0x54>
     ee2:	9e e8       	ldi	r25, 0x8E	; 142
     ee4:	87 2f       	mov	r24, r23
     ee6:	76 2f       	mov	r23, r22
     ee8:	05 c0       	rjmp	.+10     	; 0xef4 <__floatsisf+0x5e>
     eea:	66 23       	and	r22, r22
     eec:	71 f0       	breq	.+28     	; 0xf0a <__floatsisf+0x74>
     eee:	96 e8       	ldi	r25, 0x86	; 134
     ef0:	86 2f       	mov	r24, r22
     ef2:	70 e0       	ldi	r23, 0x00	; 0
     ef4:	60 e0       	ldi	r22, 0x00	; 0
     ef6:	2a f0       	brmi	.+10     	; 0xf02 <__floatsisf+0x6c>
     ef8:	9a 95       	dec	r25
     efa:	66 0f       	add	r22, r22
     efc:	77 1f       	adc	r23, r23
     efe:	88 1f       	adc	r24, r24
     f00:	da f7       	brpl	.-10     	; 0xef8 <__floatsisf+0x62>
     f02:	88 0f       	add	r24, r24
     f04:	96 95       	lsr	r25
     f06:	87 95       	ror	r24
     f08:	97 f9       	bld	r25, 7
     f0a:	08 95       	ret

00000f0c <__fp_inf>:
     f0c:	97 f9       	bld	r25, 7
     f0e:	9f 67       	ori	r25, 0x7F	; 127
     f10:	80 e8       	ldi	r24, 0x80	; 128
     f12:	70 e0       	ldi	r23, 0x00	; 0
     f14:	60 e0       	ldi	r22, 0x00	; 0
     f16:	08 95       	ret

00000f18 <__fp_nan>:
     f18:	9f ef       	ldi	r25, 0xFF	; 255
     f1a:	80 ec       	ldi	r24, 0xC0	; 192
     f1c:	08 95       	ret

00000f1e <__fp_pscA>:
     f1e:	00 24       	eor	r0, r0
     f20:	0a 94       	dec	r0
     f22:	16 16       	cp	r1, r22
     f24:	17 06       	cpc	r1, r23
     f26:	18 06       	cpc	r1, r24
     f28:	09 06       	cpc	r0, r25
     f2a:	08 95       	ret

00000f2c <__fp_pscB>:
     f2c:	00 24       	eor	r0, r0
     f2e:	0a 94       	dec	r0
     f30:	12 16       	cp	r1, r18
     f32:	13 06       	cpc	r1, r19
     f34:	14 06       	cpc	r1, r20
     f36:	05 06       	cpc	r0, r21
     f38:	08 95       	ret

00000f3a <__fp_round>:
     f3a:	09 2e       	mov	r0, r25
     f3c:	03 94       	inc	r0
     f3e:	00 0c       	add	r0, r0
     f40:	11 f4       	brne	.+4      	; 0xf46 <__fp_round+0xc>
     f42:	88 23       	and	r24, r24
     f44:	52 f0       	brmi	.+20     	; 0xf5a <__fp_round+0x20>
     f46:	bb 0f       	add	r27, r27
     f48:	40 f4       	brcc	.+16     	; 0xf5a <__fp_round+0x20>
     f4a:	bf 2b       	or	r27, r31
     f4c:	11 f4       	brne	.+4      	; 0xf52 <__fp_round+0x18>
     f4e:	60 ff       	sbrs	r22, 0
     f50:	04 c0       	rjmp	.+8      	; 0xf5a <__fp_round+0x20>
     f52:	6f 5f       	subi	r22, 0xFF	; 255
     f54:	7f 4f       	sbci	r23, 0xFF	; 255
     f56:	8f 4f       	sbci	r24, 0xFF	; 255
     f58:	9f 4f       	sbci	r25, 0xFF	; 255
     f5a:	08 95       	ret

00000f5c <__fp_split3>:
     f5c:	57 fd       	sbrc	r21, 7
     f5e:	90 58       	subi	r25, 0x80	; 128
     f60:	44 0f       	add	r20, r20
     f62:	55 1f       	adc	r21, r21
     f64:	59 f0       	breq	.+22     	; 0xf7c <__fp_splitA+0x10>
     f66:	5f 3f       	cpi	r21, 0xFF	; 255
     f68:	71 f0       	breq	.+28     	; 0xf86 <__fp_splitA+0x1a>
     f6a:	47 95       	ror	r20

00000f6c <__fp_splitA>:
     f6c:	88 0f       	add	r24, r24
     f6e:	97 fb       	bst	r25, 7
     f70:	99 1f       	adc	r25, r25
     f72:	61 f0       	breq	.+24     	; 0xf8c <__fp_splitA+0x20>
     f74:	9f 3f       	cpi	r25, 0xFF	; 255
     f76:	79 f0       	breq	.+30     	; 0xf96 <__fp_splitA+0x2a>
     f78:	87 95       	ror	r24
     f7a:	08 95       	ret
     f7c:	12 16       	cp	r1, r18
     f7e:	13 06       	cpc	r1, r19
     f80:	14 06       	cpc	r1, r20
     f82:	55 1f       	adc	r21, r21
     f84:	f2 cf       	rjmp	.-28     	; 0xf6a <__fp_split3+0xe>
     f86:	46 95       	lsr	r20
     f88:	f1 df       	rcall	.-30     	; 0xf6c <__fp_splitA>
     f8a:	08 c0       	rjmp	.+16     	; 0xf9c <__fp_splitA+0x30>
     f8c:	16 16       	cp	r1, r22
     f8e:	17 06       	cpc	r1, r23
     f90:	18 06       	cpc	r1, r24
     f92:	99 1f       	adc	r25, r25
     f94:	f1 cf       	rjmp	.-30     	; 0xf78 <__fp_splitA+0xc>
     f96:	86 95       	lsr	r24
     f98:	71 05       	cpc	r23, r1
     f9a:	61 05       	cpc	r22, r1
     f9c:	08 94       	sec
     f9e:	08 95       	ret

00000fa0 <__fp_zero>:
     fa0:	e8 94       	clt

00000fa2 <__fp_szero>:
     fa2:	bb 27       	eor	r27, r27
     fa4:	66 27       	eor	r22, r22
     fa6:	77 27       	eor	r23, r23
     fa8:	cb 01       	movw	r24, r22
     faa:	97 f9       	bld	r25, 7
     fac:	08 95       	ret

00000fae <__mulsf3>:
     fae:	0b d0       	rcall	.+22     	; 0xfc6 <__mulsf3x>
     fb0:	c4 cf       	rjmp	.-120    	; 0xf3a <__fp_round>
     fb2:	b5 df       	rcall	.-150    	; 0xf1e <__fp_pscA>
     fb4:	28 f0       	brcs	.+10     	; 0xfc0 <__mulsf3+0x12>
     fb6:	ba df       	rcall	.-140    	; 0xf2c <__fp_pscB>
     fb8:	18 f0       	brcs	.+6      	; 0xfc0 <__mulsf3+0x12>
     fba:	95 23       	and	r25, r21
     fbc:	09 f0       	breq	.+2      	; 0xfc0 <__mulsf3+0x12>
     fbe:	a6 cf       	rjmp	.-180    	; 0xf0c <__fp_inf>
     fc0:	ab cf       	rjmp	.-170    	; 0xf18 <__fp_nan>
     fc2:	11 24       	eor	r1, r1
     fc4:	ee cf       	rjmp	.-36     	; 0xfa2 <__fp_szero>

00000fc6 <__mulsf3x>:
     fc6:	ca df       	rcall	.-108    	; 0xf5c <__fp_split3>
     fc8:	a0 f3       	brcs	.-24     	; 0xfb2 <__mulsf3+0x4>

00000fca <__mulsf3_pse>:
     fca:	95 9f       	mul	r25, r21
     fcc:	d1 f3       	breq	.-12     	; 0xfc2 <__mulsf3+0x14>
     fce:	95 0f       	add	r25, r21
     fd0:	50 e0       	ldi	r21, 0x00	; 0
     fd2:	55 1f       	adc	r21, r21
     fd4:	62 9f       	mul	r22, r18
     fd6:	f0 01       	movw	r30, r0
     fd8:	72 9f       	mul	r23, r18
     fda:	bb 27       	eor	r27, r27
     fdc:	f0 0d       	add	r31, r0
     fde:	b1 1d       	adc	r27, r1
     fe0:	63 9f       	mul	r22, r19
     fe2:	aa 27       	eor	r26, r26
     fe4:	f0 0d       	add	r31, r0
     fe6:	b1 1d       	adc	r27, r1
     fe8:	aa 1f       	adc	r26, r26
     fea:	64 9f       	mul	r22, r20
     fec:	66 27       	eor	r22, r22
     fee:	b0 0d       	add	r27, r0
     ff0:	a1 1d       	adc	r26, r1
     ff2:	66 1f       	adc	r22, r22
     ff4:	82 9f       	mul	r24, r18
     ff6:	22 27       	eor	r18, r18
     ff8:	b0 0d       	add	r27, r0
     ffa:	a1 1d       	adc	r26, r1
     ffc:	62 1f       	adc	r22, r18
     ffe:	73 9f       	mul	r23, r19
    1000:	b0 0d       	add	r27, r0
    1002:	a1 1d       	adc	r26, r1
    1004:	62 1f       	adc	r22, r18
    1006:	83 9f       	mul	r24, r19
    1008:	a0 0d       	add	r26, r0
    100a:	61 1d       	adc	r22, r1
    100c:	22 1f       	adc	r18, r18
    100e:	74 9f       	mul	r23, r20
    1010:	33 27       	eor	r19, r19
    1012:	a0 0d       	add	r26, r0
    1014:	61 1d       	adc	r22, r1
    1016:	23 1f       	adc	r18, r19
    1018:	84 9f       	mul	r24, r20
    101a:	60 0d       	add	r22, r0
    101c:	21 1d       	adc	r18, r1
    101e:	82 2f       	mov	r24, r18
    1020:	76 2f       	mov	r23, r22
    1022:	6a 2f       	mov	r22, r26
    1024:	11 24       	eor	r1, r1
    1026:	9f 57       	subi	r25, 0x7F	; 127
    1028:	50 40       	sbci	r21, 0x00	; 0
    102a:	8a f0       	brmi	.+34     	; 0x104e <__DATA_REGION_LENGTH__+0x4e>
    102c:	e1 f0       	breq	.+56     	; 0x1066 <__DATA_REGION_LENGTH__+0x66>
    102e:	88 23       	and	r24, r24
    1030:	4a f0       	brmi	.+18     	; 0x1044 <__DATA_REGION_LENGTH__+0x44>
    1032:	ee 0f       	add	r30, r30
    1034:	ff 1f       	adc	r31, r31
    1036:	bb 1f       	adc	r27, r27
    1038:	66 1f       	adc	r22, r22
    103a:	77 1f       	adc	r23, r23
    103c:	88 1f       	adc	r24, r24
    103e:	91 50       	subi	r25, 0x01	; 1
    1040:	50 40       	sbci	r21, 0x00	; 0
    1042:	a9 f7       	brne	.-22     	; 0x102e <__DATA_REGION_LENGTH__+0x2e>
    1044:	9e 3f       	cpi	r25, 0xFE	; 254
    1046:	51 05       	cpc	r21, r1
    1048:	70 f0       	brcs	.+28     	; 0x1066 <__DATA_REGION_LENGTH__+0x66>
    104a:	60 cf       	rjmp	.-320    	; 0xf0c <__fp_inf>
    104c:	aa cf       	rjmp	.-172    	; 0xfa2 <__fp_szero>
    104e:	5f 3f       	cpi	r21, 0xFF	; 255
    1050:	ec f3       	brlt	.-6      	; 0x104c <__DATA_REGION_LENGTH__+0x4c>
    1052:	98 3e       	cpi	r25, 0xE8	; 232
    1054:	dc f3       	brlt	.-10     	; 0x104c <__DATA_REGION_LENGTH__+0x4c>
    1056:	86 95       	lsr	r24
    1058:	77 95       	ror	r23
    105a:	67 95       	ror	r22
    105c:	b7 95       	ror	r27
    105e:	f7 95       	ror	r31
    1060:	e7 95       	ror	r30
    1062:	9f 5f       	subi	r25, 0xFF	; 255
    1064:	c1 f7       	brne	.-16     	; 0x1056 <__DATA_REGION_LENGTH__+0x56>
    1066:	fe 2b       	or	r31, r30
    1068:	88 0f       	add	r24, r24
    106a:	91 1d       	adc	r25, r1
    106c:	96 95       	lsr	r25
    106e:	87 95       	ror	r24
    1070:	97 f9       	bld	r25, 7
    1072:	08 95       	ret

00001074 <__udivmodsi4>:
    1074:	a1 e2       	ldi	r26, 0x21	; 33
    1076:	1a 2e       	mov	r1, r26
    1078:	aa 1b       	sub	r26, r26
    107a:	bb 1b       	sub	r27, r27
    107c:	fd 01       	movw	r30, r26
    107e:	0d c0       	rjmp	.+26     	; 0x109a <__udivmodsi4_ep>

00001080 <__udivmodsi4_loop>:
    1080:	aa 1f       	adc	r26, r26
    1082:	bb 1f       	adc	r27, r27
    1084:	ee 1f       	adc	r30, r30
    1086:	ff 1f       	adc	r31, r31
    1088:	a2 17       	cp	r26, r18
    108a:	b3 07       	cpc	r27, r19
    108c:	e4 07       	cpc	r30, r20
    108e:	f5 07       	cpc	r31, r21
    1090:	20 f0       	brcs	.+8      	; 0x109a <__udivmodsi4_ep>
    1092:	a2 1b       	sub	r26, r18
    1094:	b3 0b       	sbc	r27, r19
    1096:	e4 0b       	sbc	r30, r20
    1098:	f5 0b       	sbc	r31, r21

0000109a <__udivmodsi4_ep>:
    109a:	66 1f       	adc	r22, r22
    109c:	77 1f       	adc	r23, r23
    109e:	88 1f       	adc	r24, r24
    10a0:	99 1f       	adc	r25, r25
    10a2:	1a 94       	dec	r1
    10a4:	69 f7       	brne	.-38     	; 0x1080 <__udivmodsi4_loop>
    10a6:	60 95       	com	r22
    10a8:	70 95       	com	r23
    10aa:	80 95       	com	r24
    10ac:	90 95       	com	r25
    10ae:	9b 01       	movw	r18, r22
    10b0:	ac 01       	movw	r20, r24
    10b2:	bd 01       	movw	r22, r26
    10b4:	cf 01       	movw	r24, r30
    10b6:	08 95       	ret

000010b8 <__tablejump2__>:
    10b8:	ee 0f       	add	r30, r30
    10ba:	ff 1f       	adc	r31, r31
    10bc:	00 24       	eor	r0, r0
    10be:	00 1c       	adc	r0, r0
    10c0:	0b be       	out	0x3b, r0	; 59
    10c2:	07 90       	elpm	r0, Z+
    10c4:	f6 91       	elpm	r31, Z
    10c6:	e0 2d       	mov	r30, r0
    10c8:	09 94       	ijmp

000010ca <printf>:
    10ca:	cf 93       	push	r28
    10cc:	df 93       	push	r29
    10ce:	cd b7       	in	r28, 0x3d	; 61
    10d0:	de b7       	in	r29, 0x3e	; 62
    10d2:	ae 01       	movw	r20, r28
    10d4:	4b 5f       	subi	r20, 0xFB	; 251
    10d6:	5f 4f       	sbci	r21, 0xFF	; 255
    10d8:	fa 01       	movw	r30, r20
    10da:	61 91       	ld	r22, Z+
    10dc:	71 91       	ld	r23, Z+
    10de:	af 01       	movw	r20, r30
    10e0:	80 91 9b 04 	lds	r24, 0x049B	; 0x80049b <__iob+0x2>
    10e4:	90 91 9c 04 	lds	r25, 0x049C	; 0x80049c <__iob+0x3>
    10e8:	03 d0       	rcall	.+6      	; 0x10f0 <vfprintf>
    10ea:	df 91       	pop	r29
    10ec:	cf 91       	pop	r28
    10ee:	08 95       	ret

000010f0 <vfprintf>:
    10f0:	2f 92       	push	r2
    10f2:	3f 92       	push	r3
    10f4:	4f 92       	push	r4
    10f6:	5f 92       	push	r5
    10f8:	6f 92       	push	r6
    10fa:	7f 92       	push	r7
    10fc:	8f 92       	push	r8
    10fe:	9f 92       	push	r9
    1100:	af 92       	push	r10
    1102:	bf 92       	push	r11
    1104:	cf 92       	push	r12
    1106:	df 92       	push	r13
    1108:	ef 92       	push	r14
    110a:	ff 92       	push	r15
    110c:	0f 93       	push	r16
    110e:	1f 93       	push	r17
    1110:	cf 93       	push	r28
    1112:	df 93       	push	r29
    1114:	cd b7       	in	r28, 0x3d	; 61
    1116:	de b7       	in	r29, 0x3e	; 62
    1118:	2b 97       	sbiw	r28, 0x0b	; 11
    111a:	0f b6       	in	r0, 0x3f	; 63
    111c:	f8 94       	cli
    111e:	de bf       	out	0x3e, r29	; 62
    1120:	0f be       	out	0x3f, r0	; 63
    1122:	cd bf       	out	0x3d, r28	; 61
    1124:	6c 01       	movw	r12, r24
    1126:	7b 01       	movw	r14, r22
    1128:	8a 01       	movw	r16, r20
    112a:	fc 01       	movw	r30, r24
    112c:	17 82       	std	Z+7, r1	; 0x07
    112e:	16 82       	std	Z+6, r1	; 0x06
    1130:	83 81       	ldd	r24, Z+3	; 0x03
    1132:	81 ff       	sbrs	r24, 1
    1134:	bf c1       	rjmp	.+894    	; 0x14b4 <__stack+0x3b5>
    1136:	ce 01       	movw	r24, r28
    1138:	01 96       	adiw	r24, 0x01	; 1
    113a:	3c 01       	movw	r6, r24
    113c:	f6 01       	movw	r30, r12
    113e:	93 81       	ldd	r25, Z+3	; 0x03
    1140:	f7 01       	movw	r30, r14
    1142:	93 fd       	sbrc	r25, 3
    1144:	85 91       	lpm	r24, Z+
    1146:	93 ff       	sbrs	r25, 3
    1148:	81 91       	ld	r24, Z+
    114a:	7f 01       	movw	r14, r30
    114c:	88 23       	and	r24, r24
    114e:	09 f4       	brne	.+2      	; 0x1152 <__stack+0x53>
    1150:	ad c1       	rjmp	.+858    	; 0x14ac <__stack+0x3ad>
    1152:	85 32       	cpi	r24, 0x25	; 37
    1154:	39 f4       	brne	.+14     	; 0x1164 <__stack+0x65>
    1156:	93 fd       	sbrc	r25, 3
    1158:	85 91       	lpm	r24, Z+
    115a:	93 ff       	sbrs	r25, 3
    115c:	81 91       	ld	r24, Z+
    115e:	7f 01       	movw	r14, r30
    1160:	85 32       	cpi	r24, 0x25	; 37
    1162:	21 f4       	brne	.+8      	; 0x116c <__stack+0x6d>
    1164:	b6 01       	movw	r22, r12
    1166:	90 e0       	ldi	r25, 0x00	; 0
    1168:	d6 d1       	rcall	.+940    	; 0x1516 <fputc>
    116a:	e8 cf       	rjmp	.-48     	; 0x113c <__stack+0x3d>
    116c:	91 2c       	mov	r9, r1
    116e:	21 2c       	mov	r2, r1
    1170:	31 2c       	mov	r3, r1
    1172:	ff e1       	ldi	r31, 0x1F	; 31
    1174:	f3 15       	cp	r31, r3
    1176:	d8 f0       	brcs	.+54     	; 0x11ae <__stack+0xaf>
    1178:	8b 32       	cpi	r24, 0x2B	; 43
    117a:	79 f0       	breq	.+30     	; 0x119a <__stack+0x9b>
    117c:	38 f4       	brcc	.+14     	; 0x118c <__stack+0x8d>
    117e:	80 32       	cpi	r24, 0x20	; 32
    1180:	79 f0       	breq	.+30     	; 0x11a0 <__stack+0xa1>
    1182:	83 32       	cpi	r24, 0x23	; 35
    1184:	a1 f4       	brne	.+40     	; 0x11ae <__stack+0xaf>
    1186:	23 2d       	mov	r18, r3
    1188:	20 61       	ori	r18, 0x10	; 16
    118a:	1d c0       	rjmp	.+58     	; 0x11c6 <__stack+0xc7>
    118c:	8d 32       	cpi	r24, 0x2D	; 45
    118e:	61 f0       	breq	.+24     	; 0x11a8 <__stack+0xa9>
    1190:	80 33       	cpi	r24, 0x30	; 48
    1192:	69 f4       	brne	.+26     	; 0x11ae <__stack+0xaf>
    1194:	23 2d       	mov	r18, r3
    1196:	21 60       	ori	r18, 0x01	; 1
    1198:	16 c0       	rjmp	.+44     	; 0x11c6 <__stack+0xc7>
    119a:	83 2d       	mov	r24, r3
    119c:	82 60       	ori	r24, 0x02	; 2
    119e:	38 2e       	mov	r3, r24
    11a0:	e3 2d       	mov	r30, r3
    11a2:	e4 60       	ori	r30, 0x04	; 4
    11a4:	3e 2e       	mov	r3, r30
    11a6:	2a c0       	rjmp	.+84     	; 0x11fc <__stack+0xfd>
    11a8:	f3 2d       	mov	r31, r3
    11aa:	f8 60       	ori	r31, 0x08	; 8
    11ac:	1d c0       	rjmp	.+58     	; 0x11e8 <__stack+0xe9>
    11ae:	37 fc       	sbrc	r3, 7
    11b0:	2d c0       	rjmp	.+90     	; 0x120c <__stack+0x10d>
    11b2:	20 ed       	ldi	r18, 0xD0	; 208
    11b4:	28 0f       	add	r18, r24
    11b6:	2a 30       	cpi	r18, 0x0A	; 10
    11b8:	40 f0       	brcs	.+16     	; 0x11ca <__stack+0xcb>
    11ba:	8e 32       	cpi	r24, 0x2E	; 46
    11bc:	b9 f4       	brne	.+46     	; 0x11ec <__stack+0xed>
    11be:	36 fc       	sbrc	r3, 6
    11c0:	75 c1       	rjmp	.+746    	; 0x14ac <__stack+0x3ad>
    11c2:	23 2d       	mov	r18, r3
    11c4:	20 64       	ori	r18, 0x40	; 64
    11c6:	32 2e       	mov	r3, r18
    11c8:	19 c0       	rjmp	.+50     	; 0x11fc <__stack+0xfd>
    11ca:	36 fe       	sbrs	r3, 6
    11cc:	06 c0       	rjmp	.+12     	; 0x11da <__stack+0xdb>
    11ce:	8a e0       	ldi	r24, 0x0A	; 10
    11d0:	98 9e       	mul	r9, r24
    11d2:	20 0d       	add	r18, r0
    11d4:	11 24       	eor	r1, r1
    11d6:	92 2e       	mov	r9, r18
    11d8:	11 c0       	rjmp	.+34     	; 0x11fc <__stack+0xfd>
    11da:	ea e0       	ldi	r30, 0x0A	; 10
    11dc:	2e 9e       	mul	r2, r30
    11de:	20 0d       	add	r18, r0
    11e0:	11 24       	eor	r1, r1
    11e2:	22 2e       	mov	r2, r18
    11e4:	f3 2d       	mov	r31, r3
    11e6:	f0 62       	ori	r31, 0x20	; 32
    11e8:	3f 2e       	mov	r3, r31
    11ea:	08 c0       	rjmp	.+16     	; 0x11fc <__stack+0xfd>
    11ec:	8c 36       	cpi	r24, 0x6C	; 108
    11ee:	21 f4       	brne	.+8      	; 0x11f8 <__stack+0xf9>
    11f0:	83 2d       	mov	r24, r3
    11f2:	80 68       	ori	r24, 0x80	; 128
    11f4:	38 2e       	mov	r3, r24
    11f6:	02 c0       	rjmp	.+4      	; 0x11fc <__stack+0xfd>
    11f8:	88 36       	cpi	r24, 0x68	; 104
    11fa:	41 f4       	brne	.+16     	; 0x120c <__stack+0x10d>
    11fc:	f7 01       	movw	r30, r14
    11fe:	93 fd       	sbrc	r25, 3
    1200:	85 91       	lpm	r24, Z+
    1202:	93 ff       	sbrs	r25, 3
    1204:	81 91       	ld	r24, Z+
    1206:	7f 01       	movw	r14, r30
    1208:	81 11       	cpse	r24, r1
    120a:	b3 cf       	rjmp	.-154    	; 0x1172 <__stack+0x73>
    120c:	98 2f       	mov	r25, r24
    120e:	9f 7d       	andi	r25, 0xDF	; 223
    1210:	95 54       	subi	r25, 0x45	; 69
    1212:	93 30       	cpi	r25, 0x03	; 3
    1214:	28 f4       	brcc	.+10     	; 0x1220 <__stack+0x121>
    1216:	0c 5f       	subi	r16, 0xFC	; 252
    1218:	1f 4f       	sbci	r17, 0xFF	; 255
    121a:	9f e3       	ldi	r25, 0x3F	; 63
    121c:	99 83       	std	Y+1, r25	; 0x01
    121e:	0d c0       	rjmp	.+26     	; 0x123a <__stack+0x13b>
    1220:	83 36       	cpi	r24, 0x63	; 99
    1222:	31 f0       	breq	.+12     	; 0x1230 <__stack+0x131>
    1224:	83 37       	cpi	r24, 0x73	; 115
    1226:	71 f0       	breq	.+28     	; 0x1244 <__stack+0x145>
    1228:	83 35       	cpi	r24, 0x53	; 83
    122a:	09 f0       	breq	.+2      	; 0x122e <__stack+0x12f>
    122c:	55 c0       	rjmp	.+170    	; 0x12d8 <__stack+0x1d9>
    122e:	20 c0       	rjmp	.+64     	; 0x1270 <__stack+0x171>
    1230:	f8 01       	movw	r30, r16
    1232:	80 81       	ld	r24, Z
    1234:	89 83       	std	Y+1, r24	; 0x01
    1236:	0e 5f       	subi	r16, 0xFE	; 254
    1238:	1f 4f       	sbci	r17, 0xFF	; 255
    123a:	88 24       	eor	r8, r8
    123c:	83 94       	inc	r8
    123e:	91 2c       	mov	r9, r1
    1240:	53 01       	movw	r10, r6
    1242:	12 c0       	rjmp	.+36     	; 0x1268 <__stack+0x169>
    1244:	28 01       	movw	r4, r16
    1246:	f2 e0       	ldi	r31, 0x02	; 2
    1248:	4f 0e       	add	r4, r31
    124a:	51 1c       	adc	r5, r1
    124c:	f8 01       	movw	r30, r16
    124e:	a0 80       	ld	r10, Z
    1250:	b1 80       	ldd	r11, Z+1	; 0x01
    1252:	36 fe       	sbrs	r3, 6
    1254:	03 c0       	rjmp	.+6      	; 0x125c <__stack+0x15d>
    1256:	69 2d       	mov	r22, r9
    1258:	70 e0       	ldi	r23, 0x00	; 0
    125a:	02 c0       	rjmp	.+4      	; 0x1260 <__stack+0x161>
    125c:	6f ef       	ldi	r22, 0xFF	; 255
    125e:	7f ef       	ldi	r23, 0xFF	; 255
    1260:	c5 01       	movw	r24, r10
    1262:	4e d1       	rcall	.+668    	; 0x1500 <strnlen>
    1264:	4c 01       	movw	r8, r24
    1266:	82 01       	movw	r16, r4
    1268:	f3 2d       	mov	r31, r3
    126a:	ff 77       	andi	r31, 0x7F	; 127
    126c:	3f 2e       	mov	r3, r31
    126e:	15 c0       	rjmp	.+42     	; 0x129a <__stack+0x19b>
    1270:	28 01       	movw	r4, r16
    1272:	22 e0       	ldi	r18, 0x02	; 2
    1274:	42 0e       	add	r4, r18
    1276:	51 1c       	adc	r5, r1
    1278:	f8 01       	movw	r30, r16
    127a:	a0 80       	ld	r10, Z
    127c:	b1 80       	ldd	r11, Z+1	; 0x01
    127e:	36 fe       	sbrs	r3, 6
    1280:	03 c0       	rjmp	.+6      	; 0x1288 <__stack+0x189>
    1282:	69 2d       	mov	r22, r9
    1284:	70 e0       	ldi	r23, 0x00	; 0
    1286:	02 c0       	rjmp	.+4      	; 0x128c <__stack+0x18d>
    1288:	6f ef       	ldi	r22, 0xFF	; 255
    128a:	7f ef       	ldi	r23, 0xFF	; 255
    128c:	c5 01       	movw	r24, r10
    128e:	2d d1       	rcall	.+602    	; 0x14ea <strnlen_P>
    1290:	4c 01       	movw	r8, r24
    1292:	f3 2d       	mov	r31, r3
    1294:	f0 68       	ori	r31, 0x80	; 128
    1296:	3f 2e       	mov	r3, r31
    1298:	82 01       	movw	r16, r4
    129a:	33 fc       	sbrc	r3, 3
    129c:	19 c0       	rjmp	.+50     	; 0x12d0 <__stack+0x1d1>
    129e:	82 2d       	mov	r24, r2
    12a0:	90 e0       	ldi	r25, 0x00	; 0
    12a2:	88 16       	cp	r8, r24
    12a4:	99 06       	cpc	r9, r25
    12a6:	a0 f4       	brcc	.+40     	; 0x12d0 <__stack+0x1d1>
    12a8:	b6 01       	movw	r22, r12
    12aa:	80 e2       	ldi	r24, 0x20	; 32
    12ac:	90 e0       	ldi	r25, 0x00	; 0
    12ae:	33 d1       	rcall	.+614    	; 0x1516 <fputc>
    12b0:	2a 94       	dec	r2
    12b2:	f5 cf       	rjmp	.-22     	; 0x129e <__stack+0x19f>
    12b4:	f5 01       	movw	r30, r10
    12b6:	37 fc       	sbrc	r3, 7
    12b8:	85 91       	lpm	r24, Z+
    12ba:	37 fe       	sbrs	r3, 7
    12bc:	81 91       	ld	r24, Z+
    12be:	5f 01       	movw	r10, r30
    12c0:	b6 01       	movw	r22, r12
    12c2:	90 e0       	ldi	r25, 0x00	; 0
    12c4:	28 d1       	rcall	.+592    	; 0x1516 <fputc>
    12c6:	21 10       	cpse	r2, r1
    12c8:	2a 94       	dec	r2
    12ca:	21 e0       	ldi	r18, 0x01	; 1
    12cc:	82 1a       	sub	r8, r18
    12ce:	91 08       	sbc	r9, r1
    12d0:	81 14       	cp	r8, r1
    12d2:	91 04       	cpc	r9, r1
    12d4:	79 f7       	brne	.-34     	; 0x12b4 <__stack+0x1b5>
    12d6:	e1 c0       	rjmp	.+450    	; 0x149a <__stack+0x39b>
    12d8:	84 36       	cpi	r24, 0x64	; 100
    12da:	11 f0       	breq	.+4      	; 0x12e0 <__stack+0x1e1>
    12dc:	89 36       	cpi	r24, 0x69	; 105
    12de:	39 f5       	brne	.+78     	; 0x132e <__stack+0x22f>
    12e0:	f8 01       	movw	r30, r16
    12e2:	37 fe       	sbrs	r3, 7
    12e4:	07 c0       	rjmp	.+14     	; 0x12f4 <__stack+0x1f5>
    12e6:	60 81       	ld	r22, Z
    12e8:	71 81       	ldd	r23, Z+1	; 0x01
    12ea:	82 81       	ldd	r24, Z+2	; 0x02
    12ec:	93 81       	ldd	r25, Z+3	; 0x03
    12ee:	0c 5f       	subi	r16, 0xFC	; 252
    12f0:	1f 4f       	sbci	r17, 0xFF	; 255
    12f2:	08 c0       	rjmp	.+16     	; 0x1304 <__stack+0x205>
    12f4:	60 81       	ld	r22, Z
    12f6:	71 81       	ldd	r23, Z+1	; 0x01
    12f8:	07 2e       	mov	r0, r23
    12fa:	00 0c       	add	r0, r0
    12fc:	88 0b       	sbc	r24, r24
    12fe:	99 0b       	sbc	r25, r25
    1300:	0e 5f       	subi	r16, 0xFE	; 254
    1302:	1f 4f       	sbci	r17, 0xFF	; 255
    1304:	f3 2d       	mov	r31, r3
    1306:	ff 76       	andi	r31, 0x6F	; 111
    1308:	3f 2e       	mov	r3, r31
    130a:	97 ff       	sbrs	r25, 7
    130c:	09 c0       	rjmp	.+18     	; 0x1320 <__stack+0x221>
    130e:	90 95       	com	r25
    1310:	80 95       	com	r24
    1312:	70 95       	com	r23
    1314:	61 95       	neg	r22
    1316:	7f 4f       	sbci	r23, 0xFF	; 255
    1318:	8f 4f       	sbci	r24, 0xFF	; 255
    131a:	9f 4f       	sbci	r25, 0xFF	; 255
    131c:	f0 68       	ori	r31, 0x80	; 128
    131e:	3f 2e       	mov	r3, r31
    1320:	2a e0       	ldi	r18, 0x0A	; 10
    1322:	30 e0       	ldi	r19, 0x00	; 0
    1324:	a3 01       	movw	r20, r6
    1326:	33 d1       	rcall	.+614    	; 0x158e <__ultoa_invert>
    1328:	88 2e       	mov	r8, r24
    132a:	86 18       	sub	r8, r6
    132c:	44 c0       	rjmp	.+136    	; 0x13b6 <__stack+0x2b7>
    132e:	85 37       	cpi	r24, 0x75	; 117
    1330:	31 f4       	brne	.+12     	; 0x133e <__stack+0x23f>
    1332:	23 2d       	mov	r18, r3
    1334:	2f 7e       	andi	r18, 0xEF	; 239
    1336:	b2 2e       	mov	r11, r18
    1338:	2a e0       	ldi	r18, 0x0A	; 10
    133a:	30 e0       	ldi	r19, 0x00	; 0
    133c:	25 c0       	rjmp	.+74     	; 0x1388 <__stack+0x289>
    133e:	93 2d       	mov	r25, r3
    1340:	99 7f       	andi	r25, 0xF9	; 249
    1342:	b9 2e       	mov	r11, r25
    1344:	8f 36       	cpi	r24, 0x6F	; 111
    1346:	c1 f0       	breq	.+48     	; 0x1378 <__stack+0x279>
    1348:	18 f4       	brcc	.+6      	; 0x1350 <__stack+0x251>
    134a:	88 35       	cpi	r24, 0x58	; 88
    134c:	79 f0       	breq	.+30     	; 0x136c <__stack+0x26d>
    134e:	ae c0       	rjmp	.+348    	; 0x14ac <__stack+0x3ad>
    1350:	80 37       	cpi	r24, 0x70	; 112
    1352:	19 f0       	breq	.+6      	; 0x135a <__stack+0x25b>
    1354:	88 37       	cpi	r24, 0x78	; 120
    1356:	21 f0       	breq	.+8      	; 0x1360 <__stack+0x261>
    1358:	a9 c0       	rjmp	.+338    	; 0x14ac <__stack+0x3ad>
    135a:	e9 2f       	mov	r30, r25
    135c:	e0 61       	ori	r30, 0x10	; 16
    135e:	be 2e       	mov	r11, r30
    1360:	b4 fe       	sbrs	r11, 4
    1362:	0d c0       	rjmp	.+26     	; 0x137e <__stack+0x27f>
    1364:	fb 2d       	mov	r31, r11
    1366:	f4 60       	ori	r31, 0x04	; 4
    1368:	bf 2e       	mov	r11, r31
    136a:	09 c0       	rjmp	.+18     	; 0x137e <__stack+0x27f>
    136c:	34 fe       	sbrs	r3, 4
    136e:	0a c0       	rjmp	.+20     	; 0x1384 <__stack+0x285>
    1370:	29 2f       	mov	r18, r25
    1372:	26 60       	ori	r18, 0x06	; 6
    1374:	b2 2e       	mov	r11, r18
    1376:	06 c0       	rjmp	.+12     	; 0x1384 <__stack+0x285>
    1378:	28 e0       	ldi	r18, 0x08	; 8
    137a:	30 e0       	ldi	r19, 0x00	; 0
    137c:	05 c0       	rjmp	.+10     	; 0x1388 <__stack+0x289>
    137e:	20 e1       	ldi	r18, 0x10	; 16
    1380:	30 e0       	ldi	r19, 0x00	; 0
    1382:	02 c0       	rjmp	.+4      	; 0x1388 <__stack+0x289>
    1384:	20 e1       	ldi	r18, 0x10	; 16
    1386:	32 e0       	ldi	r19, 0x02	; 2
    1388:	f8 01       	movw	r30, r16
    138a:	b7 fe       	sbrs	r11, 7
    138c:	07 c0       	rjmp	.+14     	; 0x139c <__stack+0x29d>
    138e:	60 81       	ld	r22, Z
    1390:	71 81       	ldd	r23, Z+1	; 0x01
    1392:	82 81       	ldd	r24, Z+2	; 0x02
    1394:	93 81       	ldd	r25, Z+3	; 0x03
    1396:	0c 5f       	subi	r16, 0xFC	; 252
    1398:	1f 4f       	sbci	r17, 0xFF	; 255
    139a:	06 c0       	rjmp	.+12     	; 0x13a8 <__stack+0x2a9>
    139c:	60 81       	ld	r22, Z
    139e:	71 81       	ldd	r23, Z+1	; 0x01
    13a0:	80 e0       	ldi	r24, 0x00	; 0
    13a2:	90 e0       	ldi	r25, 0x00	; 0
    13a4:	0e 5f       	subi	r16, 0xFE	; 254
    13a6:	1f 4f       	sbci	r17, 0xFF	; 255
    13a8:	a3 01       	movw	r20, r6
    13aa:	f1 d0       	rcall	.+482    	; 0x158e <__ultoa_invert>
    13ac:	88 2e       	mov	r8, r24
    13ae:	86 18       	sub	r8, r6
    13b0:	fb 2d       	mov	r31, r11
    13b2:	ff 77       	andi	r31, 0x7F	; 127
    13b4:	3f 2e       	mov	r3, r31
    13b6:	36 fe       	sbrs	r3, 6
    13b8:	0d c0       	rjmp	.+26     	; 0x13d4 <__stack+0x2d5>
    13ba:	23 2d       	mov	r18, r3
    13bc:	2e 7f       	andi	r18, 0xFE	; 254
    13be:	a2 2e       	mov	r10, r18
    13c0:	89 14       	cp	r8, r9
    13c2:	58 f4       	brcc	.+22     	; 0x13da <__stack+0x2db>
    13c4:	34 fe       	sbrs	r3, 4
    13c6:	0b c0       	rjmp	.+22     	; 0x13de <__stack+0x2df>
    13c8:	32 fc       	sbrc	r3, 2
    13ca:	09 c0       	rjmp	.+18     	; 0x13de <__stack+0x2df>
    13cc:	83 2d       	mov	r24, r3
    13ce:	8e 7e       	andi	r24, 0xEE	; 238
    13d0:	a8 2e       	mov	r10, r24
    13d2:	05 c0       	rjmp	.+10     	; 0x13de <__stack+0x2df>
    13d4:	b8 2c       	mov	r11, r8
    13d6:	a3 2c       	mov	r10, r3
    13d8:	03 c0       	rjmp	.+6      	; 0x13e0 <__stack+0x2e1>
    13da:	b8 2c       	mov	r11, r8
    13dc:	01 c0       	rjmp	.+2      	; 0x13e0 <__stack+0x2e1>
    13de:	b9 2c       	mov	r11, r9
    13e0:	a4 fe       	sbrs	r10, 4
    13e2:	0f c0       	rjmp	.+30     	; 0x1402 <__stack+0x303>
    13e4:	fe 01       	movw	r30, r28
    13e6:	e8 0d       	add	r30, r8
    13e8:	f1 1d       	adc	r31, r1
    13ea:	80 81       	ld	r24, Z
    13ec:	80 33       	cpi	r24, 0x30	; 48
    13ee:	21 f4       	brne	.+8      	; 0x13f8 <__stack+0x2f9>
    13f0:	9a 2d       	mov	r25, r10
    13f2:	99 7e       	andi	r25, 0xE9	; 233
    13f4:	a9 2e       	mov	r10, r25
    13f6:	09 c0       	rjmp	.+18     	; 0x140a <__stack+0x30b>
    13f8:	a2 fe       	sbrs	r10, 2
    13fa:	06 c0       	rjmp	.+12     	; 0x1408 <__stack+0x309>
    13fc:	b3 94       	inc	r11
    13fe:	b3 94       	inc	r11
    1400:	04 c0       	rjmp	.+8      	; 0x140a <__stack+0x30b>
    1402:	8a 2d       	mov	r24, r10
    1404:	86 78       	andi	r24, 0x86	; 134
    1406:	09 f0       	breq	.+2      	; 0x140a <__stack+0x30b>
    1408:	b3 94       	inc	r11
    140a:	a3 fc       	sbrc	r10, 3
    140c:	10 c0       	rjmp	.+32     	; 0x142e <__stack+0x32f>
    140e:	a0 fe       	sbrs	r10, 0
    1410:	06 c0       	rjmp	.+12     	; 0x141e <__stack+0x31f>
    1412:	b2 14       	cp	r11, r2
    1414:	80 f4       	brcc	.+32     	; 0x1436 <__stack+0x337>
    1416:	28 0c       	add	r2, r8
    1418:	92 2c       	mov	r9, r2
    141a:	9b 18       	sub	r9, r11
    141c:	0d c0       	rjmp	.+26     	; 0x1438 <__stack+0x339>
    141e:	b2 14       	cp	r11, r2
    1420:	58 f4       	brcc	.+22     	; 0x1438 <__stack+0x339>
    1422:	b6 01       	movw	r22, r12
    1424:	80 e2       	ldi	r24, 0x20	; 32
    1426:	90 e0       	ldi	r25, 0x00	; 0
    1428:	76 d0       	rcall	.+236    	; 0x1516 <fputc>
    142a:	b3 94       	inc	r11
    142c:	f8 cf       	rjmp	.-16     	; 0x141e <__stack+0x31f>
    142e:	b2 14       	cp	r11, r2
    1430:	18 f4       	brcc	.+6      	; 0x1438 <__stack+0x339>
    1432:	2b 18       	sub	r2, r11
    1434:	02 c0       	rjmp	.+4      	; 0x143a <__stack+0x33b>
    1436:	98 2c       	mov	r9, r8
    1438:	21 2c       	mov	r2, r1
    143a:	a4 fe       	sbrs	r10, 4
    143c:	0f c0       	rjmp	.+30     	; 0x145c <__stack+0x35d>
    143e:	b6 01       	movw	r22, r12
    1440:	80 e3       	ldi	r24, 0x30	; 48
    1442:	90 e0       	ldi	r25, 0x00	; 0
    1444:	68 d0       	rcall	.+208    	; 0x1516 <fputc>
    1446:	a2 fe       	sbrs	r10, 2
    1448:	16 c0       	rjmp	.+44     	; 0x1476 <__stack+0x377>
    144a:	a1 fc       	sbrc	r10, 1
    144c:	03 c0       	rjmp	.+6      	; 0x1454 <__stack+0x355>
    144e:	88 e7       	ldi	r24, 0x78	; 120
    1450:	90 e0       	ldi	r25, 0x00	; 0
    1452:	02 c0       	rjmp	.+4      	; 0x1458 <__stack+0x359>
    1454:	88 e5       	ldi	r24, 0x58	; 88
    1456:	90 e0       	ldi	r25, 0x00	; 0
    1458:	b6 01       	movw	r22, r12
    145a:	0c c0       	rjmp	.+24     	; 0x1474 <__stack+0x375>
    145c:	8a 2d       	mov	r24, r10
    145e:	86 78       	andi	r24, 0x86	; 134
    1460:	51 f0       	breq	.+20     	; 0x1476 <__stack+0x377>
    1462:	a1 fe       	sbrs	r10, 1
    1464:	02 c0       	rjmp	.+4      	; 0x146a <__stack+0x36b>
    1466:	8b e2       	ldi	r24, 0x2B	; 43
    1468:	01 c0       	rjmp	.+2      	; 0x146c <__stack+0x36d>
    146a:	80 e2       	ldi	r24, 0x20	; 32
    146c:	a7 fc       	sbrc	r10, 7
    146e:	8d e2       	ldi	r24, 0x2D	; 45
    1470:	b6 01       	movw	r22, r12
    1472:	90 e0       	ldi	r25, 0x00	; 0
    1474:	50 d0       	rcall	.+160    	; 0x1516 <fputc>
    1476:	89 14       	cp	r8, r9
    1478:	30 f4       	brcc	.+12     	; 0x1486 <__stack+0x387>
    147a:	b6 01       	movw	r22, r12
    147c:	80 e3       	ldi	r24, 0x30	; 48
    147e:	90 e0       	ldi	r25, 0x00	; 0
    1480:	4a d0       	rcall	.+148    	; 0x1516 <fputc>
    1482:	9a 94       	dec	r9
    1484:	f8 cf       	rjmp	.-16     	; 0x1476 <__stack+0x377>
    1486:	8a 94       	dec	r8
    1488:	f3 01       	movw	r30, r6
    148a:	e8 0d       	add	r30, r8
    148c:	f1 1d       	adc	r31, r1
    148e:	80 81       	ld	r24, Z
    1490:	b6 01       	movw	r22, r12
    1492:	90 e0       	ldi	r25, 0x00	; 0
    1494:	40 d0       	rcall	.+128    	; 0x1516 <fputc>
    1496:	81 10       	cpse	r8, r1
    1498:	f6 cf       	rjmp	.-20     	; 0x1486 <__stack+0x387>
    149a:	22 20       	and	r2, r2
    149c:	09 f4       	brne	.+2      	; 0x14a0 <__stack+0x3a1>
    149e:	4e ce       	rjmp	.-868    	; 0x113c <__stack+0x3d>
    14a0:	b6 01       	movw	r22, r12
    14a2:	80 e2       	ldi	r24, 0x20	; 32
    14a4:	90 e0       	ldi	r25, 0x00	; 0
    14a6:	37 d0       	rcall	.+110    	; 0x1516 <fputc>
    14a8:	2a 94       	dec	r2
    14aa:	f7 cf       	rjmp	.-18     	; 0x149a <__stack+0x39b>
    14ac:	f6 01       	movw	r30, r12
    14ae:	86 81       	ldd	r24, Z+6	; 0x06
    14b0:	97 81       	ldd	r25, Z+7	; 0x07
    14b2:	02 c0       	rjmp	.+4      	; 0x14b8 <__stack+0x3b9>
    14b4:	8f ef       	ldi	r24, 0xFF	; 255
    14b6:	9f ef       	ldi	r25, 0xFF	; 255
    14b8:	2b 96       	adiw	r28, 0x0b	; 11
    14ba:	0f b6       	in	r0, 0x3f	; 63
    14bc:	f8 94       	cli
    14be:	de bf       	out	0x3e, r29	; 62
    14c0:	0f be       	out	0x3f, r0	; 63
    14c2:	cd bf       	out	0x3d, r28	; 61
    14c4:	df 91       	pop	r29
    14c6:	cf 91       	pop	r28
    14c8:	1f 91       	pop	r17
    14ca:	0f 91       	pop	r16
    14cc:	ff 90       	pop	r15
    14ce:	ef 90       	pop	r14
    14d0:	df 90       	pop	r13
    14d2:	cf 90       	pop	r12
    14d4:	bf 90       	pop	r11
    14d6:	af 90       	pop	r10
    14d8:	9f 90       	pop	r9
    14da:	8f 90       	pop	r8
    14dc:	7f 90       	pop	r7
    14de:	6f 90       	pop	r6
    14e0:	5f 90       	pop	r5
    14e2:	4f 90       	pop	r4
    14e4:	3f 90       	pop	r3
    14e6:	2f 90       	pop	r2
    14e8:	08 95       	ret

000014ea <strnlen_P>:
    14ea:	fc 01       	movw	r30, r24
    14ec:	05 90       	lpm	r0, Z+
    14ee:	61 50       	subi	r22, 0x01	; 1
    14f0:	70 40       	sbci	r23, 0x00	; 0
    14f2:	01 10       	cpse	r0, r1
    14f4:	d8 f7       	brcc	.-10     	; 0x14ec <strnlen_P+0x2>
    14f6:	80 95       	com	r24
    14f8:	90 95       	com	r25
    14fa:	8e 0f       	add	r24, r30
    14fc:	9f 1f       	adc	r25, r31
    14fe:	08 95       	ret

00001500 <strnlen>:
    1500:	fc 01       	movw	r30, r24
    1502:	61 50       	subi	r22, 0x01	; 1
    1504:	70 40       	sbci	r23, 0x00	; 0
    1506:	01 90       	ld	r0, Z+
    1508:	01 10       	cpse	r0, r1
    150a:	d8 f7       	brcc	.-10     	; 0x1502 <strnlen+0x2>
    150c:	80 95       	com	r24
    150e:	90 95       	com	r25
    1510:	8e 0f       	add	r24, r30
    1512:	9f 1f       	adc	r25, r31
    1514:	08 95       	ret

00001516 <fputc>:
    1516:	0f 93       	push	r16
    1518:	1f 93       	push	r17
    151a:	cf 93       	push	r28
    151c:	df 93       	push	r29
    151e:	fb 01       	movw	r30, r22
    1520:	23 81       	ldd	r18, Z+3	; 0x03
    1522:	21 fd       	sbrc	r18, 1
    1524:	03 c0       	rjmp	.+6      	; 0x152c <fputc+0x16>
    1526:	8f ef       	ldi	r24, 0xFF	; 255
    1528:	9f ef       	ldi	r25, 0xFF	; 255
    152a:	2c c0       	rjmp	.+88     	; 0x1584 <fputc+0x6e>
    152c:	22 ff       	sbrs	r18, 2
    152e:	16 c0       	rjmp	.+44     	; 0x155c <fputc+0x46>
    1530:	46 81       	ldd	r20, Z+6	; 0x06
    1532:	57 81       	ldd	r21, Z+7	; 0x07
    1534:	24 81       	ldd	r18, Z+4	; 0x04
    1536:	35 81       	ldd	r19, Z+5	; 0x05
    1538:	42 17       	cp	r20, r18
    153a:	53 07       	cpc	r21, r19
    153c:	44 f4       	brge	.+16     	; 0x154e <fputc+0x38>
    153e:	a0 81       	ld	r26, Z
    1540:	b1 81       	ldd	r27, Z+1	; 0x01
    1542:	9d 01       	movw	r18, r26
    1544:	2f 5f       	subi	r18, 0xFF	; 255
    1546:	3f 4f       	sbci	r19, 0xFF	; 255
    1548:	31 83       	std	Z+1, r19	; 0x01
    154a:	20 83       	st	Z, r18
    154c:	8c 93       	st	X, r24
    154e:	26 81       	ldd	r18, Z+6	; 0x06
    1550:	37 81       	ldd	r19, Z+7	; 0x07
    1552:	2f 5f       	subi	r18, 0xFF	; 255
    1554:	3f 4f       	sbci	r19, 0xFF	; 255
    1556:	37 83       	std	Z+7, r19	; 0x07
    1558:	26 83       	std	Z+6, r18	; 0x06
    155a:	14 c0       	rjmp	.+40     	; 0x1584 <fputc+0x6e>
    155c:	8b 01       	movw	r16, r22
    155e:	ec 01       	movw	r28, r24
    1560:	fb 01       	movw	r30, r22
    1562:	00 84       	ldd	r0, Z+8	; 0x08
    1564:	f1 85       	ldd	r31, Z+9	; 0x09
    1566:	e0 2d       	mov	r30, r0
    1568:	09 95       	icall
    156a:	89 2b       	or	r24, r25
    156c:	e1 f6       	brne	.-72     	; 0x1526 <fputc+0x10>
    156e:	d8 01       	movw	r26, r16
    1570:	16 96       	adiw	r26, 0x06	; 6
    1572:	8d 91       	ld	r24, X+
    1574:	9c 91       	ld	r25, X
    1576:	17 97       	sbiw	r26, 0x07	; 7
    1578:	01 96       	adiw	r24, 0x01	; 1
    157a:	17 96       	adiw	r26, 0x07	; 7
    157c:	9c 93       	st	X, r25
    157e:	8e 93       	st	-X, r24
    1580:	16 97       	sbiw	r26, 0x06	; 6
    1582:	ce 01       	movw	r24, r28
    1584:	df 91       	pop	r29
    1586:	cf 91       	pop	r28
    1588:	1f 91       	pop	r17
    158a:	0f 91       	pop	r16
    158c:	08 95       	ret

0000158e <__ultoa_invert>:
    158e:	fa 01       	movw	r30, r20
    1590:	aa 27       	eor	r26, r26
    1592:	28 30       	cpi	r18, 0x08	; 8
    1594:	51 f1       	breq	.+84     	; 0x15ea <__ultoa_invert+0x5c>
    1596:	20 31       	cpi	r18, 0x10	; 16
    1598:	81 f1       	breq	.+96     	; 0x15fa <__ultoa_invert+0x6c>
    159a:	e8 94       	clt
    159c:	6f 93       	push	r22
    159e:	6e 7f       	andi	r22, 0xFE	; 254
    15a0:	6e 5f       	subi	r22, 0xFE	; 254
    15a2:	7f 4f       	sbci	r23, 0xFF	; 255
    15a4:	8f 4f       	sbci	r24, 0xFF	; 255
    15a6:	9f 4f       	sbci	r25, 0xFF	; 255
    15a8:	af 4f       	sbci	r26, 0xFF	; 255
    15aa:	b1 e0       	ldi	r27, 0x01	; 1
    15ac:	3e d0       	rcall	.+124    	; 0x162a <__ultoa_invert+0x9c>
    15ae:	b4 e0       	ldi	r27, 0x04	; 4
    15b0:	3c d0       	rcall	.+120    	; 0x162a <__ultoa_invert+0x9c>
    15b2:	67 0f       	add	r22, r23
    15b4:	78 1f       	adc	r23, r24
    15b6:	89 1f       	adc	r24, r25
    15b8:	9a 1f       	adc	r25, r26
    15ba:	a1 1d       	adc	r26, r1
    15bc:	68 0f       	add	r22, r24
    15be:	79 1f       	adc	r23, r25
    15c0:	8a 1f       	adc	r24, r26
    15c2:	91 1d       	adc	r25, r1
    15c4:	a1 1d       	adc	r26, r1
    15c6:	6a 0f       	add	r22, r26
    15c8:	71 1d       	adc	r23, r1
    15ca:	81 1d       	adc	r24, r1
    15cc:	91 1d       	adc	r25, r1
    15ce:	a1 1d       	adc	r26, r1
    15d0:	20 d0       	rcall	.+64     	; 0x1612 <__ultoa_invert+0x84>
    15d2:	09 f4       	brne	.+2      	; 0x15d6 <__ultoa_invert+0x48>
    15d4:	68 94       	set
    15d6:	3f 91       	pop	r19
    15d8:	2a e0       	ldi	r18, 0x0A	; 10
    15da:	26 9f       	mul	r18, r22
    15dc:	11 24       	eor	r1, r1
    15de:	30 19       	sub	r19, r0
    15e0:	30 5d       	subi	r19, 0xD0	; 208
    15e2:	31 93       	st	Z+, r19
    15e4:	de f6       	brtc	.-74     	; 0x159c <__ultoa_invert+0xe>
    15e6:	cf 01       	movw	r24, r30
    15e8:	08 95       	ret
    15ea:	46 2f       	mov	r20, r22
    15ec:	47 70       	andi	r20, 0x07	; 7
    15ee:	40 5d       	subi	r20, 0xD0	; 208
    15f0:	41 93       	st	Z+, r20
    15f2:	b3 e0       	ldi	r27, 0x03	; 3
    15f4:	0f d0       	rcall	.+30     	; 0x1614 <__ultoa_invert+0x86>
    15f6:	c9 f7       	brne	.-14     	; 0x15ea <__ultoa_invert+0x5c>
    15f8:	f6 cf       	rjmp	.-20     	; 0x15e6 <__ultoa_invert+0x58>
    15fa:	46 2f       	mov	r20, r22
    15fc:	4f 70       	andi	r20, 0x0F	; 15
    15fe:	40 5d       	subi	r20, 0xD0	; 208
    1600:	4a 33       	cpi	r20, 0x3A	; 58
    1602:	18 f0       	brcs	.+6      	; 0x160a <__ultoa_invert+0x7c>
    1604:	49 5d       	subi	r20, 0xD9	; 217
    1606:	31 fd       	sbrc	r19, 1
    1608:	40 52       	subi	r20, 0x20	; 32
    160a:	41 93       	st	Z+, r20
    160c:	02 d0       	rcall	.+4      	; 0x1612 <__ultoa_invert+0x84>
    160e:	a9 f7       	brne	.-22     	; 0x15fa <__ultoa_invert+0x6c>
    1610:	ea cf       	rjmp	.-44     	; 0x15e6 <__ultoa_invert+0x58>
    1612:	b4 e0       	ldi	r27, 0x04	; 4
    1614:	a6 95       	lsr	r26
    1616:	97 95       	ror	r25
    1618:	87 95       	ror	r24
    161a:	77 95       	ror	r23
    161c:	67 95       	ror	r22
    161e:	ba 95       	dec	r27
    1620:	c9 f7       	brne	.-14     	; 0x1614 <__ultoa_invert+0x86>
    1622:	00 97       	sbiw	r24, 0x00	; 0
    1624:	61 05       	cpc	r22, r1
    1626:	71 05       	cpc	r23, r1
    1628:	08 95       	ret
    162a:	9b 01       	movw	r18, r22
    162c:	ac 01       	movw	r20, r24
    162e:	0a 2e       	mov	r0, r26
    1630:	06 94       	lsr	r0
    1632:	57 95       	ror	r21
    1634:	47 95       	ror	r20
    1636:	37 95       	ror	r19
    1638:	27 95       	ror	r18
    163a:	ba 95       	dec	r27
    163c:	c9 f7       	brne	.-14     	; 0x1630 <__ultoa_invert+0xa2>
    163e:	62 0f       	add	r22, r18
    1640:	73 1f       	adc	r23, r19
    1642:	84 1f       	adc	r24, r20
    1644:	95 1f       	adc	r25, r21
    1646:	a0 1d       	adc	r26, r0
    1648:	08 95       	ret

0000164a <_exit>:
    164a:	f8 94       	cli

0000164c <__stop_program>:
    164c:	ff cf       	rjmp	.-2      	; 0x164c <__stop_program>
