
13. RTC_LCD_calculator.elf:     file format elf32-avr

Sections:
Idx Name          Size      VMA       LMA       File off  Algn
  0 .data         000001fa  00800100  0000243a  000024ce  2**0
                  CONTENTS, ALLOC, LOAD, DATA
  1 .text         0000243a  00000000  00000000  00000094  2**1
                  CONTENTS, ALLOC, LOAD, READONLY, CODE
  2 .bss          000003d0  008002fa  008002fa  000026c8  2**0
                  ALLOC
  3 .comment      0000005c  00000000  00000000  000026c8  2**0
                  CONTENTS, READONLY
  4 .note.gnu.avr.deviceinfo 00000040  00000000  00000000  00002724  2**2
                  CONTENTS, READONLY
  5 .debug_aranges 00000298  00000000  00000000  00002764  2**0
                  CONTENTS, READONLY, DEBUGGING
  6 .debug_info   000034fc  00000000  00000000  000029fc  2**0
                  CONTENTS, READONLY, DEBUGGING
  7 .debug_abbrev 00001658  00000000  00000000  00005ef8  2**0
                  CONTENTS, READONLY, DEBUGGING
  8 .debug_line   00001bea  00000000  00000000  00007550  2**0
                  CONTENTS, READONLY, DEBUGGING
  9 .debug_frame  00000750  00000000  00000000  0000913c  2**2
                  CONTENTS, READONLY, DEBUGGING
 10 .debug_str    00000a2b  00000000  00000000  0000988c  2**0
                  CONTENTS, READONLY, DEBUGGING
 11 .debug_loc    00001f3e  00000000  00000000  0000a2b7  2**0
                  CONTENTS, READONLY, DEBUGGING
 12 .debug_ranges 000002c0  00000000  00000000  0000c1f5  2**0
                  CONTENTS, READONLY, DEBUGGING

Disassembly of section .text:

00000000 <__vectors>:
       0:	4b c0       	rjmp	.+150    	; 0x98 <__ctors_end>
       2:	00 00       	nop
       4:	68 c0       	rjmp	.+208    	; 0xd6 <__bad_interrupt>
       6:	00 00       	nop
       8:	66 c0       	rjmp	.+204    	; 0xd6 <__bad_interrupt>
       a:	00 00       	nop
       c:	64 c0       	rjmp	.+200    	; 0xd6 <__bad_interrupt>
       e:	00 00       	nop
      10:	62 c0       	rjmp	.+196    	; 0xd6 <__bad_interrupt>
      12:	00 00       	nop
      14:	60 c0       	rjmp	.+192    	; 0xd6 <__bad_interrupt>
      16:	00 00       	nop
      18:	5e c0       	rjmp	.+188    	; 0xd6 <__bad_interrupt>
      1a:	00 00       	nop
      1c:	5c c0       	rjmp	.+184    	; 0xd6 <__bad_interrupt>
      1e:	00 00       	nop
      20:	5a c0       	rjmp	.+180    	; 0xd6 <__bad_interrupt>
      22:	00 00       	nop
      24:	58 c0       	rjmp	.+176    	; 0xd6 <__bad_interrupt>
      26:	00 00       	nop
      28:	56 c0       	rjmp	.+172    	; 0xd6 <__bad_interrupt>
      2a:	00 00       	nop
      2c:	54 c0       	rjmp	.+168    	; 0xd6 <__bad_interrupt>
      2e:	00 00       	nop
      30:	52 c0       	rjmp	.+164    	; 0xd6 <__bad_interrupt>
      32:	00 00       	nop
      34:	50 c0       	rjmp	.+160    	; 0xd6 <__bad_interrupt>
      36:	00 00       	nop
      38:	4e c0       	rjmp	.+156    	; 0xd6 <__bad_interrupt>
      3a:	00 00       	nop
      3c:	4c c0       	rjmp	.+152    	; 0xd6 <__bad_interrupt>
      3e:	00 00       	nop
      40:	da c7       	rjmp	.+4020   	; 0xff6 <__vector_16>
      42:	00 00       	nop
      44:	48 c0       	rjmp	.+144    	; 0xd6 <__bad_interrupt>
      46:	00 00       	nop
      48:	0c 94 ca 09 	jmp	0x1394	; 0x1394 <__vector_18>
      4c:	44 c0       	rjmp	.+136    	; 0xd6 <__bad_interrupt>
      4e:	00 00       	nop
      50:	42 c0       	rjmp	.+132    	; 0xd6 <__bad_interrupt>
      52:	00 00       	nop
      54:	40 c0       	rjmp	.+128    	; 0xd6 <__bad_interrupt>
      56:	00 00       	nop
      58:	3e c0       	rjmp	.+124    	; 0xd6 <__bad_interrupt>
      5a:	00 00       	nop
      5c:	3c c0       	rjmp	.+120    	; 0xd6 <__bad_interrupt>
      5e:	00 00       	nop
      60:	3a c0       	rjmp	.+116    	; 0xd6 <__bad_interrupt>
      62:	00 00       	nop
      64:	38 c0       	rjmp	.+112    	; 0xd6 <__bad_interrupt>
      66:	00 00       	nop
      68:	36 c0       	rjmp	.+108    	; 0xd6 <__bad_interrupt>
      6a:	00 00       	nop
      6c:	34 c0       	rjmp	.+104    	; 0xd6 <__bad_interrupt>
      6e:	00 00       	nop
      70:	32 c0       	rjmp	.+100    	; 0xd6 <__bad_interrupt>
      72:	00 00       	nop
      74:	30 c0       	rjmp	.+96     	; 0xd6 <__bad_interrupt>
      76:	00 00       	nop
      78:	2e c0       	rjmp	.+92     	; 0xd6 <__bad_interrupt>
      7a:	00 00       	nop
      7c:	2c c0       	rjmp	.+88     	; 0xd6 <__bad_interrupt>
      7e:	00 00       	nop
      80:	2a c0       	rjmp	.+84     	; 0xd6 <__bad_interrupt>
      82:	00 00       	nop
      84:	28 c0       	rjmp	.+80     	; 0xd6 <__bad_interrupt>
      86:	00 00       	nop
      88:	26 c0       	rjmp	.+76     	; 0xd6 <__bad_interrupt>
	...

0000008c <__trampolines_end>:
      8c:	63 64       	ori	r22, 0x43	; 67
      8e:	69 6e       	ori	r22, 0xE9	; 233
      90:	6f 70       	andi	r22, 0x0F	; 15
      92:	73 75       	andi	r23, 0x53	; 83
      94:	78 58       	subi	r23, 0x88	; 136
      96:	5b 00       	.word	0x005b	; ????

00000098 <__ctors_end>:
      98:	11 24       	eor	r1, r1
      9a:	1f be       	out	0x3f, r1	; 63
      9c:	cf ef       	ldi	r28, 0xFF	; 255
      9e:	d0 e1       	ldi	r29, 0x10	; 16
      a0:	de bf       	out	0x3e, r29	; 62
      a2:	cd bf       	out	0x3d, r28	; 61

000000a4 <__do_copy_data>:
      a4:	12 e0       	ldi	r17, 0x02	; 2
      a6:	a0 e0       	ldi	r26, 0x00	; 0
      a8:	b1 e0       	ldi	r27, 0x01	; 1
      aa:	ea e3       	ldi	r30, 0x3A	; 58
      ac:	f4 e2       	ldi	r31, 0x24	; 36
      ae:	00 e0       	ldi	r16, 0x00	; 0
      b0:	0b bf       	out	0x3b, r16	; 59
      b2:	02 c0       	rjmp	.+4      	; 0xb8 <__do_copy_data+0x14>
      b4:	07 90       	elpm	r0, Z+
      b6:	0d 92       	st	X+, r0
      b8:	aa 3f       	cpi	r26, 0xFA	; 250
      ba:	b1 07       	cpc	r27, r17
      bc:	d9 f7       	brne	.-10     	; 0xb4 <__do_copy_data+0x10>

000000be <__do_clear_bss>:
      be:	26 e0       	ldi	r18, 0x06	; 6
      c0:	aa ef       	ldi	r26, 0xFA	; 250
      c2:	b2 e0       	ldi	r27, 0x02	; 2
      c4:	01 c0       	rjmp	.+2      	; 0xc8 <.do_clear_bss_start>

000000c6 <.do_clear_bss_loop>:
      c6:	1d 92       	st	X+, r1

000000c8 <.do_clear_bss_start>:
      c8:	aa 3c       	cpi	r26, 0xCA	; 202
      ca:	b2 07       	cpc	r27, r18
      cc:	e1 f7       	brne	.-8      	; 0xc6 <.do_clear_bss_loop>
      ce:	0e 94 ba 08 	call	0x1174	; 0x1174 <main>
      d2:	0c 94 1b 12 	jmp	0x2436	; 0x2436 <_exit>

000000d6 <__bad_interrupt>:
      d6:	94 cf       	rjmp	.-216    	; 0x0 <__vectors>

000000d8 <get_button>:
	};
	// static 지역변수에 static을 선언하면 함수를 빠져나와 다시 들어가도 이전값유지 
	int current_state;
	
	// 1. button을 읽는다. 
	current_state = BUTTON_PIN & (1 << button_pin);
      d8:	20 b3       	in	r18, 0x10	; 16
      da:	42 2f       	mov	r20, r18
      dc:	50 e0       	ldi	r21, 0x00	; 0
      de:	21 e0       	ldi	r18, 0x01	; 1
      e0:	30 e0       	ldi	r19, 0x00	; 0
      e2:	02 c0       	rjmp	.+4      	; 0xe8 <get_button+0x10>
      e4:	22 0f       	add	r18, r18
      e6:	33 1f       	adc	r19, r19
      e8:	6a 95       	dec	r22
      ea:	e2 f7       	brpl	.-8      	; 0xe4 <get_button+0xc>
      ec:	24 23       	and	r18, r20
      ee:	35 23       	and	r19, r21
	// 2. 버튼 상태 check 
	if (current_state  && button_status[button_num] == BUTTON_RELEASE)  // 버튼이 처음 눌려진 상태 
      f0:	21 15       	cp	r18, r1
      f2:	31 05       	cpc	r19, r1
      f4:	a1 f0       	breq	.+40     	; 0x11e <get_button+0x46>
      f6:	fc 01       	movw	r30, r24
      f8:	e6 50       	subi	r30, 0x06	; 6
      fa:	fd 4f       	sbci	r31, 0xFD	; 253
      fc:	40 81       	ld	r20, Z
      fe:	41 11       	cpse	r20, r1
     100:	0e c0       	rjmp	.+28     	; 0x11e <get_button+0x46>
	#else
		//round up by default
		__ticks_dc = (uint32_t)(ceil(fabs(__tmp)));
	#endif

	__builtin_avr_delay_cycles(__ticks_dc);
     102:	ef e5       	ldi	r30, 0x5F	; 95
     104:	fa ee       	ldi	r31, 0xEA	; 234
     106:	31 97       	sbiw	r30, 0x01	; 1
     108:	f1 f7       	brne	.-4      	; 0x106 <get_button+0x2e>
     10a:	00 c0       	rjmp	.+0      	; 0x10c <get_button+0x34>
     10c:	00 00       	nop
	{
		_delay_ms(15);  // noise가 지나가기를 기다린다. 
		button_status[button_num] =BUTTON_PRESS;  
     10e:	fc 01       	movw	r30, r24
     110:	e6 50       	subi	r30, 0x06	; 6
     112:	fd 4f       	sbci	r31, 0xFD	; 253
     114:	21 e0       	ldi	r18, 0x01	; 1
     116:	20 83       	st	Z, r18
		return 0;     // 아직은 완전히 눌렀다 뗀 상태가 아니다. 
     118:	80 e0       	ldi	r24, 0x00	; 0
     11a:	90 e0       	ldi	r25, 0x00	; 0
     11c:	08 95       	ret
	}
	else if (button_status[button_num] == BUTTON_PRESS && current_state == BUTTON_RELEASE)
     11e:	fc 01       	movw	r30, r24
     120:	e6 50       	subi	r30, 0x06	; 6
     122:	fd 4f       	sbci	r31, 0xFD	; 253
     124:	40 81       	ld	r20, Z
     126:	41 30       	cpi	r20, 0x01	; 1
     128:	79 f4       	brne	.+30     	; 0x148 <get_button+0x70>
     12a:	23 2b       	or	r18, r19
     12c:	81 f4       	brne	.+32     	; 0x14e <get_button+0x76>
     12e:	ef e5       	ldi	r30, 0x5F	; 95
     130:	fa ee       	ldi	r31, 0xEA	; 234
     132:	31 97       	sbiw	r30, 0x01	; 1
     134:	f1 f7       	brne	.-4      	; 0x132 <get_button+0x5a>
     136:	00 c0       	rjmp	.+0      	; 0x138 <get_button+0x60>
     138:	00 00       	nop
	{  // 버튼이 이전에 눌려진 상태였으며 지금은 떼어진 상태 
		_delay_ms(15);  // noise가 지나가기를 기다린다.
		button_status[button_num] = BUTTON_RELEASE;   // 다음 버튼을 체크 하기 위하여 초기화
     13a:	fc 01       	movw	r30, r24
     13c:	e6 50       	subi	r30, 0x06	; 6
     13e:	fd 4f       	sbci	r31, 0xFD	; 253
     140:	10 82       	st	Z, r1
		return 1;   // 완전히 1번 눌렀다 뗀 상태로 인정 한다. 
     142:	81 e0       	ldi	r24, 0x01	; 1
     144:	90 e0       	ldi	r25, 0x00	; 0
     146:	08 95       	ret
	}
	
	return 0;   // 버튼이 open 상태 이다. 
     148:	80 e0       	ldi	r24, 0x00	; 0
     14a:	90 e0       	ldi	r25, 0x00	; 0
     14c:	08 95       	ret
     14e:	80 e0       	ldi	r24, 0x00	; 0
     150:	90 e0       	ldi	r25, 0x00	; 0
}
     152:	08 95       	ret

00000154 <check_parentheses>:

/**
 * @brief 수식의 괄호 쌍 매칭 상태를 검사합니다.
 */
static int check_parentheses(const char* expr) 
{ 
     154:	bc 01       	movw	r22, r24
    int count = 0; 
    for (int i = 0; expr[i] != '\0'; i++) 
     156:	20 e0       	ldi	r18, 0x00	; 0
     158:	30 e0       	ldi	r19, 0x00	; 0
/**
 * @brief 수식의 괄호 쌍 매칭 상태를 검사합니다.
 */
static int check_parentheses(const char* expr) 
{ 
    int count = 0; 
     15a:	40 e0       	ldi	r20, 0x00	; 0
     15c:	50 e0       	ldi	r21, 0x00	; 0
    for (int i = 0; expr[i] != '\0'; i++) 
     15e:	0c c0       	rjmp	.+24     	; 0x178 <check_parentheses+0x24>
    { 
        if (expr[i] == '(') count++; 
     160:	98 32       	cpi	r25, 0x28	; 40
     162:	19 f4       	brne	.+6      	; 0x16a <check_parentheses+0x16>
     164:	4f 5f       	subi	r20, 0xFF	; 255
     166:	5f 4f       	sbci	r21, 0xFF	; 255
     168:	05 c0       	rjmp	.+10     	; 0x174 <check_parentheses+0x20>
        else if (expr[i] == ')') 
     16a:	99 32       	cpi	r25, 0x29	; 41
     16c:	19 f4       	brne	.+6      	; 0x174 <check_parentheses+0x20>
        { 
            count--; 
     16e:	41 50       	subi	r20, 0x01	; 1
     170:	51 09       	sbc	r21, r1
            if (count < 0) return 0; 
     172:	72 f0       	brmi	.+28     	; 0x190 <check_parentheses+0x3c>
 * @brief 수식의 괄호 쌍 매칭 상태를 검사합니다.
 */
static int check_parentheses(const char* expr) 
{ 
    int count = 0; 
    for (int i = 0; expr[i] != '\0'; i++) 
     174:	2f 5f       	subi	r18, 0xFF	; 255
     176:	3f 4f       	sbci	r19, 0xFF	; 255
     178:	fb 01       	movw	r30, r22
     17a:	e2 0f       	add	r30, r18
     17c:	f3 1f       	adc	r31, r19
     17e:	90 81       	ld	r25, Z
     180:	91 11       	cpse	r25, r1
     182:	ee cf       	rjmp	.-36     	; 0x160 <check_parentheses+0xc>
        { 
            count--; 
            if (count < 0) return 0; 
        } 
    } 
    return (count == 0); 
     184:	81 e0       	ldi	r24, 0x01	; 1
     186:	45 2b       	or	r20, r21
     188:	09 f0       	breq	.+2      	; 0x18c <check_parentheses+0x38>
     18a:	80 e0       	ldi	r24, 0x00	; 0
     18c:	90 e0       	ldi	r25, 0x00	; 0
     18e:	08 95       	ret
    { 
        if (expr[i] == '(') count++; 
        else if (expr[i] == ')') 
        { 
            count--; 
            if (count < 0) return 0; 
     190:	80 e0       	ldi	r24, 0x00	; 0
     192:	90 e0       	ldi	r25, 0x00	; 0
        } 
    } 
    return (count == 0); 
}
     194:	08 95       	ret

00000196 <get_precedence>:
/**
 * @brief 사칙연산자의 우선순위를 반환합니다.
 */
static int get_precedence(char op) 
{ 
    if (op == '+' || op == '-') return 1; 
     196:	8b 32       	cpi	r24, 0x2B	; 43
     198:	49 f0       	breq	.+18     	; 0x1ac <get_precedence+0x16>
     19a:	8d 32       	cpi	r24, 0x2D	; 45
     19c:	51 f0       	breq	.+20     	; 0x1b2 <get_precedence+0x1c>
    if (op == '*' || op == '/') return 2; 
     19e:	8a 32       	cpi	r24, 0x2A	; 42
     1a0:	59 f0       	breq	.+22     	; 0x1b8 <get_precedence+0x22>
     1a2:	8f 32       	cpi	r24, 0x2F	; 47
     1a4:	61 f4       	brne	.+24     	; 0x1be <get_precedence+0x28>
     1a6:	82 e0       	ldi	r24, 0x02	; 2
     1a8:	90 e0       	ldi	r25, 0x00	; 0
     1aa:	08 95       	ret
/**
 * @brief 사칙연산자의 우선순위를 반환합니다.
 */
static int get_precedence(char op) 
{ 
    if (op == '+' || op == '-') return 1; 
     1ac:	81 e0       	ldi	r24, 0x01	; 1
     1ae:	90 e0       	ldi	r25, 0x00	; 0
     1b0:	08 95       	ret
     1b2:	81 e0       	ldi	r24, 0x01	; 1
     1b4:	90 e0       	ldi	r25, 0x00	; 0
     1b6:	08 95       	ret
    if (op == '*' || op == '/') return 2; 
     1b8:	82 e0       	ldi	r24, 0x02	; 2
     1ba:	90 e0       	ldi	r25, 0x00	; 0
     1bc:	08 95       	ret
    return 0; 
     1be:	80 e0       	ldi	r24, 0x00	; 0
     1c0:	90 e0       	ldi	r25, 0x00	; 0
}
     1c2:	08 95       	ret

000001c4 <apply_op>:

/**
 * @brief 지정된 이항 연산을 수행합니다. (0 나누기 체크 포함)
 */
static int32_t apply_op(char op, int32_t b, int32_t a, int* valid) 
{ 
     1c4:	8f 92       	push	r8
     1c6:	9f 92       	push	r9
     1c8:	af 92       	push	r10
     1ca:	bf 92       	push	r11
     1cc:	ef 92       	push	r14
     1ce:	ff 92       	push	r15
     1d0:	0f 93       	push	r16
     1d2:	1f 93       	push	r17
     1d4:	4a 01       	movw	r8, r20
     1d6:	5b 01       	movw	r10, r22
    switch (op) 
     1d8:	8b 32       	cpi	r24, 0x2B	; 43
     1da:	49 f0       	breq	.+18     	; 0x1ee <apply_op+0x2a>
     1dc:	18 f4       	brcc	.+6      	; 0x1e4 <apply_op+0x20>
     1de:	8a 32       	cpi	r24, 0x2A	; 42
     1e0:	a1 f0       	breq	.+40     	; 0x20a <apply_op+0x46>
     1e2:	2e c0       	rjmp	.+92     	; 0x240 <apply_op+0x7c>
     1e4:	8d 32       	cpi	r24, 0x2D	; 45
     1e6:	51 f0       	breq	.+20     	; 0x1fc <apply_op+0x38>
     1e8:	8f 32       	cpi	r24, 0x2F	; 47
     1ea:	b1 f0       	breq	.+44     	; 0x218 <apply_op+0x54>
     1ec:	29 c0       	rjmp	.+82     	; 0x240 <apply_op+0x7c>
    { 
        case '+': return a + b; 
     1ee:	c9 01       	movw	r24, r18
     1f0:	b8 01       	movw	r22, r16
     1f2:	68 0d       	add	r22, r8
     1f4:	79 1d       	adc	r23, r9
     1f6:	8a 1d       	adc	r24, r10
     1f8:	9b 1d       	adc	r25, r11
     1fa:	25 c0       	rjmp	.+74     	; 0x246 <apply_op+0x82>
        case '-': return a - b; 
     1fc:	c9 01       	movw	r24, r18
     1fe:	b8 01       	movw	r22, r16
     200:	68 19       	sub	r22, r8
     202:	79 09       	sbc	r23, r9
     204:	8a 09       	sbc	r24, r10
     206:	9b 09       	sbc	r25, r11
     208:	1e c0       	rjmp	.+60     	; 0x246 <apply_op+0x82>
        case '*': return a * b; 
     20a:	a9 01       	movw	r20, r18
     20c:	98 01       	movw	r18, r16
     20e:	c5 01       	movw	r24, r10
     210:	b4 01       	movw	r22, r8
     212:	0e 94 06 0b 	call	0x160c	; 0x160c <__mulsi3>
     216:	17 c0       	rjmp	.+46     	; 0x246 <apply_op+0x82>
        case '/': 
            if (b == 0) 
     218:	45 2b       	or	r20, r21
     21a:	46 2b       	or	r20, r22
     21c:	47 2b       	or	r20, r23
     21e:	39 f4       	brne	.+14     	; 0x22e <apply_op+0x6a>
            { 
                *valid = 0; 
     220:	f7 01       	movw	r30, r14
     222:	11 82       	std	Z+1, r1	; 0x01
     224:	10 82       	st	Z, r1
                return 0; 
     226:	60 e0       	ldi	r22, 0x00	; 0
     228:	70 e0       	ldi	r23, 0x00	; 0
     22a:	cb 01       	movw	r24, r22
     22c:	0c c0       	rjmp	.+24     	; 0x246 <apply_op+0x82>
            } 
            return a / b; 
     22e:	c9 01       	movw	r24, r18
     230:	b8 01       	movw	r22, r16
     232:	a5 01       	movw	r20, r10
     234:	94 01       	movw	r18, r8
     236:	0e 94 28 0b 	call	0x1650	; 0x1650 <__divmodsi4>
     23a:	ca 01       	movw	r24, r20
     23c:	b9 01       	movw	r22, r18
     23e:	03 c0       	rjmp	.+6      	; 0x246 <apply_op+0x82>
    } 
    return 0; 
     240:	60 e0       	ldi	r22, 0x00	; 0
     242:	70 e0       	ldi	r23, 0x00	; 0
     244:	cb 01       	movw	r24, r22
}
     246:	1f 91       	pop	r17
     248:	0f 91       	pop	r16
     24a:	ff 90       	pop	r15
     24c:	ef 90       	pop	r14
     24e:	bf 90       	pop	r11
     250:	af 90       	pop	r10
     252:	9f 90       	pop	r9
     254:	8f 90       	pop	r8
     256:	08 95       	ret

00000258 <eval_expression>:

/**
 * @brief 중위 표기법(Infix) 수식 문자열을 파싱하여 결과를 계산합니다.
 */
static int32_t eval_expression(const char* expr, int* valid) 
{ 
     258:	2f 92       	push	r2
     25a:	3f 92       	push	r3
     25c:	4f 92       	push	r4
     25e:	5f 92       	push	r5
     260:	6f 92       	push	r6
     262:	7f 92       	push	r7
     264:	8f 92       	push	r8
     266:	9f 92       	push	r9
     268:	af 92       	push	r10
     26a:	bf 92       	push	r11
     26c:	cf 92       	push	r12
     26e:	df 92       	push	r13
     270:	ef 92       	push	r14
     272:	ff 92       	push	r15
     274:	0f 93       	push	r16
     276:	1f 93       	push	r17
     278:	cf 93       	push	r28
     27a:	df 93       	push	r29
     27c:	cd b7       	in	r28, 0x3d	; 61
     27e:	de b7       	in	r29, 0x3e	; 62
     280:	cb 5c       	subi	r28, 0xCB	; 203
     282:	d1 09       	sbc	r29, r1
     284:	0f b6       	in	r0, 0x3f	; 63
     286:	f8 94       	cli
     288:	de bf       	out	0x3e, r29	; 62
     28a:	0f be       	out	0x3f, r0	; 63
     28c:	cd bf       	out	0x3d, r28	; 61
     28e:	4c 01       	movw	r8, r24
     290:	c7 53       	subi	r28, 0x37	; 55
     292:	df 4f       	sbci	r29, 0xFF	; 255
     294:	79 83       	std	Y+1, r23	; 0x01
     296:	68 83       	st	Y, r22
     298:	c9 5c       	subi	r28, 0xC9	; 201
     29a:	d0 40       	sbci	r29, 0x00	; 0
    int32_t val_stack[MAX_EXPR_LEN]; 
    char op_stack[MAX_EXPR_LEN]; 
    int val_top = -1; 
    int op_top = -1; 

    for (int i = 0; expr[i] != '\0'; i++) 
     29c:	c1 2c       	mov	r12, r1
     29e:	d1 2c       	mov	r13, r1
static int32_t eval_expression(const char* expr, int* valid) 
{ 
    int32_t val_stack[MAX_EXPR_LEN]; 
    char op_stack[MAX_EXPR_LEN]; 
    int val_top = -1; 
    int op_top = -1; 
     2a0:	aa 24       	eor	r10, r10
     2a2:	aa 94       	dec	r10
     2a4:	ba 2c       	mov	r11, r10
 */
static int32_t eval_expression(const char* expr, int* valid) 
{ 
    int32_t val_stack[MAX_EXPR_LEN]; 
    char op_stack[MAX_EXPR_LEN]; 
    int val_top = -1; 
     2a6:	0f ef       	ldi	r16, 0xFF	; 255
     2a8:	1f ef       	ldi	r17, 0xFF	; 255
    int op_top = -1; 

    for (int i = 0; expr[i] != '\0'; i++) 
     2aa:	23 c1       	rjmp	.+582    	; 0x4f2 <__LOCK_REGION_LENGTH__+0xf2>
    { 
        if (expr[i] == ' ') continue; 
     2ac:	80 32       	cpi	r24, 0x20	; 32
     2ae:	09 f4       	brne	.+2      	; 0x2b2 <eval_expression+0x5a>
     2b0:	1d c1       	rjmp	.+570    	; 0x4ec <__LOCK_REGION_LENGTH__+0xec>

        // 1. 숫자가 연달아 나오는 경우 피연산자로 묶어서 숫리스택에 push
        if (isdigit((unsigned char)expr[i])) 
     2b2:	28 2f       	mov	r18, r24
     2b4:	30 e0       	ldi	r19, 0x00	; 0
     2b6:	20 53       	subi	r18, 0x30	; 48
     2b8:	31 09       	sbc	r19, r1
     2ba:	2a 30       	cpi	r18, 0x0A	; 10
     2bc:	31 05       	cpc	r19, r1
     2be:	10 f1       	brcs	.+68     	; 0x304 <eval_expression+0xac>
     2c0:	41 c0       	rjmp	.+130    	; 0x344 <eval_expression+0xec>
        { 
            int32_t val = 0; 
            while (expr[i] != '\0' && isdigit((unsigned char)expr[i])) 
            { 
                val = (val * 10) + (expr[i] - '0'); 
     2c2:	88 0f       	add	r24, r24
     2c4:	99 1f       	adc	r25, r25
     2c6:	aa 1f       	adc	r26, r26
     2c8:	bb 1f       	adc	r27, r27
     2ca:	2c 01       	movw	r4, r24
     2cc:	3d 01       	movw	r6, r26
     2ce:	44 0c       	add	r4, r4
     2d0:	55 1c       	adc	r5, r5
     2d2:	66 1c       	adc	r6, r6
     2d4:	77 1c       	adc	r7, r7
     2d6:	44 0c       	add	r4, r4
     2d8:	55 1c       	adc	r5, r5
     2da:	66 1c       	adc	r6, r6
     2dc:	77 1c       	adc	r7, r7
     2de:	84 0d       	add	r24, r4
     2e0:	95 1d       	adc	r25, r5
     2e2:	a6 1d       	adc	r26, r6
     2e4:	b7 1d       	adc	r27, r7
     2e6:	50 e0       	ldi	r21, 0x00	; 0
     2e8:	40 53       	subi	r20, 0x30	; 48
     2ea:	51 09       	sbc	r21, r1
     2ec:	05 2e       	mov	r0, r21
     2ee:	00 0c       	add	r0, r0
     2f0:	66 0b       	sbc	r22, r22
     2f2:	77 0b       	sbc	r23, r23
     2f4:	84 0f       	add	r24, r20
     2f6:	95 1f       	adc	r25, r21
     2f8:	a6 1f       	adc	r26, r22
     2fa:	b7 1f       	adc	r27, r23
                i++; 
     2fc:	2f ef       	ldi	r18, 0xFF	; 255
     2fe:	c2 1a       	sub	r12, r18
     300:	d2 0a       	sbc	r13, r18
     302:	03 c0       	rjmp	.+6      	; 0x30a <eval_expression+0xb2>
     304:	80 e0       	ldi	r24, 0x00	; 0
     306:	90 e0       	ldi	r25, 0x00	; 0
     308:	dc 01       	movw	r26, r24

        // 1. 숫자가 연달아 나오는 경우 피연산자로 묶어서 숫리스택에 push
        if (isdigit((unsigned char)expr[i])) 
        { 
            int32_t val = 0; 
            while (expr[i] != '\0' && isdigit((unsigned char)expr[i])) 
     30a:	f4 01       	movw	r30, r8
     30c:	ec 0d       	add	r30, r12
     30e:	fd 1d       	adc	r31, r13
     310:	40 81       	ld	r20, Z
     312:	20 ed       	ldi	r18, 0xD0	; 208
     314:	24 0f       	add	r18, r20
     316:	2a 30       	cpi	r18, 0x0A	; 10
     318:	a0 f2       	brcs	.-88     	; 0x2c2 <eval_expression+0x6a>
            { 
                val = (val * 10) + (expr[i] - '0'); 
                i++; 
            } 
            i--; 
     31a:	31 e0       	ldi	r19, 0x01	; 1
     31c:	c3 1a       	sub	r12, r19
     31e:	d1 08       	sbc	r13, r1
            val_stack[++val_top] = val; 
     320:	0f 5f       	subi	r16, 0xFF	; 255
     322:	1f 4f       	sbci	r17, 0xFF	; 255
     324:	f8 01       	movw	r30, r16
     326:	ee 0f       	add	r30, r30
     328:	ff 1f       	adc	r31, r31
     32a:	ee 0f       	add	r30, r30
     32c:	ff 1f       	adc	r31, r31
     32e:	21 e0       	ldi	r18, 0x01	; 1
     330:	30 e0       	ldi	r19, 0x00	; 0
     332:	2c 0f       	add	r18, r28
     334:	3d 1f       	adc	r19, r29
     336:	e2 0f       	add	r30, r18
     338:	f3 1f       	adc	r31, r19
     33a:	80 83       	st	Z, r24
     33c:	91 83       	std	Z+1, r25	; 0x01
     33e:	a2 83       	std	Z+2, r26	; 0x02
     340:	b3 83       	std	Z+3, r27	; 0x03
     342:	d4 c0       	rjmp	.+424    	; 0x4ec <__LOCK_REGION_LENGTH__+0xec>
        } 
        // 2. 여는 괄호는 연산자 스택에 push
        else if (expr[i] == '(') 
     344:	88 32       	cpi	r24, 0x28	; 40
     346:	59 f4       	brne	.+22     	; 0x35e <eval_expression+0x106>
        { 
            op_stack[++op_top] = expr[i]; 
     348:	3f ef       	ldi	r19, 0xFF	; 255
     34a:	a3 1a       	sub	r10, r19
     34c:	b3 0a       	sbc	r11, r19
     34e:	e1 ea       	ldi	r30, 0xA1	; 161
     350:	f0 e0       	ldi	r31, 0x00	; 0
     352:	ec 0f       	add	r30, r28
     354:	fd 1f       	adc	r31, r29
     356:	ea 0d       	add	r30, r10
     358:	fb 1d       	adc	r31, r11
     35a:	80 83       	st	Z, r24
     35c:	c7 c0       	rjmp	.+398    	; 0x4ec <__LOCK_REGION_LENGTH__+0xec>
        } 
        // 3. 닫는 괄호 처리: 여는 괄호를 만날 때까지 누적 연산 진행
        else if (expr[i] == ')') 
     35e:	89 32       	cpi	r24, 0x29	; 41
     360:	09 f0       	breq	.+2      	; 0x364 <eval_expression+0x10c>
     362:	51 c0       	rjmp	.+162    	; 0x406 <__LOCK_REGION_LENGTH__+0x6>
     364:	3d c0       	rjmp	.+122    	; 0x3e0 <eval_expression+0x188>
        { 
            while (op_top >= 0 && op_stack[op_top] != '(') 
            { 
                int32_t val2 = val_stack[val_top--]; 
     366:	28 01       	movw	r4, r16
     368:	91 e0       	ldi	r25, 0x01	; 1
     36a:	49 1a       	sub	r4, r25
     36c:	51 08       	sbc	r5, r1
     36e:	00 0f       	add	r16, r16
     370:	11 1f       	adc	r17, r17
     372:	00 0f       	add	r16, r16
     374:	11 1f       	adc	r17, r17
     376:	e1 e0       	ldi	r30, 0x01	; 1
     378:	f0 e0       	ldi	r31, 0x00	; 0
     37a:	ec 0f       	add	r30, r28
     37c:	fd 1f       	adc	r31, r29
     37e:	e0 0f       	add	r30, r16
     380:	f1 1f       	adc	r31, r17
     382:	40 81       	ld	r20, Z
     384:	51 81       	ldd	r21, Z+1	; 0x01
     386:	62 81       	ldd	r22, Z+2	; 0x02
     388:	73 81       	ldd	r23, Z+3	; 0x03
                int32_t val1 = val_stack[val_top--]; 
     38a:	12 01       	movw	r2, r4
     38c:	22 0c       	add	r2, r2
     38e:	33 1c       	adc	r3, r3
     390:	22 0c       	add	r2, r2
     392:	33 1c       	adc	r3, r3
     394:	e1 e0       	ldi	r30, 0x01	; 1
     396:	f0 e0       	ldi	r31, 0x00	; 0
     398:	ec 0f       	add	r30, r28
     39a:	fd 1f       	adc	r31, r29
     39c:	2e 0e       	add	r2, r30
     39e:	3f 1e       	adc	r3, r31
     3a0:	f1 01       	movw	r30, r2
     3a2:	00 81       	ld	r16, Z
     3a4:	11 81       	ldd	r17, Z+1	; 0x01
     3a6:	22 81       	ldd	r18, Z+2	; 0x02
     3a8:	33 81       	ldd	r19, Z+3	; 0x03
                char op = op_stack[op_top--]; 
     3aa:	f1 e0       	ldi	r31, 0x01	; 1
     3ac:	af 1a       	sub	r10, r31
     3ae:	b1 08       	sbc	r11, r1
                
                val_stack[++val_top] = apply_op(op, val2, val1, valid); 
     3b0:	c7 53       	subi	r28, 0x37	; 55
     3b2:	df 4f       	sbci	r29, 0xFF	; 255
     3b4:	e8 80       	ld	r14, Y
     3b6:	f9 80       	ldd	r15, Y+1	; 0x01
     3b8:	c9 5c       	subi	r28, 0xC9	; 201
     3ba:	d0 40       	sbci	r29, 0x00	; 0
     3bc:	03 df       	rcall	.-506    	; 0x1c4 <apply_op>
     3be:	f1 01       	movw	r30, r2
     3c0:	60 83       	st	Z, r22
     3c2:	71 83       	std	Z+1, r23	; 0x01
     3c4:	82 83       	std	Z+2, r24	; 0x02
     3c6:	93 83       	std	Z+3, r25	; 0x03
                if (!(*valid)) return 0; 
     3c8:	c7 53       	subi	r28, 0x37	; 55
     3ca:	df 4f       	sbci	r29, 0xFF	; 255
     3cc:	e8 81       	ld	r30, Y
     3ce:	f9 81       	ldd	r31, Y+1	; 0x01
     3d0:	c9 5c       	subi	r28, 0xC9	; 201
     3d2:	d0 40       	sbci	r29, 0x00	; 0
     3d4:	80 81       	ld	r24, Z
     3d6:	91 81       	ldd	r25, Z+1	; 0x01
     3d8:	89 2b       	or	r24, r25
     3da:	09 f4       	brne	.+2      	; 0x3de <eval_expression+0x186>
     3dc:	ec c0       	rjmp	.+472    	; 0x5b6 <__LOCK_REGION_LENGTH__+0x1b6>
            { 
                int32_t val2 = val_stack[val_top--]; 
                int32_t val1 = val_stack[val_top--]; 
                char op = op_stack[op_top--]; 
                
                val_stack[++val_top] = apply_op(op, val2, val1, valid); 
     3de:	82 01       	movw	r16, r4
            op_stack[++op_top] = expr[i]; 
        } 
        // 3. 닫는 괄호 처리: 여는 괄호를 만날 때까지 누적 연산 진행
        else if (expr[i] == ')') 
        { 
            while (op_top >= 0 && op_stack[op_top] != '(') 
     3e0:	bb 20       	and	r11, r11
     3e2:	54 f0       	brlt	.+20     	; 0x3f8 <eval_expression+0x1a0>
     3e4:	e1 ea       	ldi	r30, 0xA1	; 161
     3e6:	f0 e0       	ldi	r31, 0x00	; 0
     3e8:	ec 0f       	add	r30, r28
     3ea:	fd 1f       	adc	r31, r29
     3ec:	ea 0d       	add	r30, r10
     3ee:	fb 1d       	adc	r31, r11
     3f0:	80 81       	ld	r24, Z
     3f2:	88 32       	cpi	r24, 0x28	; 40
     3f4:	09 f0       	breq	.+2      	; 0x3f8 <eval_expression+0x1a0>
     3f6:	b7 cf       	rjmp	.-146    	; 0x366 <eval_expression+0x10e>
                char op = op_stack[op_top--]; 
                
                val_stack[++val_top] = apply_op(op, val2, val1, valid); 
                if (!(*valid)) return 0; 
            } 
            if (op_top >= 0) op_top--; // 여는 괄호 제거
     3f8:	bb 20       	and	r11, r11
     3fa:	0c f4       	brge	.+2      	; 0x3fe <eval_expression+0x1a6>
     3fc:	77 c0       	rjmp	.+238    	; 0x4ec <__LOCK_REGION_LENGTH__+0xec>
     3fe:	f1 e0       	ldi	r31, 0x01	; 1
     400:	af 1a       	sub	r10, r31
     402:	b1 08       	sbc	r11, r1
     404:	73 c0       	rjmp	.+230    	; 0x4ec <__LOCK_REGION_LENGTH__+0xec>
        } 
        // 4. 일반 연산자 처리: 이전 연산자와 우선순위를 비교하여 처리
        else if (expr[i] == '+' || expr[i] == '-' || expr[i] == '*' || expr[i] == '/') 
     406:	8b 32       	cpi	r24, 0x2B	; 43
     408:	09 f4       	brne	.+2      	; 0x40c <__LOCK_REGION_LENGTH__+0xc>
     40a:	4c c0       	rjmp	.+152    	; 0x4a4 <__LOCK_REGION_LENGTH__+0xa4>
     40c:	8d 32       	cpi	r24, 0x2D	; 45
     40e:	09 f4       	brne	.+2      	; 0x412 <__LOCK_REGION_LENGTH__+0x12>
     410:	49 c0       	rjmp	.+146    	; 0x4a4 <__LOCK_REGION_LENGTH__+0xa4>
     412:	8a 32       	cpi	r24, 0x2A	; 42
     414:	09 f4       	brne	.+2      	; 0x418 <__LOCK_REGION_LENGTH__+0x18>
     416:	46 c0       	rjmp	.+140    	; 0x4a4 <__LOCK_REGION_LENGTH__+0xa4>
     418:	8f 32       	cpi	r24, 0x2F	; 47
     41a:	09 f0       	breq	.+2      	; 0x41e <__LOCK_REGION_LENGTH__+0x1e>
     41c:	67 c0       	rjmp	.+206    	; 0x4ec <__LOCK_REGION_LENGTH__+0xec>
     41e:	42 c0       	rjmp	.+132    	; 0x4a4 <__LOCK_REGION_LENGTH__+0xa4>
        { 
            while (op_top >= 0 && get_precedence(op_stack[op_top]) >= get_precedence(expr[i])) 
            { 
                int32_t val2 = val_stack[val_top--]; 
     420:	28 01       	movw	r4, r16
     422:	21 e0       	ldi	r18, 0x01	; 1
     424:	42 1a       	sub	r4, r18
     426:	51 08       	sbc	r5, r1
     428:	00 0f       	add	r16, r16
     42a:	11 1f       	adc	r17, r17
     42c:	00 0f       	add	r16, r16
     42e:	11 1f       	adc	r17, r17
     430:	e1 e0       	ldi	r30, 0x01	; 1
     432:	f0 e0       	ldi	r31, 0x00	; 0
     434:	ec 0f       	add	r30, r28
     436:	fd 1f       	adc	r31, r29
     438:	e0 0f       	add	r30, r16
     43a:	f1 1f       	adc	r31, r17
     43c:	40 81       	ld	r20, Z
     43e:	51 81       	ldd	r21, Z+1	; 0x01
     440:	62 81       	ldd	r22, Z+2	; 0x02
     442:	73 81       	ldd	r23, Z+3	; 0x03
                int32_t val1 = val_stack[val_top--]; 
     444:	12 01       	movw	r2, r4
     446:	22 0c       	add	r2, r2
     448:	33 1c       	adc	r3, r3
     44a:	22 0c       	add	r2, r2
     44c:	33 1c       	adc	r3, r3
     44e:	81 e0       	ldi	r24, 0x01	; 1
     450:	90 e0       	ldi	r25, 0x00	; 0
     452:	8c 0f       	add	r24, r28
     454:	9d 1f       	adc	r25, r29
     456:	28 0e       	add	r2, r24
     458:	39 1e       	adc	r3, r25
     45a:	f1 01       	movw	r30, r2
     45c:	00 81       	ld	r16, Z
     45e:	11 81       	ldd	r17, Z+1	; 0x01
     460:	22 81       	ldd	r18, Z+2	; 0x02
     462:	33 81       	ldd	r19, Z+3	; 0x03
                char op = op_stack[op_top--]; 
     464:	f1 e0       	ldi	r31, 0x01	; 1
     466:	af 1a       	sub	r10, r31
     468:	b1 08       	sbc	r11, r1
                
                val_stack[++val_top] = apply_op(op, val2, val1, valid); 
     46a:	c7 53       	subi	r28, 0x37	; 55
     46c:	df 4f       	sbci	r29, 0xFF	; 255
     46e:	e8 80       	ld	r14, Y
     470:	f9 80       	ldd	r15, Y+1	; 0x01
     472:	c9 5c       	subi	r28, 0xC9	; 201
     474:	d0 40       	sbci	r29, 0x00	; 0
     476:	c5 53       	subi	r28, 0x35	; 53
     478:	df 4f       	sbci	r29, 0xFF	; 255
     47a:	88 81       	ld	r24, Y
     47c:	cb 5c       	subi	r28, 0xCB	; 203
     47e:	d0 40       	sbci	r29, 0x00	; 0
     480:	a1 de       	rcall	.-702    	; 0x1c4 <apply_op>
     482:	f1 01       	movw	r30, r2
     484:	60 83       	st	Z, r22
     486:	71 83       	std	Z+1, r23	; 0x01
     488:	82 83       	std	Z+2, r24	; 0x02
     48a:	93 83       	std	Z+3, r25	; 0x03
                if (!(*valid)) return 0; 
     48c:	c7 53       	subi	r28, 0x37	; 55
     48e:	df 4f       	sbci	r29, 0xFF	; 255
     490:	e8 81       	ld	r30, Y
     492:	f9 81       	ldd	r31, Y+1	; 0x01
     494:	c9 5c       	subi	r28, 0xC9	; 201
     496:	d0 40       	sbci	r29, 0x00	; 0
     498:	80 81       	ld	r24, Z
     49a:	91 81       	ldd	r25, Z+1	; 0x01
     49c:	89 2b       	or	r24, r25
     49e:	09 f4       	brne	.+2      	; 0x4a2 <__LOCK_REGION_LENGTH__+0xa2>
     4a0:	8e c0       	rjmp	.+284    	; 0x5be <__LOCK_REGION_LENGTH__+0x1be>
            { 
                int32_t val2 = val_stack[val_top--]; 
                int32_t val1 = val_stack[val_top--]; 
                char op = op_stack[op_top--]; 
                
                val_stack[++val_top] = apply_op(op, val2, val1, valid); 
     4a2:	82 01       	movw	r16, r4
            if (op_top >= 0) op_top--; // 여는 괄호 제거
        } 
        // 4. 일반 연산자 처리: 이전 연산자와 우선순위를 비교하여 처리
        else if (expr[i] == '+' || expr[i] == '-' || expr[i] == '*' || expr[i] == '/') 
        { 
            while (op_top >= 0 && get_precedence(op_stack[op_top]) >= get_precedence(expr[i])) 
     4a4:	bb 20       	and	r11, r11
     4a6:	b4 f0       	brlt	.+44     	; 0x4d4 <__LOCK_REGION_LENGTH__+0xd4>
     4a8:	e1 ea       	ldi	r30, 0xA1	; 161
     4aa:	f0 e0       	ldi	r31, 0x00	; 0
     4ac:	ec 0f       	add	r30, r28
     4ae:	fd 1f       	adc	r31, r29
     4b0:	ea 0d       	add	r30, r10
     4b2:	fb 1d       	adc	r31, r11
     4b4:	20 81       	ld	r18, Z
     4b6:	c5 53       	subi	r28, 0x35	; 53
     4b8:	df 4f       	sbci	r29, 0xFF	; 255
     4ba:	28 83       	st	Y, r18
     4bc:	cb 5c       	subi	r28, 0xCB	; 203
     4be:	d0 40       	sbci	r29, 0x00	; 0
     4c0:	82 2f       	mov	r24, r18
     4c2:	69 de       	rcall	.-814    	; 0x196 <get_precedence>
     4c4:	7c 01       	movw	r14, r24
     4c6:	f3 01       	movw	r30, r6
     4c8:	80 81       	ld	r24, Z
     4ca:	65 de       	rcall	.-822    	; 0x196 <get_precedence>
     4cc:	e8 16       	cp	r14, r24
     4ce:	f9 06       	cpc	r15, r25
     4d0:	0c f0       	brlt	.+2      	; 0x4d4 <__LOCK_REGION_LENGTH__+0xd4>
     4d2:	a6 cf       	rjmp	.-180    	; 0x420 <__LOCK_REGION_LENGTH__+0x20>
                char op = op_stack[op_top--]; 
                
                val_stack[++val_top] = apply_op(op, val2, val1, valid); 
                if (!(*valid)) return 0; 
            } 
            op_stack[++op_top] = expr[i]; 
     4d4:	ff ef       	ldi	r31, 0xFF	; 255
     4d6:	af 1a       	sub	r10, r31
     4d8:	bf 0a       	sbc	r11, r31
     4da:	f3 01       	movw	r30, r6
     4dc:	80 81       	ld	r24, Z
     4de:	e1 ea       	ldi	r30, 0xA1	; 161
     4e0:	f0 e0       	ldi	r31, 0x00	; 0
     4e2:	ec 0f       	add	r30, r28
     4e4:	fd 1f       	adc	r31, r29
     4e6:	ea 0d       	add	r30, r10
     4e8:	fb 1d       	adc	r31, r11
     4ea:	80 83       	st	Z, r24
    int32_t val_stack[MAX_EXPR_LEN]; 
    char op_stack[MAX_EXPR_LEN]; 
    int val_top = -1; 
    int op_top = -1; 

    for (int i = 0; expr[i] != '\0'; i++) 
     4ec:	ff ef       	ldi	r31, 0xFF	; 255
     4ee:	cf 1a       	sub	r12, r31
     4f0:	df 0a       	sbc	r13, r31
     4f2:	34 01       	movw	r6, r8
     4f4:	6c 0c       	add	r6, r12
     4f6:	7d 1c       	adc	r7, r13
     4f8:	f3 01       	movw	r30, r6
     4fa:	80 81       	ld	r24, Z
     4fc:	81 11       	cpse	r24, r1
     4fe:	d6 ce       	rjmp	.-596    	; 0x2ac <eval_expression+0x54>
     500:	45 c0       	rjmp	.+138    	; 0x58c <__LOCK_REGION_LENGTH__+0x18c>
    } 

    // 5. 문자열 순회가 끝난 후 스택에 남아있는 잔여 연산 완결
    while (op_top >= 0) 
    { 
        int32_t val2 = val_stack[val_top--]; 
     502:	68 01       	movw	r12, r16
     504:	f1 e0       	ldi	r31, 0x01	; 1
     506:	cf 1a       	sub	r12, r31
     508:	d1 08       	sbc	r13, r1
     50a:	00 0f       	add	r16, r16
     50c:	11 1f       	adc	r17, r17
     50e:	00 0f       	add	r16, r16
     510:	11 1f       	adc	r17, r17
     512:	e1 e0       	ldi	r30, 0x01	; 1
     514:	f0 e0       	ldi	r31, 0x00	; 0
     516:	ec 0f       	add	r30, r28
     518:	fd 1f       	adc	r31, r29
     51a:	e0 0f       	add	r30, r16
     51c:	f1 1f       	adc	r31, r17
     51e:	40 81       	ld	r20, Z
     520:	51 81       	ldd	r21, Z+1	; 0x01
     522:	62 81       	ldd	r22, Z+2	; 0x02
     524:	73 81       	ldd	r23, Z+3	; 0x03
        int32_t val1 = val_stack[val_top--]; 
     526:	46 01       	movw	r8, r12
     528:	88 0c       	add	r8, r8
     52a:	99 1c       	adc	r9, r9
     52c:	88 0c       	add	r8, r8
     52e:	99 1c       	adc	r9, r9
     530:	21 e0       	ldi	r18, 0x01	; 1
     532:	30 e0       	ldi	r19, 0x00	; 0
     534:	2c 0f       	add	r18, r28
     536:	3d 1f       	adc	r19, r29
     538:	82 0e       	add	r8, r18
     53a:	93 1e       	adc	r9, r19
     53c:	f4 01       	movw	r30, r8
     53e:	00 81       	ld	r16, Z
     540:	11 81       	ldd	r17, Z+1	; 0x01
     542:	22 81       	ldd	r18, Z+2	; 0x02
     544:	33 81       	ldd	r19, Z+3	; 0x03
        char op = op_stack[op_top--]; 
     546:	25 01       	movw	r4, r10
     548:	f1 e0       	ldi	r31, 0x01	; 1
     54a:	4f 1a       	sub	r4, r31
     54c:	51 08       	sbc	r5, r1
     54e:	e1 ea       	ldi	r30, 0xA1	; 161
     550:	f0 e0       	ldi	r31, 0x00	; 0
     552:	ec 0f       	add	r30, r28
     554:	fd 1f       	adc	r31, r29
     556:	ea 0d       	add	r30, r10
     558:	fb 1d       	adc	r31, r11
        
        val_stack[++val_top] = apply_op(op, val2, val1, valid); 
     55a:	c7 53       	subi	r28, 0x37	; 55
     55c:	df 4f       	sbci	r29, 0xFF	; 255
     55e:	e8 80       	ld	r14, Y
     560:	f9 80       	ldd	r15, Y+1	; 0x01
     562:	c9 5c       	subi	r28, 0xC9	; 201
     564:	d0 40       	sbci	r29, 0x00	; 0
     566:	80 81       	ld	r24, Z
     568:	2d de       	rcall	.-934    	; 0x1c4 <apply_op>
     56a:	f4 01       	movw	r30, r8
     56c:	60 83       	st	Z, r22
     56e:	71 83       	std	Z+1, r23	; 0x01
     570:	82 83       	std	Z+2, r24	; 0x02
     572:	93 83       	std	Z+3, r25	; 0x03
        if (!(*valid)) return 0; 
     574:	c7 53       	subi	r28, 0x37	; 55
     576:	df 4f       	sbci	r29, 0xFF	; 255
     578:	e8 81       	ld	r30, Y
     57a:	f9 81       	ldd	r31, Y+1	; 0x01
     57c:	c9 5c       	subi	r28, 0xC9	; 201
     57e:	d0 40       	sbci	r29, 0x00	; 0
     580:	80 81       	ld	r24, Z
     582:	91 81       	ldd	r25, Z+1	; 0x01
     584:	89 2b       	or	r24, r25
     586:	f9 f0       	breq	.+62     	; 0x5c6 <__LOCK_REGION_LENGTH__+0x1c6>
    // 5. 문자열 순회가 끝난 후 스택에 남아있는 잔여 연산 완결
    while (op_top >= 0) 
    { 
        int32_t val2 = val_stack[val_top--]; 
        int32_t val1 = val_stack[val_top--]; 
        char op = op_stack[op_top--]; 
     588:	52 01       	movw	r10, r4
        
        val_stack[++val_top] = apply_op(op, val2, val1, valid); 
     58a:	86 01       	movw	r16, r12
            op_stack[++op_top] = expr[i]; 
        } 
    } 

    // 5. 문자열 순회가 끝난 후 스택에 남아있는 잔여 연산 완결
    while (op_top >= 0) 
     58c:	bb 20       	and	r11, r11
     58e:	0c f0       	brlt	.+2      	; 0x592 <__LOCK_REGION_LENGTH__+0x192>
     590:	b8 cf       	rjmp	.-144    	; 0x502 <__LOCK_REGION_LENGTH__+0x102>
        val_stack[++val_top] = apply_op(op, val2, val1, valid); 
        if (!(*valid)) return 0; 
    } 

    // 최종 결과 반환
    return (val_top == 0) ? val_stack[val_top] : 0; 
     592:	01 15       	cp	r16, r1
     594:	11 05       	cpc	r17, r1
     596:	d9 f4       	brne	.+54     	; 0x5ce <__LOCK_REGION_LENGTH__+0x1ce>
     598:	00 0f       	add	r16, r16
     59a:	11 1f       	adc	r17, r17
     59c:	00 0f       	add	r16, r16
     59e:	11 1f       	adc	r17, r17
     5a0:	e1 e0       	ldi	r30, 0x01	; 1
     5a2:	f0 e0       	ldi	r31, 0x00	; 0
     5a4:	ec 0f       	add	r30, r28
     5a6:	fd 1f       	adc	r31, r29
     5a8:	e0 0f       	add	r30, r16
     5aa:	f1 1f       	adc	r31, r17
     5ac:	60 81       	ld	r22, Z
     5ae:	71 81       	ldd	r23, Z+1	; 0x01
     5b0:	82 81       	ldd	r24, Z+2	; 0x02
     5b2:	93 81       	ldd	r25, Z+3	; 0x03
     5b4:	0f c0       	rjmp	.+30     	; 0x5d4 <__LOCK_REGION_LENGTH__+0x1d4>
                int32_t val2 = val_stack[val_top--]; 
                int32_t val1 = val_stack[val_top--]; 
                char op = op_stack[op_top--]; 
                
                val_stack[++val_top] = apply_op(op, val2, val1, valid); 
                if (!(*valid)) return 0; 
     5b6:	60 e0       	ldi	r22, 0x00	; 0
     5b8:	70 e0       	ldi	r23, 0x00	; 0
     5ba:	cb 01       	movw	r24, r22
     5bc:	0b c0       	rjmp	.+22     	; 0x5d4 <__LOCK_REGION_LENGTH__+0x1d4>
                int32_t val2 = val_stack[val_top--]; 
                int32_t val1 = val_stack[val_top--]; 
                char op = op_stack[op_top--]; 
                
                val_stack[++val_top] = apply_op(op, val2, val1, valid); 
                if (!(*valid)) return 0; 
     5be:	60 e0       	ldi	r22, 0x00	; 0
     5c0:	70 e0       	ldi	r23, 0x00	; 0
     5c2:	cb 01       	movw	r24, r22
     5c4:	07 c0       	rjmp	.+14     	; 0x5d4 <__LOCK_REGION_LENGTH__+0x1d4>
        int32_t val2 = val_stack[val_top--]; 
        int32_t val1 = val_stack[val_top--]; 
        char op = op_stack[op_top--]; 
        
        val_stack[++val_top] = apply_op(op, val2, val1, valid); 
        if (!(*valid)) return 0; 
     5c6:	60 e0       	ldi	r22, 0x00	; 0
     5c8:	70 e0       	ldi	r23, 0x00	; 0
     5ca:	cb 01       	movw	r24, r22
     5cc:	03 c0       	rjmp	.+6      	; 0x5d4 <__LOCK_REGION_LENGTH__+0x1d4>
    } 

    // 최종 결과 반환
    return (val_top == 0) ? val_stack[val_top] : 0; 
     5ce:	60 e0       	ldi	r22, 0x00	; 0
     5d0:	70 e0       	ldi	r23, 0x00	; 0
     5d2:	cb 01       	movw	r24, r22
}
     5d4:	c5 53       	subi	r28, 0x35	; 53
     5d6:	df 4f       	sbci	r29, 0xFF	; 255
     5d8:	0f b6       	in	r0, 0x3f	; 63
     5da:	f8 94       	cli
     5dc:	de bf       	out	0x3e, r29	; 62
     5de:	0f be       	out	0x3f, r0	; 63
     5e0:	cd bf       	out	0x3d, r28	; 61
     5e2:	df 91       	pop	r29
     5e4:	cf 91       	pop	r28
     5e6:	1f 91       	pop	r17
     5e8:	0f 91       	pop	r16
     5ea:	ff 90       	pop	r15
     5ec:	ef 90       	pop	r14
     5ee:	df 90       	pop	r13
     5f0:	cf 90       	pop	r12
     5f2:	bf 90       	pop	r11
     5f4:	af 90       	pop	r10
     5f6:	9f 90       	pop	r9
     5f8:	8f 90       	pop	r8
     5fa:	7f 90       	pop	r7
     5fc:	6f 90       	pop	r6
     5fe:	5f 90       	pop	r5
     600:	4f 90       	pop	r4
     602:	3f 90       	pop	r3
     604:	2f 90       	pop	r2
     606:	08 95       	ret

00000608 <clear_calculator_state>:
/**
 * @brief 계산기 내부 버퍼 및 상태 변수 초기화
 */
static void clear_calculator_state(void)
{
    LCD_clear();
     608:	93 d4       	rcall	.+2342   	; 0xf30 <LCD_clear>
    memset(expr_buffer, 0, sizeof(expr_buffer));
     60a:	88 e2       	ldi	r24, 0x28	; 40
     60c:	e6 e0       	ldi	r30, 0x06	; 6
     60e:	f3 e0       	ldi	r31, 0x03	; 3
     610:	df 01       	movw	r26, r30
     612:	1d 92       	st	X+, r1
     614:	8a 95       	dec	r24
     616:	e9 f7       	brne	.-6      	; 0x612 <clear_calculator_state+0xa>
    expr_idx = 0;
     618:	10 92 05 03 	sts	0x0305, r1	; 0x800305 <expr_idx+0x1>
     61c:	10 92 04 03 	sts	0x0304, r1	; 0x800304 <expr_idx>
    is_calculated = 0;
     620:	10 92 03 03 	sts	0x0303, r1	; 0x800303 <is_calculated>
     624:	08 95       	ret

00000626 <refresh_calculator_lcd>:

/**
 * @brief 수식 버퍼 내용을 기반으로 LCD 화면을 2줄로 나누어 실시간 갱신
 */
static void refresh_calculator_lcd(void)
{
     626:	cf 93       	push	r28
     628:	df 93       	push	r29
    LCD_clear();
     62a:	82 d4       	rcall	.+2308   	; 0xf30 <LCD_clear>
    
    // 1. 1~16번째 글자는 첫 번째 줄(row 0)에 출력
    LCD_goto_XY(0, 0);
     62c:	60 e0       	ldi	r22, 0x00	; 0
     62e:	80 e0       	ldi	r24, 0x00	; 0
     630:	d8 d4       	rcall	.+2480   	; 0xfe2 <LCD_goto_XY>
    for (int i = 0; i < expr_idx && i < 16; i++)
     632:	c0 e0       	ldi	r28, 0x00	; 0
     634:	d0 e0       	ldi	r29, 0x00	; 0
     636:	06 c0       	rjmp	.+12     	; 0x644 <refresh_calculator_lcd+0x1e>
    {
        LCD_write_data(expr_buffer[i]);
     638:	fe 01       	movw	r30, r28
     63a:	ea 5f       	subi	r30, 0xFA	; 250
     63c:	fc 4f       	sbci	r31, 0xFC	; 252
     63e:	80 81       	ld	r24, Z
     640:	2e d4       	rcall	.+2140   	; 0xe9e <LCD_write_data>
{
    LCD_clear();
    
    // 1. 1~16번째 글자는 첫 번째 줄(row 0)에 출력
    LCD_goto_XY(0, 0);
    for (int i = 0; i < expr_idx && i < 16; i++)
     642:	21 96       	adiw	r28, 0x01	; 1
     644:	80 91 04 03 	lds	r24, 0x0304	; 0x800304 <expr_idx>
     648:	90 91 05 03 	lds	r25, 0x0305	; 0x800305 <expr_idx+0x1>
     64c:	c8 17       	cp	r28, r24
     64e:	d9 07       	cpc	r29, r25
     650:	1c f4       	brge	.+6      	; 0x658 <refresh_calculator_lcd+0x32>
     652:	c0 31       	cpi	r28, 0x10	; 16
     654:	d1 05       	cpc	r29, r1
     656:	84 f3       	brlt	.-32     	; 0x638 <refresh_calculator_lcd+0x12>
    {
        LCD_write_data(expr_buffer[i]);
    }
    
    // 2. 17번째 글자부터는 두 번째 줄(row 1)에 이어서 출력 (자동 줄바꿈)
    if (expr_idx > 16)
     658:	41 97       	sbiw	r24, 0x11	; 17
    {
        LCD_goto_XY(1, 0);
     65a:	b4 f0       	brlt	.+44     	; 0x688 <refresh_calculator_lcd+0x62>
     65c:	60 e0       	ldi	r22, 0x00	; 0
     65e:	81 e0       	ldi	r24, 0x01	; 1
     660:	c0 d4       	rcall	.+2432   	; 0xfe2 <LCD_goto_XY>
        for (int i = 16; i < expr_idx && i < MAX_EXPR_LEN; i++)
     662:	c0 e1       	ldi	r28, 0x10	; 16
     664:	d0 e0       	ldi	r29, 0x00	; 0
     666:	06 c0       	rjmp	.+12     	; 0x674 <refresh_calculator_lcd+0x4e>
        {
            LCD_write_data(expr_buffer[i]);
     668:	fe 01       	movw	r30, r28
     66a:	ea 5f       	subi	r30, 0xFA	; 250
     66c:	fc 4f       	sbci	r31, 0xFC	; 252
     66e:	80 81       	ld	r24, Z
     670:	16 d4       	rcall	.+2092   	; 0xe9e <LCD_write_data>
    
    // 2. 17번째 글자부터는 두 번째 줄(row 1)에 이어서 출력 (자동 줄바꿈)
    if (expr_idx > 16)
    {
        LCD_goto_XY(1, 0);
        for (int i = 16; i < expr_idx && i < MAX_EXPR_LEN; i++)
     672:	21 96       	adiw	r28, 0x01	; 1
     674:	80 91 04 03 	lds	r24, 0x0304	; 0x800304 <expr_idx>
     678:	90 91 05 03 	lds	r25, 0x0305	; 0x800305 <expr_idx+0x1>
     67c:	c8 17       	cp	r28, r24
     67e:	d9 07       	cpc	r29, r25
     680:	1c f4       	brge	.+6      	; 0x688 <refresh_calculator_lcd+0x62>
     682:	c8 32       	cpi	r28, 0x28	; 40
     684:	d1 05       	cpc	r29, r1
     686:	84 f3       	brlt	.-32     	; 0x668 <refresh_calculator_lcd+0x42>
        {
            LCD_write_data(expr_buffer[i]);
        }
    }
}
     688:	df 91       	pop	r29
     68a:	cf 91       	pop	r28
     68c:	08 95       	ret

0000068e <calculator_processing>:

/**
 * @brief 키패드 입력을 받아 계산기 기능을 수행하는 메인 프로세싱 함수
 */
void calculator_processing(uint8_t key)
{
     68e:	cf 92       	push	r12
     690:	df 92       	push	r13
     692:	ef 92       	push	r14
     694:	ff 92       	push	r15
     696:	0f 93       	push	r16
     698:	1f 93       	push	r17
     69a:	cf 93       	push	r28
     69c:	df 93       	push	r29
     69e:	cd b7       	in	r28, 0x3d	; 61
     6a0:	de b7       	in	r29, 0x3e	; 62
     6a2:	62 97       	sbiw	r28, 0x12	; 18
     6a4:	0f b6       	in	r0, 0x3f	; 63
     6a6:	f8 94       	cli
     6a8:	de bf       	out	0x3e, r29	; 62
     6aa:	0f be       	out	0x3f, r0	; 63
     6ac:	cd bf       	out	0x3d, r28	; 61
     6ae:	18 2f       	mov	r17, r24
    // [기능 1] 리셋/취소 버튼 ('C')
    if (key == 'C' || key == 'c') 
     6b0:	83 34       	cpi	r24, 0x43	; 67
     6b2:	11 f0       	breq	.+4      	; 0x6b8 <calculator_processing+0x2a>
     6b4:	83 36       	cpi	r24, 0x63	; 99
     6b6:	31 f4       	brne	.+12     	; 0x6c4 <calculator_processing+0x36>
    {
        clear_calculator_state();
     6b8:	a7 df       	rcall	.-178    	; 0x608 <clear_calculator_state>
        printf("\r[Calc] Reset\n");
     6ba:	81 e4       	ldi	r24, 0x41	; 65
     6bc:	91 e0       	ldi	r25, 0x01	; 1
     6be:	0e 94 b9 0b 	call	0x1772	; 0x1772 <puts>
        return;
     6c2:	b2 c0       	rjmp	.+356    	; 0x828 <calculator_processing+0x19a>
    }

    // [기능 2] 계산 완료 상태에서 새로운 키가 들어오면 화면 및 버퍼 초기화 후 입력 시작
    if (is_calculated)
     6c4:	80 91 03 03 	lds	r24, 0x0303	; 0x800303 <is_calculated>
    {
        clear_calculator_state();
     6c8:	81 11       	cpse	r24, r1
     6ca:	9e df       	rcall	.-196    	; 0x608 <clear_calculator_state>
    }

    // [기능 3] 백스페이스 버튼 ('B')
    if (key == 'B' || key == 'b') 
     6cc:	12 34       	cpi	r17, 0x42	; 66
     6ce:	11 f0       	breq	.+4      	; 0x6d4 <calculator_processing+0x46>
     6d0:	12 36       	cpi	r17, 0x62	; 98
     6d2:	09 f5       	brne	.+66     	; 0x716 <calculator_processing+0x88>
    {
        if (expr_idx > 0) 
     6d4:	80 91 04 03 	lds	r24, 0x0304	; 0x800304 <expr_idx>
     6d8:	90 91 05 03 	lds	r25, 0x0305	; 0x800305 <expr_idx+0x1>
     6dc:	18 16       	cp	r1, r24
     6de:	19 06       	cpc	r1, r25
     6e0:	0c f0       	brlt	.+2      	; 0x6e4 <calculator_processing+0x56>
     6e2:	a2 c0       	rjmp	.+324    	; 0x828 <calculator_processing+0x19a>
        {
            expr_idx--;
     6e4:	01 97       	sbiw	r24, 0x01	; 1
     6e6:	90 93 05 03 	sts	0x0305, r25	; 0x800305 <expr_idx+0x1>
     6ea:	80 93 04 03 	sts	0x0304, r24	; 0x800304 <expr_idx>
            expr_buffer[expr_idx] = '\0';
     6ee:	06 e0       	ldi	r16, 0x06	; 6
     6f0:	13 e0       	ldi	r17, 0x03	; 3
     6f2:	fc 01       	movw	r30, r24
     6f4:	ea 5f       	subi	r30, 0xFA	; 250
     6f6:	fc 4f       	sbci	r31, 0xFC	; 252
            refresh_calculator_lcd(); 
     6f8:	10 82       	st	Z, r1
     6fa:	95 df       	rcall	.-214    	; 0x626 <refresh_calculator_lcd>
            printf("\r[Calc] BS. Current: %s\n", expr_buffer);
     6fc:	1f 93       	push	r17
     6fe:	0f 93       	push	r16
     700:	8f e4       	ldi	r24, 0x4F	; 79
     702:	91 e0       	ldi	r25, 0x01	; 1
     704:	9f 93       	push	r25
     706:	8f 93       	push	r24
     708:	0e 94 a1 0b 	call	0x1742	; 0x1742 <printf>
     70c:	0f 90       	pop	r0
     70e:	0f 90       	pop	r0
     710:	0f 90       	pop	r0
     712:	0f 90       	pop	r0
     714:	89 c0       	rjmp	.+274    	; 0x828 <calculator_processing+0x19a>
        }
        return;
    }

    // [기능 4] 일반 입력 문자 처리 (숫자, 사칙연산자, 괄호)
    if ((key >= '0' && key <= '9') || key == '+' || key == '-' || 
     716:	80 ed       	ldi	r24, 0xD0	; 208
     718:	81 0f       	add	r24, r17
     71a:	8a 30       	cpi	r24, 0x0A	; 10
     71c:	60 f0       	brcs	.+24     	; 0x736 <calculator_processing+0xa8>
     71e:	1b 32       	cpi	r17, 0x2B	; 43
     720:	51 f0       	breq	.+20     	; 0x736 <calculator_processing+0xa8>
     722:	1d 32       	cpi	r17, 0x2D	; 45
     724:	41 f0       	breq	.+16     	; 0x736 <calculator_processing+0xa8>
     726:	1a 32       	cpi	r17, 0x2A	; 42
     728:	31 f0       	breq	.+12     	; 0x736 <calculator_processing+0xa8>
        key == '*' || key == '/' || key == '(' || key == ')')
     72a:	1f 32       	cpi	r17, 0x2F	; 47
     72c:	21 f0       	breq	.+8      	; 0x736 <calculator_processing+0xa8>
     72e:	18 32       	cpi	r17, 0x28	; 40
     730:	11 f0       	breq	.+4      	; 0x736 <calculator_processing+0xa8>
     732:	19 32       	cpi	r17, 0x29	; 41
     734:	e1 f4       	brne	.+56     	; 0x76e <calculator_processing+0xe0>
    {
        if (expr_idx < MAX_EXPR_LEN - 1)
     736:	80 91 04 03 	lds	r24, 0x0304	; 0x800304 <expr_idx>
     73a:	90 91 05 03 	lds	r25, 0x0305	; 0x800305 <expr_idx+0x1>
     73e:	87 32       	cpi	r24, 0x27	; 39
     740:	91 05       	cpc	r25, r1
     742:	0c f0       	brlt	.+2      	; 0x746 <calculator_processing+0xb8>
     744:	71 c0       	rjmp	.+226    	; 0x828 <calculator_processing+0x19a>
        {
            expr_buffer[expr_idx++] = key;
     746:	9c 01       	movw	r18, r24
     748:	2f 5f       	subi	r18, 0xFF	; 255
     74a:	3f 4f       	sbci	r19, 0xFF	; 255
     74c:	30 93 05 03 	sts	0x0305, r19	; 0x800305 <expr_idx+0x1>
     750:	20 93 04 03 	sts	0x0304, r18	; 0x800304 <expr_idx>
     754:	fc 01       	movw	r30, r24
     756:	ea 5f       	subi	r30, 0xFA	; 250
     758:	fc 4f       	sbci	r31, 0xFC	; 252
     75a:	10 83       	st	Z, r17
            expr_buffer[expr_idx] = '\0';
     75c:	f9 01       	movw	r30, r18
     75e:	ea 5f       	subi	r30, 0xFA	; 250
     760:	fc 4f       	sbci	r31, 0xFC	; 252
            
            refresh_calculator_lcd(); // 실시간 글자수 체크 및 줄바꿈 반영
     762:	10 82       	st	Z, r1
            printf("%c", key);
     764:	60 df       	rcall	.-320    	; 0x626 <refresh_calculator_lcd>
     766:	81 2f       	mov	r24, r17
     768:	90 e0       	ldi	r25, 0x00	; 0
     76a:	fe d7       	rcall	.+4092   	; 0x1768 <putchar>
     76c:	5d c0       	rjmp	.+186    	; 0x828 <calculator_processing+0x19a>
        }
    }
    // [기능 5] 결과 산출 버튼 '='
    else if (key == '=')
     76e:	1d 33       	cpi	r17, 0x3D	; 61
     770:	09 f0       	breq	.+2      	; 0x774 <calculator_processing+0xe6>
    {
        printf("=\n");
     772:	5a c0       	rjmp	.+180    	; 0x828 <calculator_processing+0x19a>
     774:	88 e6       	ldi	r24, 0x68	; 104
     776:	91 e0       	ldi	r25, 0x01	; 1

        // 1. 괄호 쌍 유효성 검사
        if (!check_parentheses(expr_buffer))
     778:	fc d7       	rcall	.+4088   	; 0x1772 <puts>
     77a:	86 e0       	ldi	r24, 0x06	; 6
     77c:	93 e0       	ldi	r25, 0x03	; 3
     77e:	ea dc       	rcall	.-1580   	; 0x154 <check_parentheses>
        {
            LCD_clear();
     780:	89 2b       	or	r24, r25
            LCD_goto_XY(0, 0);
     782:	71 f4       	brne	.+28     	; 0x7a0 <calculator_processing+0x112>
     784:	d5 d3       	rcall	.+1962   	; 0xf30 <LCD_clear>
     786:	60 e0       	ldi	r22, 0x00	; 0
            LCD_write_string("Error: Parentheses");
     788:	80 e0       	ldi	r24, 0x00	; 0
     78a:	2b d4       	rcall	.+2134   	; 0xfe2 <LCD_goto_XY>
     78c:	8a e6       	ldi	r24, 0x6A	; 106
     78e:	91 e0       	ldi	r25, 0x01	; 1
            printf(" Error: Parentheses Mismatch\r\n");
     790:	16 d4       	rcall	.+2092   	; 0xfbe <LCD_write_string>
     792:	8d e7       	ldi	r24, 0x7D	; 125
     794:	91 e0       	ldi	r25, 0x01	; 1
     796:	ed d7       	rcall	.+4058   	; 0x1772 <puts>
            is_calculated = 1; 
     798:	81 e0       	ldi	r24, 0x01	; 1
     79a:	80 93 03 03 	sts	0x0303, r24	; 0x800303 <is_calculated>
     79e:	44 c0       	rjmp	.+136    	; 0x828 <calculator_processing+0x19a>
            return;
        }

        // 2. 수식 연산 엔진 구동
        int valid = 1;
     7a0:	81 e0       	ldi	r24, 0x01	; 1
     7a2:	90 e0       	ldi	r25, 0x00	; 0
     7a4:	9a 8b       	std	Y+18, r25	; 0x12
        int32_t result = eval_expression(expr_buffer, &valid);
     7a6:	89 8b       	std	Y+17, r24	; 0x11
     7a8:	be 01       	movw	r22, r28
     7aa:	6f 5e       	subi	r22, 0xEF	; 239
     7ac:	7f 4f       	sbci	r23, 0xFF	; 255
     7ae:	86 e0       	ldi	r24, 0x06	; 6
     7b0:	93 e0       	ldi	r25, 0x03	; 3
     7b2:	52 dd       	rcall	.-1372   	; 0x258 <eval_expression>
     7b4:	16 2f       	mov	r17, r22

        // 3. 결과 출력을 위한 화면 정리 및 출력
        LCD_clear();
     7b6:	07 2f       	mov	r16, r23
        LCD_goto_XY(0, 0);
     7b8:	f8 2e       	mov	r15, r24
     7ba:	e9 2e       	mov	r14, r25
     7bc:	b9 d3       	rcall	.+1906   	; 0xf30 <LCD_clear>
     7be:	60 e0       	ldi	r22, 0x00	; 0
        LCD_write_string("Result:");
     7c0:	80 e0       	ldi	r24, 0x00	; 0
     7c2:	0f d4       	rcall	.+2078   	; 0xfe2 <LCD_goto_XY>
     7c4:	8b e9       	ldi	r24, 0x9B	; 155

        LCD_goto_XY(1, 0);
     7c6:	91 e0       	ldi	r25, 0x01	; 1
     7c8:	fa d3       	rcall	.+2036   	; 0xfbe <LCD_write_string>
     7ca:	60 e0       	ldi	r22, 0x00	; 0
     7cc:	81 e0       	ldi	r24, 0x01	; 1
        if (!valid)
     7ce:	09 d4       	rcall	.+2066   	; 0xfe2 <LCD_goto_XY>
     7d0:	89 89       	ldd	r24, Y+17	; 0x11
     7d2:	9a 89       	ldd	r25, Y+18	; 0x12
     7d4:	89 2b       	or	r24, r25
        {
            LCD_write_string("Error: Div by 0");
     7d6:	39 f4       	brne	.+14     	; 0x7e6 <calculator_processing+0x158>
     7d8:	83 ea       	ldi	r24, 0xA3	; 163
     7da:	91 e0       	ldi	r25, 0x01	; 1
     7dc:	f0 d3       	rcall	.+2016   	; 0xfbe <LCD_write_string>
            printf(" Error: Division By Zero\r\n");
     7de:	83 eb       	ldi	r24, 0xB3	; 179
     7e0:	91 e0       	ldi	r25, 0x01	; 1
     7e2:	c7 d7       	rcall	.+3982   	; 0x1772 <puts>
     7e4:	1e c0       	rjmp	.+60     	; 0x822 <calculator_processing+0x194>
        }
        else
        {
            char result_str[16];
            sprintf(result_str, "%ld", result);
     7e6:	ef 92       	push	r14
     7e8:	ff 92       	push	r15
     7ea:	0f 93       	push	r16
     7ec:	1f 93       	push	r17
     7ee:	8d ec       	ldi	r24, 0xCD	; 205
     7f0:	91 e0       	ldi	r25, 0x01	; 1
     7f2:	9f 93       	push	r25
     7f4:	8f 93       	push	r24
     7f6:	ce 01       	movw	r24, r28
     7f8:	01 96       	adiw	r24, 0x01	; 1
     7fa:	6c 01       	movw	r12, r24
     7fc:	9f 93       	push	r25
     7fe:	8f 93       	push	r24
            LCD_write_string(result_str);
     800:	e8 d7       	rcall	.+4048   	; 0x17d2 <sprintf>
     802:	c6 01       	movw	r24, r12
     804:	dc d3       	rcall	.+1976   	; 0xfbe <LCD_write_string>
            printf("Ans: %ld\r\n", result);
     806:	ef 92       	push	r14
     808:	ff 92       	push	r15
     80a:	0f 93       	push	r16
     80c:	1f 93       	push	r17
     80e:	81 ed       	ldi	r24, 0xD1	; 209
     810:	91 e0       	ldi	r25, 0x01	; 1
     812:	9f 93       	push	r25
     814:	8f 93       	push	r24
     816:	95 d7       	rcall	.+3882   	; 0x1742 <printf>
     818:	0f b6       	in	r0, 0x3f	; 63
     81a:	f8 94       	cli
     81c:	de bf       	out	0x3e, r29	; 62
     81e:	0f be       	out	0x3f, r0	; 63
     820:	cd bf       	out	0x3d, r28	; 61
     822:	81 e0       	ldi	r24, 0x01	; 1
        }

        is_calculated = 1; // 연산 완료 상태 마킹
     824:	80 93 03 03 	sts	0x0303, r24	; 0x800303 <is_calculated>
     828:	62 96       	adiw	r28, 0x12	; 18
    }
}
     82a:	0f b6       	in	r0, 0x3f	; 63
     82c:	f8 94       	cli
     82e:	de bf       	out	0x3e, r29	; 62
     830:	0f be       	out	0x3f, r0	; 63
     832:	cd bf       	out	0x3d, r28	; 61
     834:	df 91       	pop	r29
     836:	cf 91       	pop	r28
     838:	1f 91       	pop	r17
     83a:	0f 91       	pop	r16
     83c:	ff 90       	pop	r15
     83e:	ef 90       	pop	r14
     840:	df 90       	pop	r13
     842:	cf 90       	pop	r12
     844:	08 95       	ret

00000846 <cal_main>:
     846:	cf 92       	push	r12
 * @param idle_cnt main.c의 무입력 타이머 카운터 포인터
 * @param timeout_max 제한 시간 (60000ms)
 * @param mode_var 현재 시스템 모드 변수 포인터 (타임아웃 시 시계로 변경용)
 */
void cal_main(uint32_t *cnt, uint32_t timeout, int* program_stat)
{
     848:	df 92       	push	r13
     84a:	ef 92       	push	r14
     84c:	ff 92       	push	r15
     84e:	0f 93       	push	r16
     850:	1f 93       	push	r17
     852:	cf 93       	push	r28
     854:	df 93       	push	r29
     856:	ec 01       	movw	r28, r24
     858:	6a 01       	movw	r12, r20
     85a:	7b 01       	movw	r14, r22
     85c:	89 01       	movw	r16, r18
	printf("CAL_MAIN\n");
     85e:	8c ed       	ldi	r24, 0xDC	; 220
     860:	91 e0       	ldi	r25, 0x01	; 1
     862:	87 d7       	rcall	.+3854   	; 0x1772 <puts>
	printf("CAL_MAIN state=%d idle=%lu\n", *program_stat, *cnt);
     864:	8b 81       	ldd	r24, Y+3	; 0x03
     866:	8f 93       	push	r24
     868:	8a 81       	ldd	r24, Y+2	; 0x02
     86a:	8f 93       	push	r24
     86c:	89 81       	ldd	r24, Y+1	; 0x01
     86e:	8f 93       	push	r24
     870:	88 81       	ld	r24, Y
     872:	8f 93       	push	r24
     874:	f8 01       	movw	r30, r16
     876:	81 81       	ldd	r24, Z+1	; 0x01
     878:	8f 93       	push	r24
     87a:	80 81       	ld	r24, Z
     87c:	8f 93       	push	r24
     87e:	85 ee       	ldi	r24, 0xE5	; 229
     880:	91 e0       	ldi	r25, 0x01	; 1
     882:	9f 93       	push	r25
     884:	8f 93       	push	r24
     886:	5d d7       	rcall	.+3770   	; 0x1742 <printf>
    static uint8_t l_btn0 = 0, l_btn1 = 0, l_btn2 = 0, l_btn3 = 0;
	
    // 1. 1분간 무입력 타임아웃 검사
    if (*cnt >= timeout)
     888:	88 81       	ld	r24, Y
     88a:	99 81       	ldd	r25, Y+1	; 0x01
     88c:	aa 81       	ldd	r26, Y+2	; 0x02
     88e:	bb 81       	ldd	r27, Y+3	; 0x03
     890:	2d b7       	in	r18, 0x3d	; 61
     892:	3e b7       	in	r19, 0x3e	; 62
     894:	28 5f       	subi	r18, 0xF8	; 248
     896:	3f 4f       	sbci	r19, 0xFF	; 255
     898:	0f b6       	in	r0, 0x3f	; 63
     89a:	f8 94       	cli
     89c:	3e bf       	out	0x3e, r19	; 62
     89e:	0f be       	out	0x3f, r0	; 63
     8a0:	2d bf       	out	0x3d, r18	; 61
     8a2:	8c 15       	cp	r24, r12
     8a4:	9d 05       	cpc	r25, r13
     8a6:	ae 05       	cpc	r26, r14
     8a8:	bf 05       	cpc	r27, r15
     8aa:	40 f0       	brcs	.+16     	; 0x8bc <cal_main+0x76>
    {
        *program_stat = RTC_CLOCK; // MODE_CLOCK (0)으로 복귀
     8ac:	f8 01       	movw	r30, r16
     8ae:	11 82       	std	Z+1, r1	; 0x01
        LCD_clear();
     8b0:	10 82       	st	Z, r1
     8b2:	3e d3       	rcall	.+1660   	; 0xf30 <LCD_clear>
        printf("\r\n[Timeout! Back to Clock Mode]\r\n");
     8b4:	81 e0       	ldi	r24, 0x01	; 1
     8b6:	92 e0       	ldi	r25, 0x02	; 2
     8b8:	5c d7       	rcall	.+3768   	; 0x1772 <puts>
        return;
     8ba:	5c c0       	rjmp	.+184    	; 0x974 <cal_main+0x12e>
    }

    // 2. 상단 독립 기능 버튼 스캔 (C, B, (, ) 처리)
    uint8_t btn0 = get_button(BUTTON0, BUTTON0PIN);
     8bc:	63 e0       	ldi	r22, 0x03	; 3
     8be:	70 e0       	ldi	r23, 0x00	; 0
     8c0:	80 e0       	ldi	r24, 0x00	; 0
     8c2:	90 e0       	ldi	r25, 0x00	; 0
     8c4:	09 dc       	rcall	.-2030   	; 0xd8 <get_button>
     8c6:	e8 2e       	mov	r14, r24
    uint8_t btn1 = get_button(BUTTON1, BUTTON1PIN);
     8c8:	64 e0       	ldi	r22, 0x04	; 4
     8ca:	70 e0       	ldi	r23, 0x00	; 0
     8cc:	81 e0       	ldi	r24, 0x01	; 1
     8ce:	90 e0       	ldi	r25, 0x00	; 0
     8d0:	03 dc       	rcall	.-2042   	; 0xd8 <get_button>
     8d2:	f8 2e       	mov	r15, r24
    uint8_t btn2 = get_button(BUTTON2, BUTTON2PIN);
     8d4:	65 e0       	ldi	r22, 0x05	; 5
     8d6:	70 e0       	ldi	r23, 0x00	; 0
     8d8:	82 e0       	ldi	r24, 0x02	; 2
     8da:	90 e0       	ldi	r25, 0x00	; 0
     8dc:	fd db       	rcall	.-2054   	; 0xd8 <get_button>
     8de:	08 2f       	mov	r16, r24
    uint8_t btn3 = get_button(BUTTON3, BUTTON3PIN);
     8e0:	66 e0       	ldi	r22, 0x06	; 6
     8e2:	70 e0       	ldi	r23, 0x00	; 0
     8e4:	83 e0       	ldi	r24, 0x03	; 3
     8e6:	90 e0       	ldi	r25, 0x00	; 0
     8e8:	f7 db       	rcall	.-2066   	; 0xd8 <get_button>
     8ea:	18 2f       	mov	r17, r24
     8ec:	ee 20       	and	r14, r14

    if (btn0 && !l_btn0) { calculator_processing('C'); *cnt = 0; }
     8ee:	51 f0       	breq	.+20     	; 0x904 <cal_main+0xbe>
     8f0:	80 91 02 03 	lds	r24, 0x0302	; 0x800302 <l_btn0.2403>
     8f4:	81 11       	cpse	r24, r1
     8f6:	06 c0       	rjmp	.+12     	; 0x904 <cal_main+0xbe>
     8f8:	83 e4       	ldi	r24, 0x43	; 67
     8fa:	c9 de       	rcall	.-622    	; 0x68e <calculator_processing>
     8fc:	18 82       	st	Y, r1
     8fe:	19 82       	std	Y+1, r1	; 0x01
     900:	1a 82       	std	Y+2, r1	; 0x02
     902:	1b 82       	std	Y+3, r1	; 0x03
    if (btn1 && !l_btn1) { calculator_processing('B'); *cnt = 0; }
     904:	ff 20       	and	r15, r15
     906:	51 f0       	breq	.+20     	; 0x91c <cal_main+0xd6>
     908:	80 91 01 03 	lds	r24, 0x0301	; 0x800301 <l_btn1.2404>
     90c:	81 11       	cpse	r24, r1
     90e:	06 c0       	rjmp	.+12     	; 0x91c <cal_main+0xd6>
     910:	82 e4       	ldi	r24, 0x42	; 66
     912:	bd de       	rcall	.-646    	; 0x68e <calculator_processing>
     914:	18 82       	st	Y, r1
     916:	19 82       	std	Y+1, r1	; 0x01
     918:	1a 82       	std	Y+2, r1	; 0x02
     91a:	1b 82       	std	Y+3, r1	; 0x03
    if (btn2 && !l_btn2) { calculator_processing('('); *cnt = 0; }
     91c:	00 23       	and	r16, r16
     91e:	51 f0       	breq	.+20     	; 0x934 <cal_main+0xee>
     920:	80 91 00 03 	lds	r24, 0x0300	; 0x800300 <l_btn2.2405>
     924:	81 11       	cpse	r24, r1
     926:	06 c0       	rjmp	.+12     	; 0x934 <cal_main+0xee>
     928:	88 e2       	ldi	r24, 0x28	; 40
     92a:	b1 de       	rcall	.-670    	; 0x68e <calculator_processing>
     92c:	18 82       	st	Y, r1
     92e:	19 82       	std	Y+1, r1	; 0x01
     930:	1a 82       	std	Y+2, r1	; 0x02
     932:	1b 82       	std	Y+3, r1	; 0x03
    if (btn3 && !l_btn3) { calculator_processing(')'); *cnt = 0; }
     934:	11 23       	and	r17, r17
     936:	51 f0       	breq	.+20     	; 0x94c <cal_main+0x106>
     938:	80 91 ff 02 	lds	r24, 0x02FF	; 0x8002ff <l_btn3.2406>
     93c:	81 11       	cpse	r24, r1
     93e:	06 c0       	rjmp	.+12     	; 0x94c <cal_main+0x106>
     940:	89 e2       	ldi	r24, 0x29	; 41
     942:	a5 de       	rcall	.-694    	; 0x68e <calculator_processing>
     944:	18 82       	st	Y, r1
     946:	19 82       	std	Y+1, r1	; 0x01
     948:	1a 82       	std	Y+2, r1	; 0x02
     94a:	1b 82       	std	Y+3, r1	; 0x03

    l_btn0 = btn0; l_btn1 = btn1; l_btn2 = btn2; l_btn3 = btn3;
     94c:	e0 92 02 03 	sts	0x0302, r14	; 0x800302 <l_btn0.2403>
     950:	f0 92 01 03 	sts	0x0301, r15	; 0x800301 <l_btn1.2404>
     954:	00 93 00 03 	sts	0x0300, r16	; 0x800300 <l_btn2.2405>

    // 3. 키패드 매트릭스로부터 큐에 쌓인 입력 데이터가 있는지 검사
	if (!is_queue_empty())
     958:	10 93 ff 02 	sts	0x02FF, r17	; 0x8002ff <l_btn3.2406>
     95c:	14 d5       	rcall	.+2600   	; 0x1386 <is_queue_empty>
	{
		uint8_t key = delete_queue();
     95e:	81 11       	cpse	r24, r1
     960:	09 c0       	rjmp	.+18     	; 0x974 <cal_main+0x12e>
     962:	f8 d4       	rcall	.+2544   	; 0x1354 <delete_queue>
		*cnt = 0;
     964:	18 2f       	mov	r17, r24
     966:	18 82       	st	Y, r1
     968:	19 82       	std	Y+1, r1	; 0x01
     96a:	1a 82       	std	Y+2, r1	; 0x02
		
		buzzer_beep();              // 키패드 입력이 버퍼에서 처리될 때 부저 가동!
     96c:	1b 82       	std	Y+3, r1	; 0x03
     96e:	6b d2       	rcall	.+1238   	; 0xe46 <buzzer_beep>
		
		calculator_processing(key);
     970:	81 2f       	mov	r24, r17
     972:	8d de       	rcall	.-742    	; 0x68e <calculator_processing>
     974:	df 91       	pop	r29
	}
     976:	cf 91       	pop	r28
     978:	1f 91       	pop	r17
     97a:	0f 91       	pop	r16
     97c:	ff 90       	pop	r15
     97e:	ef 90       	pop	r14
     980:	df 90       	pop	r13
     982:	cf 90       	pop	r12
     984:	08 95       	ret

00000986 <init_date_time>:
	"MIN",   // CHG_MIN
	"SEC"    // CHG_SEC
};

// 이 init을 comport master로 처리하라.
void init_date_time(t_ds1307* ds1307) {
     986:	fc 01       	movw	r30, r24
	ds1307->year = 26;
     988:	9a e1       	ldi	r25, 0x1A	; 26
     98a:	96 83       	std	Z+6, r25	; 0x06
	ds1307->month = 6;
     98c:	86 e0       	ldi	r24, 0x06	; 6
     98e:	84 83       	std	Z+4, r24	; 0x04
	ds1307->date = 26;
     990:	93 83       	std	Z+3, r25	; 0x03
	ds1307->dayofweek = 6; // Fri
     992:	85 83       	std	Z+5, r24	; 0x05
	ds1307->hours = 15;
     994:	8f e0       	ldi	r24, 0x0F	; 15
     996:	82 83       	std	Z+2, r24	; 0x02
	ds1307->minutes = 20;
     998:	84 e1       	ldi	r24, 0x14	; 20
     99a:	81 83       	std	Z+1, r24	; 0x01
	ds1307->seconds = 0;
     99c:	10 82       	st	Z, r1
     99e:	08 95       	ret

000009a0 <bcd2dec>:
// * 10
// 26
uint8_t bcd2dec(uint8_t data) {
	uint8_t high, low;
	
	low = data & 0x0f;
     9a0:	38 2f       	mov	r19, r24
     9a2:	3f 70       	andi	r19, 0x0F	; 15
	high = (data >> 4) * 10;
     9a4:	98 2f       	mov	r25, r24
     9a6:	92 95       	swap	r25
     9a8:	9f 70       	andi	r25, 0x0F	; 15
     9aa:	99 0f       	add	r25, r25
     9ac:	29 2f       	mov	r18, r25
     9ae:	22 0f       	add	r18, r18
     9b0:	22 0f       	add	r18, r18
     9b2:	89 2f       	mov	r24, r25
     9b4:	82 0f       	add	r24, r18
	
	return (high+low);
}
     9b6:	83 0f       	add	r24, r19
     9b8:	08 95       	ret

000009ba <dec2bcd>:
// dec 00011001
// bcd 00100101
uint8_t dec2bcd(uint8_t data) {
	uint8_t high, low;
	
	high = (data / 10) << 4; // high nibble에 위치
     9ba:	9d ec       	ldi	r25, 0xCD	; 205
     9bc:	89 9f       	mul	r24, r25
     9be:	91 2d       	mov	r25, r1
     9c0:	11 24       	eor	r1, r1
     9c2:	96 95       	lsr	r25
     9c4:	96 95       	lsr	r25
     9c6:	96 95       	lsr	r25
	low = data % 10;
     9c8:	39 2f       	mov	r19, r25
     9ca:	33 0f       	add	r19, r19
     9cc:	23 2f       	mov	r18, r19
     9ce:	22 0f       	add	r18, r18
     9d0:	22 0f       	add	r18, r18
     9d2:	23 0f       	add	r18, r19
     9d4:	82 1b       	sub	r24, r18
	
	return (high + low);
}
     9d6:	30 e1       	ldi	r19, 0x10	; 16
     9d8:	93 9f       	mul	r25, r19
     9da:	80 0d       	add	r24, r0
     9dc:	11 24       	eor	r1, r1
     9de:	08 95       	ret

000009e0 <write_DS1307>:

void write_DS1307(t_ds1307* ds1307)
{
     9e0:	0f 93       	push	r16
     9e2:	1f 93       	push	r17
     9e4:	cf 93       	push	r28
     9e6:	df 93       	push	r29
     9e8:	cd b7       	in	r28, 0x3d	; 61
     9ea:	de b7       	in	r29, 0x3e	; 62
     9ec:	27 97       	sbiw	r28, 0x07	; 7
     9ee:	0f b6       	in	r0, 0x3f	; 63
     9f0:	f8 94       	cli
     9f2:	de bf       	out	0x3e, r29	; 62
     9f4:	0f be       	out	0x3f, r0	; 63
     9f6:	cd bf       	out	0x3d, r28	; 61
     9f8:	8c 01       	movw	r16, r24
	uint8_t tx_data[7] = {
		dec2bcd(ds1307->seconds) & 0x7F,  // bit7 = CH(clock halt) 반드시 0
     9fa:	fc 01       	movw	r30, r24
     9fc:	80 81       	ld	r24, Z
     9fe:	dd df       	rcall	.-70     	; 0x9ba <dec2bcd>
	return (high + low);
}

void write_DS1307(t_ds1307* ds1307)
{
	uint8_t tx_data[7] = {
     a00:	8f 77       	andi	r24, 0x7F	; 127
     a02:	89 83       	std	Y+1, r24	; 0x01
		dec2bcd(ds1307->seconds) & 0x7F,  // bit7 = CH(clock halt) 반드시 0
		dec2bcd(ds1307->minutes),
     a04:	f8 01       	movw	r30, r16
     a06:	81 81       	ldd	r24, Z+1	; 0x01
     a08:	d8 df       	rcall	.-80     	; 0x9ba <dec2bcd>
	return (high + low);
}

void write_DS1307(t_ds1307* ds1307)
{
	uint8_t tx_data[7] = {
     a0a:	8a 83       	std	Y+2, r24	; 0x02
		dec2bcd(ds1307->seconds) & 0x7F,  // bit7 = CH(clock halt) 반드시 0
		dec2bcd(ds1307->minutes),
		dec2bcd(ds1307->hours) & 0x3F,    // bit6=0 : 24시간 모드 고정
     a0c:	f8 01       	movw	r30, r16
     a0e:	82 81       	ldd	r24, Z+2	; 0x02
     a10:	d4 df       	rcall	.-88     	; 0x9ba <dec2bcd>
	return (high + low);
}

void write_DS1307(t_ds1307* ds1307)
{
	uint8_t tx_data[7] = {
     a12:	8f 73       	andi	r24, 0x3F	; 63
		dec2bcd(ds1307->seconds) & 0x7F,  // bit7 = CH(clock halt) 반드시 0
		dec2bcd(ds1307->minutes),
		dec2bcd(ds1307->hours) & 0x3F,    // bit6=0 : 24시간 모드 고정
		dec2bcd(ds1307->dayofweek),
     a14:	8b 83       	std	Y+3, r24	; 0x03
     a16:	f8 01       	movw	r30, r16
     a18:	85 81       	ldd	r24, Z+5	; 0x05
	return (high + low);
}

void write_DS1307(t_ds1307* ds1307)
{
	uint8_t tx_data[7] = {
     a1a:	cf df       	rcall	.-98     	; 0x9ba <dec2bcd>
		dec2bcd(ds1307->seconds) & 0x7F,  // bit7 = CH(clock halt) 반드시 0
		dec2bcd(ds1307->minutes),
		dec2bcd(ds1307->hours) & 0x3F,    // bit6=0 : 24시간 모드 고정
		dec2bcd(ds1307->dayofweek),
		dec2bcd(ds1307->date),
     a1c:	8c 83       	std	Y+4, r24	; 0x04
     a1e:	f8 01       	movw	r30, r16
     a20:	83 81       	ldd	r24, Z+3	; 0x03
	return (high + low);
}

void write_DS1307(t_ds1307* ds1307)
{
	uint8_t tx_data[7] = {
     a22:	cb df       	rcall	.-106    	; 0x9ba <dec2bcd>
		dec2bcd(ds1307->seconds) & 0x7F,  // bit7 = CH(clock halt) 반드시 0
		dec2bcd(ds1307->minutes),
		dec2bcd(ds1307->hours) & 0x3F,    // bit6=0 : 24시간 모드 고정
		dec2bcd(ds1307->dayofweek),
		dec2bcd(ds1307->date),
		dec2bcd(ds1307->month),
     a24:	8d 83       	std	Y+5, r24	; 0x05
     a26:	f8 01       	movw	r30, r16
     a28:	84 81       	ldd	r24, Z+4	; 0x04
	return (high + low);
}

void write_DS1307(t_ds1307* ds1307)
{
	uint8_t tx_data[7] = {
     a2a:	c7 df       	rcall	.-114    	; 0x9ba <dec2bcd>
		dec2bcd(ds1307->minutes),
		dec2bcd(ds1307->hours) & 0x3F,    // bit6=0 : 24시간 모드 고정
		dec2bcd(ds1307->dayofweek),
		dec2bcd(ds1307->date),
		dec2bcd(ds1307->month),
		dec2bcd(ds1307->year)
     a2c:	8e 83       	std	Y+6, r24	; 0x06
     a2e:	f8 01       	movw	r30, r16
	return (high + low);
}

void write_DS1307(t_ds1307* ds1307)
{
	uint8_t tx_data[7] = {
     a30:	86 81       	ldd	r24, Z+6	; 0x06
		dec2bcd(ds1307->date),
		dec2bcd(ds1307->month),
		dec2bcd(ds1307->year)
	};

	i2c_start();
     a32:	c3 df       	rcall	.-122    	; 0x9ba <dec2bcd>
     a34:	8f 83       	std	Y+7, r24	; 0x07
	i2c_slave_addr_send((SLAVE_ADDR << 1) | 0);   // SLA+W
     a36:	15 d1       	rcall	.+554    	; 0xc62 <i2c_start>
     a38:	80 ed       	ldi	r24, 0xD0	; 208
     a3a:	23 d1       	rcall	.+582    	; 0xc82 <i2c_slave_addr_send>
	i2c_data_write(0x00);                         // Seconds 레지스터부터 시작
     a3c:	80 e0       	ldi	r24, 0x00	; 0
     a3e:	2b d1       	rcall	.+598    	; 0xc96 <i2c_data_write>
     a40:	00 e0       	ldi	r16, 0x00	; 0
	for (int i = 0; i < 7; i++)
     a42:	10 e0       	ldi	r17, 0x00	; 0
     a44:	0a c0       	rjmp	.+20     	; 0xa5a <write_DS1307+0x7a>
		i2c_data_write(tx_data[i]);
     a46:	e1 e0       	ldi	r30, 0x01	; 1
     a48:	f0 e0       	ldi	r31, 0x00	; 0
     a4a:	ec 0f       	add	r30, r28
     a4c:	fd 1f       	adc	r31, r29
     a4e:	e0 0f       	add	r30, r16
     a50:	f1 1f       	adc	r31, r17
     a52:	80 81       	ld	r24, Z
     a54:	20 d1       	rcall	.+576    	; 0xc96 <i2c_data_write>
	};

	i2c_start();
	i2c_slave_addr_send((SLAVE_ADDR << 1) | 0);   // SLA+W
	i2c_data_write(0x00);                         // Seconds 레지스터부터 시작
	for (int i = 0; i < 7; i++)
     a56:	0f 5f       	subi	r16, 0xFF	; 255
     a58:	1f 4f       	sbci	r17, 0xFF	; 255
     a5a:	07 30       	cpi	r16, 0x07	; 7
     a5c:	11 05       	cpc	r17, r1
     a5e:	9c f3       	brlt	.-26     	; 0xa46 <write_DS1307+0x66>
		i2c_data_write(tx_data[i]);
	i2c_stop();
     a60:	08 d1       	rcall	.+528    	; 0xc72 <i2c_stop>
     a62:	27 96       	adiw	r28, 0x07	; 7
}
     a64:	0f b6       	in	r0, 0x3f	; 63
     a66:	f8 94       	cli
     a68:	de bf       	out	0x3e, r29	; 62
     a6a:	0f be       	out	0x3f, r0	; 63
     a6c:	cd bf       	out	0x3d, r28	; 61
     a6e:	df 91       	pop	r29
     a70:	cf 91       	pop	r28
     a72:	1f 91       	pop	r17
     a74:	0f 91       	pop	r16
     a76:	08 95       	ret

00000a78 <read_DS1307>:
     a78:	cf 93       	push	r28

void read_DS1307(t_ds1307* ds1307)
{
     a7a:	df 93       	push	r29
     a7c:	ec 01       	movw	r28, r24
	i2c_start();
     a7e:	f1 d0       	rcall	.+482    	; 0xc62 <i2c_start>
	i2c_slave_addr_send((SLAVE_ADDR << 1) | 0);   // SLA+W (포인터 세팅용)
     a80:	80 ed       	ldi	r24, 0xD0	; 208
     a82:	ff d0       	rcall	.+510    	; 0xc82 <i2c_slave_addr_send>
	i2c_data_write(0x00);                         // 읽을 시작 주소 지정   >>  이걸 놓친 것
     a84:	80 e0       	ldi	r24, 0x00	; 0
     a86:	07 d1       	rcall	.+526    	; 0xc96 <i2c_data_write>
	i2c_start();                                  // Repeated START
     a88:	ec d0       	rcall	.+472    	; 0xc62 <i2c_start>
	i2c_slave_addr_send((SLAVE_ADDR << 1) | 1);   // SLA+R
     a8a:	81 ed       	ldi	r24, 0xD1	; 209
     a8c:	fa d0       	rcall	.+500    	; 0xc82 <i2c_slave_addr_send>

	ds1307->seconds   = bcd2dec(i2c_data_read_acksend()  & 0x7F);	// 왜 이렇게 해야하나?
     a8e:	0d d1       	rcall	.+538    	; 0xcaa <i2c_data_read_acksend>
     a90:	8f 77       	andi	r24, 0x7F	; 127
     a92:	86 df       	rcall	.-244    	; 0x9a0 <bcd2dec>
     a94:	88 83       	st	Y, r24
	ds1307->minutes   = bcd2dec(i2c_data_read_acksend());
     a96:	09 d1       	rcall	.+530    	; 0xcaa <i2c_data_read_acksend>
     a98:	83 df       	rcall	.-250    	; 0x9a0 <bcd2dec>
     a9a:	89 83       	std	Y+1, r24	; 0x01
	ds1307->hours     = bcd2dec(i2c_data_read_acksend()  & 0x3F);
     a9c:	06 d1       	rcall	.+524    	; 0xcaa <i2c_data_read_acksend>
     a9e:	8f 73       	andi	r24, 0x3F	; 63
     aa0:	7f df       	rcall	.-258    	; 0x9a0 <bcd2dec>
     aa2:	8a 83       	std	Y+2, r24	; 0x02
	ds1307->dayofweek = bcd2dec(i2c_data_read_acksend());
     aa4:	02 d1       	rcall	.+516    	; 0xcaa <i2c_data_read_acksend>
     aa6:	7c df       	rcall	.-264    	; 0x9a0 <bcd2dec>
     aa8:	8d 83       	std	Y+5, r24	; 0x05
     aaa:	ff d0       	rcall	.+510    	; 0xcaa <i2c_data_read_acksend>
	ds1307->date      = bcd2dec(i2c_data_read_acksend());
     aac:	79 df       	rcall	.-270    	; 0x9a0 <bcd2dec>
     aae:	8b 83       	std	Y+3, r24	; 0x03
     ab0:	fc d0       	rcall	.+504    	; 0xcaa <i2c_data_read_acksend>
     ab2:	76 df       	rcall	.-276    	; 0x9a0 <bcd2dec>
     ab4:	8c 83       	std	Y+4, r24	; 0x04
	ds1307->month     = bcd2dec(i2c_data_read_acksend());
     ab6:	03 d1       	rcall	.+518    	; 0xcbe <i2c_data_read_nacksend>
     ab8:	73 df       	rcall	.-282    	; 0x9a0 <bcd2dec>
     aba:	8e 83       	std	Y+6, r24	; 0x06
     abc:	da d0       	rcall	.+436    	; 0xc72 <i2c_stop>
     abe:	df 91       	pop	r29
	ds1307->year      = bcd2dec(i2c_data_read_nacksend());
     ac0:	cf 91       	pop	r28
     ac2:	08 95       	ret

00000ac4 <ds1307_init>:
     ac4:	cf 93       	push	r28
     ac6:	df 93       	push	r29
     ac8:	ec 01       	movw	r28, r24

	i2c_stop();
     aca:	c2 d0       	rcall	.+388    	; 0xc50 <init_i2c>
     acc:	00 d5       	rcall	.+2560   	; 0x14ce <init_uart0>
}
     ace:	ce 01       	movw	r24, r28
     ad0:	5a df       	rcall	.-332    	; 0x986 <init_date_time>
     ad2:	ce 01       	movw	r24, r28
{
	init_i2c();
	init_uart0();

	init_date_time(ds1307);
	write_DS1307(ds1307);
     ad4:	85 df       	rcall	.-246    	; 0x9e0 <write_DS1307>
     ad6:	df 91       	pop	r29
}
     ad8:	cf 91       	pop	r28
     ada:	08 95       	ret

00000adc <ds1307_main>:
     adc:	cf 93       	push	r28

void ds1307_main(t_ds1307* ds1307)
{
     ade:	df 93       	push	r29
     ae0:	ec 01       	movw	r28, r24
	pc_command_processing(ds1307);
     ae2:	04 d5       	rcall	.+2568   	; 0x14ec <pc_command_processing>

	if (rtc_update_flag) {
     ae4:	80 91 3a 03 	lds	r24, 0x033A	; 0x80033a <rtc_update_flag>
     ae8:	90 91 3b 03 	lds	r25, 0x033B	; 0x80033b <rtc_update_flag+0x1>
     aec:	89 2b       	or	r24, r25
     aee:	31 f0       	breq	.+12     	; 0xafc <ds1307_main+0x20>
		write_DS1307(ds1307);   
     af0:	ce 01       	movw	r24, r28
     af2:	76 df       	rcall	.-276    	; 0x9e0 <write_DS1307>
		rtc_update_flag = 0;
     af4:	10 92 3b 03 	sts	0x033B, r1	; 0x80033b <rtc_update_flag+0x1>
     af8:	10 92 3a 03 	sts	0x033A, r1	; 0x80033a <rtc_update_flag>
	}

	read_DS1307(ds1307);        
     afc:	ce 01       	movw	r24, r28
     afe:	bc df       	rcall	.-136    	; 0xa78 <read_DS1307>

	printf("20%02d-%02d-%02d %02d:%02d:%02d (day %d)\n",
	ds1307->year, ds1307->month, ds1307->date,
	ds1307->hours, ds1307->minutes, ds1307->seconds,
	ds1307->dayofweek);
     b00:	6d 81       	ldd	r22, Y+5	; 0x05

	read_DS1307(ds1307);        

	printf("20%02d-%02d-%02d %02d:%02d:%02d (day %d)\n",
	ds1307->year, ds1307->month, ds1307->date,
	ds1307->hours, ds1307->minutes, ds1307->seconds,
     b02:	58 81       	ld	r21, Y
     b04:	49 81       	ldd	r20, Y+1	; 0x01
     b06:	3a 81       	ldd	r19, Y+2	; 0x02
	}

	read_DS1307(ds1307);        

	printf("20%02d-%02d-%02d %02d:%02d:%02d (day %d)\n",
	ds1307->year, ds1307->month, ds1307->date,
     b08:	2b 81       	ldd	r18, Y+3	; 0x03
     b0a:	9c 81       	ldd	r25, Y+4	; 0x04
     b0c:	8e 81       	ldd	r24, Y+6	; 0x06
		rtc_update_flag = 0;
	}

	read_DS1307(ds1307);        

	printf("20%02d-%02d-%02d %02d:%02d:%02d (day %d)\n",
     b0e:	1f 92       	push	r1
     b10:	6f 93       	push	r22
     b12:	1f 92       	push	r1
     b14:	5f 93       	push	r21
     b16:	1f 92       	push	r1
     b18:	4f 93       	push	r20
     b1a:	1f 92       	push	r1
     b1c:	3f 93       	push	r19
     b1e:	1f 92       	push	r1
     b20:	2f 93       	push	r18
     b22:	1f 92       	push	r1
     b24:	9f 93       	push	r25
     b26:	1f 92       	push	r1
     b28:	8f 93       	push	r24
     b2a:	82 e2       	ldi	r24, 0x22	; 34
     b2c:	92 e0       	ldi	r25, 0x02	; 2
     b2e:	9f 93       	push	r25
     b30:	8f 93       	push	r24
     b32:	07 d6       	rcall	.+3086   	; 0x1742 <printf>
	ds1307->year, ds1307->month, ds1307->date,
	ds1307->hours, ds1307->minutes, ds1307->seconds,
	ds1307->dayofweek);
}
     b34:	8d b7       	in	r24, 0x3d	; 61
     b36:	9e b7       	in	r25, 0x3e	; 62
     b38:	40 96       	adiw	r24, 0x10	; 16
     b3a:	0f b6       	in	r0, 0x3f	; 63
     b3c:	f8 94       	cli
     b3e:	9e bf       	out	0x3e, r25	; 62
     b40:	0f be       	out	0x3f, r0	; 63
     b42:	8d bf       	out	0x3d, r24	; 61
     b44:	df 91       	pop	r29
     b46:	cf 91       	pop	r28
     b48:	08 95       	ret

00000b4a <print_calendar>:

// 뒤에 출력만 해주면 되는거..!
void print_calendar(t_ds1307* ds1307)
{
     b4a:	ef 92       	push	r14
     b4c:	ff 92       	push	r15
     b4e:	0f 93       	push	r16
     b50:	1f 93       	push	r17
     b52:	cf 93       	push	r28
     b54:	df 93       	push	r29
     b56:	cd b7       	in	r28, 0x3d	; 61
     b58:	de b7       	in	r29, 0x3e	; 62
     b5a:	a0 97       	sbiw	r28, 0x20	; 32
     b5c:	0f b6       	in	r0, 0x3f	; 63
     b5e:	f8 94       	cli
     b60:	de bf       	out	0x3e, r29	; 62
     b62:	0f be       	out	0x3f, r0	; 63
     b64:	cd bf       	out	0x3d, r28	; 61
     b66:	8c 01       	movw	r16, r24
	char lcd_buf[32];   // 16x2 LCD 기준 한 줄 16자 + null

	LCD_clear();
     b68:	e3 d1       	rcall	.+966    	; 0xf30 <LCD_clear>

	LCD_goto_XY(0, 0);
     b6a:	60 e0       	ldi	r22, 0x00	; 0
     b6c:	80 e0       	ldi	r24, 0x00	; 0
     b6e:	39 d2       	rcall	.+1138   	; 0xfe2 <LCD_goto_XY>
	sprintf(lcd_buf, "20%02d-%02d-%02d D%d",
	ds1307->year, ds1307->month, ds1307->date, ds1307->dayofweek);
     b70:	f8 01       	movw	r30, r16
     b72:	35 81       	ldd	r19, Z+5	; 0x05
     b74:	23 81       	ldd	r18, Z+3	; 0x03
     b76:	94 81       	ldd	r25, Z+4	; 0x04
     b78:	86 81       	ldd	r24, Z+6	; 0x06
	char lcd_buf[32];   // 16x2 LCD 기준 한 줄 16자 + null

	LCD_clear();

	LCD_goto_XY(0, 0);
	sprintf(lcd_buf, "20%02d-%02d-%02d D%d",
     b7a:	1f 92       	push	r1
     b7c:	3f 93       	push	r19
     b7e:	1f 92       	push	r1
     b80:	2f 93       	push	r18
     b82:	1f 92       	push	r1
     b84:	9f 93       	push	r25
     b86:	1f 92       	push	r1
     b88:	8f 93       	push	r24
     b8a:	8c e4       	ldi	r24, 0x4C	; 76
     b8c:	92 e0       	ldi	r25, 0x02	; 2
     b8e:	9f 93       	push	r25
     b90:	8f 93       	push	r24
     b92:	9e 01       	movw	r18, r28
     b94:	2f 5f       	subi	r18, 0xFF	; 255
     b96:	3f 4f       	sbci	r19, 0xFF	; 255
     b98:	79 01       	movw	r14, r18
     b9a:	3f 93       	push	r19
     b9c:	2f 93       	push	r18
	ds1307->year, ds1307->month, ds1307->date, ds1307->dayofweek);
	LCD_write_string(lcd_buf);
     b9e:	19 d6       	rcall	.+3122   	; 0x17d2 <sprintf>
     ba0:	c7 01       	movw	r24, r14

	LCD_goto_XY(1, 0);
     ba2:	0d d2       	rcall	.+1050   	; 0xfbe <LCD_write_string>
     ba4:	60 e0       	ldi	r22, 0x00	; 0
     ba6:	81 e0       	ldi	r24, 0x01	; 1
     ba8:	1c d2       	rcall	.+1080   	; 0xfe2 <LCD_goto_XY>
	if (program_stat == RTC_CHG_MODE/* && chg_clock_stat != NOTHING*/) {
     baa:	80 91 37 03 	lds	r24, 0x0337	; 0x800337 <program_stat>
     bae:	0f b6       	in	r0, 0x3f	; 63
     bb0:	f8 94       	cli
     bb2:	de bf       	out	0x3e, r29	; 62
     bb4:	0f be       	out	0x3f, r0	; 63
     bb6:	cd bf       	out	0x3d, r28	; 61
     bb8:	82 30       	cpi	r24, 0x02	; 2
     bba:	11 f5       	brne	.+68     	; 0xc00 <print_calendar+0xb6>
		sprintf(lcd_buf, "%02d:%02d:%02d [%s]",
			ds1307->hours, ds1307->minutes, ds1307->seconds,
     bbc:	f8 01       	movw	r30, r16
     bbe:	20 81       	ld	r18, Z
     bc0:	91 81       	ldd	r25, Z+1	; 0x01
     bc2:	82 81       	ldd	r24, Z+2	; 0x02
	ds1307->year, ds1307->month, ds1307->date, ds1307->dayofweek);
	LCD_write_string(lcd_buf);

	LCD_goto_XY(1, 0);
	if (program_stat == RTC_CHG_MODE/* && chg_clock_stat != NOTHING*/) {
		sprintf(lcd_buf, "%02d:%02d:%02d [%s]",
     bc4:	e0 91 36 03 	lds	r30, 0x0336	; 0x800336 <chg_clock_stat>
     bc8:	f0 e0       	ldi	r31, 0x00	; 0
     bca:	ee 0f       	add	r30, r30
     bcc:	ff 1f       	adc	r31, r31
     bce:	e0 50       	subi	r30, 0x00	; 0
     bd0:	ff 4f       	sbci	r31, 0xFF	; 255
     bd2:	31 81       	ldd	r19, Z+1	; 0x01
     bd4:	3f 93       	push	r19
     bd6:	30 81       	ld	r19, Z
     bd8:	3f 93       	push	r19
     bda:	1f 92       	push	r1
     bdc:	2f 93       	push	r18
     bde:	1f 92       	push	r1
     be0:	9f 93       	push	r25
     be2:	1f 92       	push	r1
     be4:	8f 93       	push	r24
     be6:	81 e6       	ldi	r24, 0x61	; 97
     be8:	92 e0       	ldi	r25, 0x02	; 2
     bea:	9f 93       	push	r25
     bec:	8f 93       	push	r24
     bee:	ff 92       	push	r15
     bf0:	ef 92       	push	r14
     bf2:	ef d5       	rcall	.+3038   	; 0x17d2 <sprintf>
     bf4:	0f b6       	in	r0, 0x3f	; 63
     bf6:	f8 94       	cli
     bf8:	de bf       	out	0x3e, r29	; 62
     bfa:	0f be       	out	0x3f, r0	; 63
     bfc:	cd bf       	out	0x3d, r28	; 61
     bfe:	18 c0       	rjmp	.+48     	; 0xc30 <print_calendar+0xe6>
			ds1307->hours, ds1307->minutes, ds1307->seconds,
			CHG_STATE_STR[chg_clock_stat]);
		} else {
		sprintf(lcd_buf, "%02d:%02d:%02d", ds1307->hours, ds1307->minutes, ds1307->seconds);
     c00:	f8 01       	movw	r30, r16
     c02:	20 81       	ld	r18, Z
     c04:	91 81       	ldd	r25, Z+1	; 0x01
     c06:	82 81       	ldd	r24, Z+2	; 0x02
     c08:	1f 92       	push	r1
     c0a:	2f 93       	push	r18
     c0c:	1f 92       	push	r1
     c0e:	9f 93       	push	r25
     c10:	1f 92       	push	r1
     c12:	8f 93       	push	r24
     c14:	85 e7       	ldi	r24, 0x75	; 117
     c16:	92 e0       	ldi	r25, 0x02	; 2
     c18:	9f 93       	push	r25
     c1a:	8f 93       	push	r24
     c1c:	ce 01       	movw	r24, r28
     c1e:	01 96       	adiw	r24, 0x01	; 1
     c20:	9f 93       	push	r25
     c22:	8f 93       	push	r24
     c24:	d6 d5       	rcall	.+2988   	; 0x17d2 <sprintf>
     c26:	0f b6       	in	r0, 0x3f	; 63
     c28:	f8 94       	cli
     c2a:	de bf       	out	0x3e, r29	; 62
     c2c:	0f be       	out	0x3f, r0	; 63
	}
	LCD_write_string(lcd_buf);
     c2e:	cd bf       	out	0x3d, r28	; 61
     c30:	ce 01       	movw	r24, r28
     c32:	01 96       	adiw	r24, 0x01	; 1
     c34:	c4 d1       	rcall	.+904    	; 0xfbe <LCD_write_string>
	
//	_delay_ms(700);
     c36:	a0 96       	adiw	r28, 0x20	; 32
     c38:	0f b6       	in	r0, 0x3f	; 63
     c3a:	f8 94       	cli
     c3c:	de bf       	out	0x3e, r29	; 62
     c3e:	0f be       	out	0x3f, r0	; 63
     c40:	cd bf       	out	0x3d, r28	; 61
     c42:	df 91       	pop	r29
     c44:	cf 91       	pop	r28
     c46:	1f 91       	pop	r17
     c48:	0f 91       	pop	r16
     c4a:	ff 90       	pop	r15
     c4c:	ef 90       	pop	r14
     c4e:	08 95       	ret

00000c50 <init_i2c>:
*/

// TWI(I2C) driver
void init_i2c(void)
{
	DDRD |= 1 << 0 | 1 << 1;	// PD0 PD1 활성화
     c50:	81 b3       	in	r24, 0x11	; 17
     c52:	83 60       	ori	r24, 0x03	; 3
     c54:	81 bb       	out	0x11, r24	; 17
	
	TWSR=0x00;   
     c56:	10 92 71 00 	sts	0x0071, r1	; 0x800071 <__TEXT_REGION_LENGTH__+0x7e0071>
	TWBR=TWBR_VALUE;  // SCL 주파수 결정 register 100KHz  
     c5a:	88 e4       	ldi	r24, 0x48	; 72
     c5c:	80 93 70 00 	sts	0x0070, r24	; 0x800070 <__TEXT_REGION_LENGTH__+0x7e0070>
     c60:	08 95       	ret

00000c62 <i2c_start>:
}

// START 신호 
void i2c_start(void)
{
	TWCR = 1 << TWINT | 1 << TWSTA | 1 << TWEN;
     c62:	84 ea       	ldi	r24, 0xA4	; 164
     c64:	80 93 74 00 	sts	0x0074, r24	; 0x800074 <__TEXT_REGION_LENGTH__+0x7e0074>
	// TWINT        TWSTA: START 요청  TWEN: I2C HW 활성화 
	// I2C HW가 동작이 완료 될떄 까지 기다린다. 동작이 완료 되면 TWINT 프래그를 1로 세트가 된다.
	while( !(TWCR & (1 << TWINT)));	// ISR 발생했을 때, 처리할 수 있도록 세팅될때까지 기다려
     c68:	80 91 74 00 	lds	r24, 0x0074	; 0x800074 <__TEXT_REGION_LENGTH__+0x7e0074>
     c6c:	88 23       	and	r24, r24
     c6e:	e4 f7       	brge	.-8      	; 0xc68 <i2c_start+0x6>
}
     c70:	08 95       	ret

00000c72 <i2c_stop>:

// STOP 신호
void i2c_stop(void)
{
	TWCR = 1 << TWINT | 1 << TWSTO | 1 << TWEN;
     c72:	84 e9       	ldi	r24, 0x94	; 148
     c74:	80 93 74 00 	sts	0x0074, r24	; 0x800074 <__TEXT_REGION_LENGTH__+0x7e0074>
	#else
		//round up by default
		__ticks_dc = (uint32_t)(ceil(fabs(__tmp)));
	#endif

	__builtin_avr_delay_cycles(__ticks_dc);
     c78:	85 e3       	ldi	r24, 0x35	; 53
     c7a:	8a 95       	dec	r24
     c7c:	f1 f7       	brne	.-4      	; 0xc7a <i2c_stop+0x8>
     c7e:	00 00       	nop
     c80:	08 95       	ret

00000c82 <i2c_slave_addr_send>:
}

// SLAVE_ADDR+R SLAVE_ADDR+W >> 이게 호출된 다음(처음 1회만)
void i2c_slave_addr_send(uint8_t addr_rw)
{
	TWDR = addr_rw;
     c82:	80 93 73 00 	sts	0x0073, r24	; 0x800073 <__TEXT_REGION_LENGTH__+0x7e0073>
	TWCR = 1 << TWINT | 1 << TWEN;
     c86:	84 e8       	ldi	r24, 0x84	; 132
     c88:	80 93 74 00 	sts	0x0074, r24	; 0x800074 <__TEXT_REGION_LENGTH__+0x7e0074>
	// TWINT        TWSTA: START 요청  TWEN: I2C HW 활성화
	// I2C HW가 동작이 완료 될떄 까지 기다린다. 동작이 완료 되면 TWINT 프래그를 1로 세트가 된다.
	while( !(TWCR & (1 << TWINT)));	// 전송 완료 대기
     c8c:	80 91 74 00 	lds	r24, 0x0074	; 0x800074 <__TEXT_REGION_LENGTH__+0x7e0074>
     c90:	88 23       	and	r24, r24
     c92:	e4 f7       	brge	.-8      	; 0xc8c <i2c_slave_addr_send+0xa>
}
     c94:	08 95       	ret

00000c96 <i2c_data_write>:

// 이게 계속 호출됨.
void i2c_data_write(uint8_t data)
{
	TWDR = data;
     c96:	80 93 73 00 	sts	0x0073, r24	; 0x800073 <__TEXT_REGION_LENGTH__+0x7e0073>
	TWCR = 1 << TWINT | 1 << TWEN;
     c9a:	84 e8       	ldi	r24, 0x84	; 132
     c9c:	80 93 74 00 	sts	0x0074, r24	; 0x800074 <__TEXT_REGION_LENGTH__+0x7e0074>
	// TWINT        TWSTA: START 요청  TWEN: I2C HW 활성화
	// I2C HW가 동작이 완료 될떄 까지 기다린다. 동작이 완료 되면 TWINT 프래그를 1로 세트가 된다.
	while( !(TWCR & (1 << TWINT)));
     ca0:	80 91 74 00 	lds	r24, 0x0074	; 0x800074 <__TEXT_REGION_LENGTH__+0x7e0074>
     ca4:	88 23       	and	r24, r24
     ca6:	e4 f7       	brge	.-8      	; 0xca0 <i2c_data_write+0xa>
}
     ca8:	08 95       	ret

00000caa <i2c_data_read_acksend>:

uint8_t i2c_data_read_acksend(void)
{
	
	TWCR = 1 << TWINT | 1 << TWEN | 1 << TWEA;    // TWEA=1 ACK자동 전송  (읽혀진 다음 ack로 신호 계속 해줘야하니까! >> TWEA를 1로!)
     caa:	84 ec       	ldi	r24, 0xC4	; 196
     cac:	80 93 74 00 	sts	0x0074, r24	; 0x800074 <__TEXT_REGION_LENGTH__+0x7e0074>
	// TWINT        TWSTA: START 요청  TWEN: I2C HW 활성화
	// I2C HW가 동작이 완료 될떄 까지 기다린다. 동작이 완료 되면 TWINT 프래그를 1로 세트가 된다.
	while( !(TWCR & (1 << TWINT)));
     cb0:	80 91 74 00 	lds	r24, 0x0074	; 0x800074 <__TEXT_REGION_LENGTH__+0x7e0074>
     cb4:	88 23       	and	r24, r24
     cb6:	e4 f7       	brge	.-8      	; 0xcb0 <i2c_data_read_acksend+0x6>
	
	return (TWDR);    
     cb8:	80 91 73 00 	lds	r24, 0x0073	; 0x800073 <__TEXT_REGION_LENGTH__+0x7e0073>

}
     cbc:	08 95       	ret

00000cbe <i2c_data_read_nacksend>:

uint8_t i2c_data_read_nacksend(void)
{
	
	TWCR = 1 << TWINT | 1 << TWEN ;    // TWEA=0 NACK자동 전송
     cbe:	84 e8       	ldi	r24, 0x84	; 132
     cc0:	80 93 74 00 	sts	0x0074, r24	; 0x800074 <__TEXT_REGION_LENGTH__+0x7e0074>
	// TWINT        TWSTA: START 요청  TWEN: I2C HW 활성화
	// I2C HW가 동작이 완료 될떄 까지 기다린다. 동작이 완료 되면 TWINT 프래그를 1로 세트가 된다.
	while( !(TWCR & (1 << TWINT)));
     cc4:	80 91 74 00 	lds	r24, 0x0074	; 0x800074 <__TEXT_REGION_LENGTH__+0x7e0074>
     cc8:	88 23       	and	r24, r24
     cca:	e4 f7       	brge	.-8      	; 0xcc4 <i2c_data_read_nacksend+0x6>
	
	return (TWDR);
     ccc:	80 91 73 00 	lds	r24, 0x0073	; 0x800073 <__TEXT_REGION_LENGTH__+0x7e0073>

}
     cd0:	08 95       	ret

00000cd2 <init_keypad>:
uint8_t get_button_k(int row, int col);
uint8_t keypad_scan(void);

void init_keypad(void)
{
	KEYPAD_DDR = 0x0f; // row:입력  col : 출력
     cd2:	8f e0       	ldi	r24, 0x0F	; 15
     cd4:	8a bb       	out	0x1a, r24	; 26
	KEYPAD_PORT = 0xff;
     cd6:	8f ef       	ldi	r24, 0xFF	; 255
     cd8:	8b bb       	out	0x1b, r24	; 27
     cda:	08 95       	ret

00000cdc <get_button_k>:
	}
	return 0;
}

uint8_t get_button_k(int row, int col)
{
     cdc:	1f 93       	push	r17
     cde:	cf 93       	push	r28
     ce0:	df 93       	push	r29
     ce2:	cd b7       	in	r28, 0x3d	; 61
     ce4:	de b7       	in	r29, 0x3e	; 62
     ce6:	60 97       	sbiw	r28, 0x10	; 16
     ce8:	0f b6       	in	r0, 0x3f	; 63
     cea:	f8 94       	cli
     cec:	de bf       	out	0x3e, r29	; 62
     cee:	0f be       	out	0x3f, r0	; 63
     cf0:	cd bf       	out	0x3d, r28	; 61
	uint8_t keypad_char[4][4] = {
     cf2:	20 e1       	ldi	r18, 0x10	; 16
     cf4:	e1 e3       	ldi	r30, 0x31	; 49
     cf6:	f1 e0       	ldi	r31, 0x01	; 1
     cf8:	de 01       	movw	r26, r28
     cfa:	11 96       	adiw	r26, 0x01	; 1
     cfc:	01 90       	ld	r0, Z+
     cfe:	0d 92       	st	X+, r0
     d00:	2a 95       	dec	r18
     d02:	e1 f7       	brne	.-8      	; 0xcfc <get_button_k+0x20>
		{1,1,1,1}
	};

	int8_t current_state = 1;

	KEYPAD_PORT = 0xff;
     d04:	2f ef       	ldi	r18, 0xFF	; 255
     d06:	2b bb       	out	0x1b, r18	; 27
	KEYPAD_PORT &= ~(1 << 3 - col); // 3 - col: COL4가 PA0에 연결되어 있기 때문에 해당 COL에 전류가 흐른다.
     d08:	4b b3       	in	r20, 0x1b	; 27
     d0a:	e3 e0       	ldi	r30, 0x03	; 3
     d0c:	f0 e0       	ldi	r31, 0x00	; 0
     d0e:	e6 1b       	sub	r30, r22
     d10:	f7 0b       	sbc	r31, r23
     d12:	21 e0       	ldi	r18, 0x01	; 1
     d14:	30 e0       	ldi	r19, 0x00	; 0
     d16:	02 c0       	rjmp	.+4      	; 0xd1c <get_button_k+0x40>
     d18:	22 0f       	add	r18, r18
     d1a:	33 1f       	adc	r19, r19
     d1c:	ea 95       	dec	r30
     d1e:	e2 f7       	brpl	.-8      	; 0xd18 <get_button_k+0x3c>
     d20:	20 95       	com	r18
     d22:	24 23       	and	r18, r20
     d24:	2b bb       	out	0x1b, r18	; 27

	for(int delay = 0; delay < 20; delay++);//keypad check를 위한 delay		>> 채터링 방지. 해당 스위치 눌렸다 떼진거 확실하게 확인하기 위한 것
     d26:	20 e0       	ldi	r18, 0x00	; 0
     d28:	30 e0       	ldi	r19, 0x00	; 0
     d2a:	02 c0       	rjmp	.+4      	; 0xd30 <get_button_k+0x54>
     d2c:	2f 5f       	subi	r18, 0xFF	; 255
     d2e:	3f 4f       	sbci	r19, 0xFF	; 255
     d30:	24 31       	cpi	r18, 0x14	; 20
     d32:	31 05       	cpc	r19, r1
     d34:	dc f3       	brlt	.-10     	; 0xd2c <get_button_k+0x50>
	// 0.625us x 20 = 1.25us
	current_state = (KEYPAD_PIN & (1 << (row + 4))) >> (row + 4);	// row0을 호출했을 때, 0번자리의 값을 가져와야하는데, 현재 PA7에 꽃혀져 있으니, 맞춰 수정해준 것
     d36:	49 b3       	in	r20, 0x19	; 25
     d38:	fc 01       	movw	r30, r24
     d3a:	34 96       	adiw	r30, 0x04	; 4
     d3c:	21 e0       	ldi	r18, 0x01	; 1
     d3e:	30 e0       	ldi	r19, 0x00	; 0
     d40:	0e 2e       	mov	r0, r30
     d42:	02 c0       	rjmp	.+4      	; 0xd48 <get_button_k+0x6c>
     d44:	22 0f       	add	r18, r18
     d46:	33 1f       	adc	r19, r19
     d48:	0a 94       	dec	r0
     d4a:	e2 f7       	brpl	.-8      	; 0xd44 <get_button_k+0x68>
     d4c:	50 e0       	ldi	r21, 0x00	; 0
     d4e:	24 23       	and	r18, r20
     d50:	35 23       	and	r19, r21
     d52:	02 c0       	rjmp	.+4      	; 0xd58 <get_button_k+0x7c>
     d54:	35 95       	asr	r19
     d56:	27 95       	ror	r18
     d58:	ea 95       	dec	r30
     d5a:	e2 f7       	brpl	.-8      	; 0xd54 <get_button_k+0x78>

	//ex row:0 PA4에 연결
	//76543210
	//11101111 KEYPAD_PIN & (1 << (row + 4))
	//00001110 >> (row+4)
	if ( current_state == 0 && prev_state [row][col] == 1)  //처음 눌러진 상태
     d5c:	21 11       	cpse	r18, r1
     d5e:	18 c0       	rjmp	.+48     	; 0xd90 <get_button_k+0xb4>
     d60:	fc 01       	movw	r30, r24
     d62:	ee 0f       	add	r30, r30
     d64:	ff 1f       	adc	r31, r31
     d66:	ee 0f       	add	r30, r30
     d68:	ff 1f       	adc	r31, r31
     d6a:	e2 5f       	subi	r30, 0xF2	; 242
     d6c:	fe 4f       	sbci	r31, 0xFE	; 254
     d6e:	e6 0f       	add	r30, r22
     d70:	f7 1f       	adc	r31, r23
     d72:	30 81       	ld	r19, Z
     d74:	31 30       	cpi	r19, 0x01	; 1
     d76:	61 f4       	brne	.+24     	; 0xd90 <get_button_k+0xb4>
	{
		prev_state [row][col] = 0;
     d78:	88 0f       	add	r24, r24
     d7a:	99 1f       	adc	r25, r25
     d7c:	88 0f       	add	r24, r24
     d7e:	99 1f       	adc	r25, r25
     d80:	82 5f       	subi	r24, 0xF2	; 242
     d82:	9e 4f       	sbci	r25, 0xFE	; 254
     d84:	fc 01       	movw	r30, r24
     d86:	e6 0f       	add	r30, r22
     d88:	f7 1f       	adc	r31, r23
     d8a:	10 82       	st	Z, r1
		return 0;
     d8c:	10 e0       	ldi	r17, 0x00	; 0
     d8e:	32 c0       	rjmp	.+100    	; 0xdf4 <get_button_k+0x118>
	}
	else if(current_state == 1 && prev_state [row][col] == 0)
     d90:	21 30       	cpi	r18, 0x01	; 1
     d92:	69 f5       	brne	.+90     	; 0xdee <get_button_k+0x112>
     d94:	fc 01       	movw	r30, r24
     d96:	ee 0f       	add	r30, r30
     d98:	ff 1f       	adc	r31, r31
     d9a:	ee 0f       	add	r30, r30
     d9c:	ff 1f       	adc	r31, r31
     d9e:	e2 5f       	subi	r30, 0xF2	; 242
     da0:	fe 4f       	sbci	r31, 0xFE	; 254
     da2:	e6 0f       	add	r30, r22
     da4:	f7 1f       	adc	r31, r23
     da6:	20 81       	ld	r18, Z
     da8:	21 11       	cpse	r18, r1
     daa:	23 c0       	rjmp	.+70     	; 0xdf2 <get_button_k+0x116>
	{ //이전에 버튼이 눌려지고 버튼을 뗀 상태이면 버튼을 1번 눌렀다 뗀것으로 인정
		prev_state [row][col] = 1; //prev_state를 초기화
     dac:	88 0f       	add	r24, r24
     dae:	99 1f       	adc	r25, r25
     db0:	88 0f       	add	r24, r24
     db2:	99 1f       	adc	r25, r25
     db4:	fc 01       	movw	r30, r24
     db6:	e2 5f       	subi	r30, 0xF2	; 242
     db8:	fe 4f       	sbci	r31, 0xFE	; 254
     dba:	e6 0f       	add	r30, r22
     dbc:	f7 1f       	adc	r31, r23
     dbe:	21 e0       	ldi	r18, 0x01	; 1
     dc0:	20 83       	st	Z, r18
		printf("key : %c\n",  keypad_char[row][col]);
     dc2:	21 e0       	ldi	r18, 0x01	; 1
     dc4:	30 e0       	ldi	r19, 0x00	; 0
     dc6:	2c 0f       	add	r18, r28
     dc8:	3d 1f       	adc	r19, r29
     dca:	82 0f       	add	r24, r18
     dcc:	93 1f       	adc	r25, r19
     dce:	fc 01       	movw	r30, r24
     dd0:	e6 0f       	add	r30, r22
     dd2:	f7 1f       	adc	r31, r23
     dd4:	10 81       	ld	r17, Z
     dd6:	1f 92       	push	r1
     dd8:	1f 93       	push	r17
     dda:	8e e9       	ldi	r24, 0x9E	; 158
     ddc:	92 e0       	ldi	r25, 0x02	; 2
     dde:	9f 93       	push	r25
     de0:	8f 93       	push	r24
     de2:	af d4       	rcall	.+2398   	; 0x1742 <printf>
		return keypad_char[row][col];
     de4:	0f 90       	pop	r0
     de6:	0f 90       	pop	r0
     de8:	0f 90       	pop	r0
     dea:	0f 90       	pop	r0
     dec:	03 c0       	rjmp	.+6      	; 0xdf4 <get_button_k+0x118>
	}

	return 0;
     dee:	10 e0       	ldi	r17, 0x00	; 0
     df0:	01 c0       	rjmp	.+2      	; 0xdf4 <get_button_k+0x118>
     df2:	10 e0       	ldi	r17, 0x00	; 0
}
     df4:	81 2f       	mov	r24, r17
     df6:	60 96       	adiw	r28, 0x10	; 16
     df8:	0f b6       	in	r0, 0x3f	; 63
     dfa:	f8 94       	cli
     dfc:	de bf       	out	0x3e, r29	; 62
     dfe:	0f be       	out	0x3f, r0	; 63
     e00:	cd bf       	out	0x3d, r28	; 61
     e02:	df 91       	pop	r29
     e04:	cf 91       	pop	r28
     e06:	1f 91       	pop	r17
     e08:	08 95       	ret

00000e0a <keypad_scan>:
	KEYPAD_DDR = 0x0f; // row:입력  col : 출력
	KEYPAD_PORT = 0xff;
}

uint8_t keypad_scan(void)
{
     e0a:	0f 93       	push	r16
     e0c:	1f 93       	push	r17
     e0e:	cf 93       	push	r28
     e10:	df 93       	push	r29
	uint8_t data = 0; //key값 저장 변수

	for (int row = 0; row<4; row++)
     e12:	00 e0       	ldi	r16, 0x00	; 0
     e14:	10 e0       	ldi	r17, 0x00	; 0
     e16:	0e c0       	rjmp	.+28     	; 0xe34 <keypad_scan+0x2a>
	{
		for(int col = 0; col <4; col++)
		{
			data = get_button_k(row,col);
     e18:	be 01       	movw	r22, r28
     e1a:	c8 01       	movw	r24, r16
     e1c:	5f df       	rcall	.-322    	; 0xcdc <get_button_k>
			if(data)   //if data >= 1
     e1e:	81 11       	cpse	r24, r1
     e20:	0d c0       	rjmp	.+26     	; 0xe3c <keypad_scan+0x32>
{
	uint8_t data = 0; //key값 저장 변수

	for (int row = 0; row<4; row++)
	{
		for(int col = 0; col <4; col++)
     e22:	21 96       	adiw	r28, 0x01	; 1
     e24:	02 c0       	rjmp	.+4      	; 0xe2a <keypad_scan+0x20>
     e26:	c0 e0       	ldi	r28, 0x00	; 0
     e28:	d0 e0       	ldi	r29, 0x00	; 0
     e2a:	c4 30       	cpi	r28, 0x04	; 4
     e2c:	d1 05       	cpc	r29, r1
     e2e:	a4 f3       	brlt	.-24     	; 0xe18 <keypad_scan+0xe>

uint8_t keypad_scan(void)
{
	uint8_t data = 0; //key값 저장 변수

	for (int row = 0; row<4; row++)
     e30:	0f 5f       	subi	r16, 0xFF	; 255
     e32:	1f 4f       	sbci	r17, 0xFF	; 255
     e34:	04 30       	cpi	r16, 0x04	; 4
     e36:	11 05       	cpc	r17, r1
     e38:	b4 f3       	brlt	.-20     	; 0xe26 <keypad_scan+0x1c>
			data = get_button_k(row,col);
			if(data)   //if data >= 1
			return data;
		}
	}
	return 0;
     e3a:	80 e0       	ldi	r24, 0x00	; 0
}
     e3c:	df 91       	pop	r29
     e3e:	cf 91       	pop	r28
     e40:	1f 91       	pop	r17
     e42:	0f 91       	pop	r16
     e44:	08 95       	ret

00000e46 <buzzer_beep>:
	return 0;
}

void buzzer_beep(void)
{
	for(int i = 0; i < 40; i++) // 40번 반복 (소리 길이 조절 가능)
     e46:	20 e0       	ldi	r18, 0x00	; 0
     e48:	30 e0       	ldi	r19, 0x00	; 0
     e4a:	16 c0       	rjmp	.+44     	; 0xe78 <buzzer_beep+0x32>
	{
		BUZZER_PORT |= (1 << BUZZER_PIN);  // High
     e4c:	e5 e6       	ldi	r30, 0x65	; 101
     e4e:	f0 e0       	ldi	r31, 0x00	; 0
     e50:	80 81       	ld	r24, Z
     e52:	84 60       	ori	r24, 0x04	; 4
     e54:	80 83       	st	Z, r24
     e56:	8f e3       	ldi	r24, 0x3F	; 63
     e58:	96 e0       	ldi	r25, 0x06	; 6
     e5a:	01 97       	sbiw	r24, 0x01	; 1
     e5c:	f1 f7       	brne	.-4      	; 0xe5a <buzzer_beep+0x14>
     e5e:	00 c0       	rjmp	.+0      	; 0xe60 <buzzer_beep+0x1a>
     e60:	00 00       	nop
		_delay_us(400);
		BUZZER_PORT &= ~(1 << BUZZER_PIN); // Low
     e62:	80 81       	ld	r24, Z
     e64:	8b 7f       	andi	r24, 0xFB	; 251
     e66:	80 83       	st	Z, r24
     e68:	8f e3       	ldi	r24, 0x3F	; 63
     e6a:	96 e0       	ldi	r25, 0x06	; 6
     e6c:	01 97       	sbiw	r24, 0x01	; 1
     e6e:	f1 f7       	brne	.-4      	; 0xe6c <buzzer_beep+0x26>
     e70:	00 c0       	rjmp	.+0      	; 0xe72 <buzzer_beep+0x2c>
     e72:	00 00       	nop
	return 0;
}

void buzzer_beep(void)
{
	for(int i = 0; i < 40; i++) // 40번 반복 (소리 길이 조절 가능)
     e74:	2f 5f       	subi	r18, 0xFF	; 255
     e76:	3f 4f       	sbci	r19, 0xFF	; 255
     e78:	28 32       	cpi	r18, 0x28	; 40
     e7a:	31 05       	cpc	r19, r1
     e7c:	3c f3       	brlt	.-50     	; 0xe4c <buzzer_beep+0x6>
		BUZZER_PORT |= (1 << BUZZER_PIN);  // High
		_delay_us(400);
		BUZZER_PORT &= ~(1 << BUZZER_PIN); // Low
		_delay_us(400);
	}
     e7e:	08 95       	ret

00000e80 <LCD_pulse_enable>:

#include "lcd.h"

void LCD_pulse_enable(void)
{
	LCD_CONTROL_PORT |= (1 << E_PIN);	// E를 HIGH
     e80:	88 b3       	in	r24, 0x18	; 24
     e82:	80 68       	ori	r24, 0x80	; 128
     e84:	88 bb       	out	0x18, r24	; 24
     e86:	85 e0       	ldi	r24, 0x05	; 5
     e88:	8a 95       	dec	r24
     e8a:	f1 f7       	brne	.-4      	; 0xe88 <LCD_pulse_enable+0x8>
     e8c:	00 00       	nop
	//_delay_ms(1);
	_delay_us(1);
	LCD_CONTROL_PORT &= ~(1 << E_PIN);	// E를 LOW	 >> 하강 에지에서 동작
     e8e:	88 b3       	in	r24, 0x18	; 24
     e90:	8f 77       	andi	r24, 0x7F	; 127
     e92:	88 bb       	out	0x18, r24	; 24
     e94:	85 e0       	ldi	r24, 0x05	; 5
     e96:	8a 95       	dec	r24
     e98:	f1 f7       	brne	.-4      	; 0xe96 <LCD_pulse_enable+0x16>
     e9a:	00 00       	nop
     e9c:	08 95       	ret

00000e9e <LCD_write_data>:
	_delay_us(1);
}

// WRITE
void LCD_write_data(uint8_t data)
{
     e9e:	cf 93       	push	r28
     ea0:	c8 2f       	mov	r28, r24
	LCD_CONTROL_PORT |= (1 << RS_PIN);	// RS_PIN을 1로 set: data 담는 register로 select
     ea2:	88 b3       	in	r24, 0x18	; 24
     ea4:	80 62       	ori	r24, 0x20	; 32
     ea6:	88 bb       	out	0x18, r24	; 24

	if(MODE == 8){
     ea8:	80 91 1e 01 	lds	r24, 0x011E	; 0x80011e <MODE>
     eac:	88 30       	cpi	r24, 0x08	; 8
     eae:	19 f4       	brne	.+6      	; 0xeb6 <LCD_write_data+0x18>
		LCD_DATA_PORT = data;
     eb0:	c5 bb       	out	0x15, r28	; 21
		LCD_pulse_enable();
     eb2:	e6 df       	rcall	.-52     	; 0xe80 <LCD_pulse_enable>
     eb4:	0a c0       	rjmp	.+20     	; 0xeca <LCD_write_data+0x2c>
	} else{
		LCD_DATA_PORT = data & 0xf0;	// 상위
     eb6:	8c 2f       	mov	r24, r28
     eb8:	80 7f       	andi	r24, 0xF0	; 240
		LCD_pulse_enable();
     eba:	85 bb       	out	0x15, r24	; 21
     ebc:	e1 df       	rcall	.-62     	; 0xe80 <LCD_pulse_enable>
		
		LCD_DATA_PORT = (data << 4) & 0xf0;	// 하위
     ebe:	20 e1       	ldi	r18, 0x10	; 16
     ec0:	c2 9f       	mul	r28, r18
     ec2:	c0 01       	movw	r24, r0
     ec4:	11 24       	eor	r1, r1
		LCD_pulse_enable();
     ec6:	85 bb       	out	0x15, r24	; 21
     ec8:	db df       	rcall	.-74     	; 0xe80 <LCD_pulse_enable>
     eca:	87 ec       	ldi	r24, 0xC7	; 199
     ecc:	90 e0       	ldi	r25, 0x00	; 0
     ece:	01 97       	sbiw	r24, 0x01	; 1
     ed0:	f1 f7       	brne	.-4      	; 0xece <LCD_write_data+0x30>
     ed2:	00 c0       	rjmp	.+0      	; 0xed4 <LCD_write_data+0x36>
     ed4:	00 00       	nop
	}
	_delay_us(50); 
	//_delay_ms(2);
}
     ed6:	cf 91       	pop	r28
     ed8:	08 95       	ret

00000eda <LCD_write_high_nibble>:

void LCD_write_high_nibble(uint8_t data)
{
	LCD_CONTROL_PORT |= (1 << RS_PIN);	// RS_PIN을 1로 set: data 담는 register로 select
     eda:	98 b3       	in	r25, 0x18	; 24
     edc:	90 62       	ori	r25, 0x20	; 32
     ede:	98 bb       	out	0x18, r25	; 24

	LCD_DATA_PORT = data & 0xf0;	// 상위
     ee0:	80 7f       	andi	r24, 0xF0	; 240
     ee2:	85 bb       	out	0x15, r24	; 21
	LCD_pulse_enable();
     ee4:	cd df       	rcall	.-102    	; 0xe80 <LCD_pulse_enable>
     ee6:	87 ec       	ldi	r24, 0xC7	; 199
     ee8:	90 e0       	ldi	r25, 0x00	; 0
     eea:	01 97       	sbiw	r24, 0x01	; 1
     eec:	f1 f7       	brne	.-4      	; 0xeea <LCD_write_high_nibble+0x10>
     eee:	00 c0       	rjmp	.+0      	; 0xef0 <LCD_write_high_nibble+0x16>
     ef0:	00 00       	nop
     ef2:	08 95       	ret

00000ef4 <LCD_write_command>:
//	_delay_ms(2);
	
}

void LCD_write_command(uint8_t command)
{
     ef4:	cf 93       	push	r28
     ef6:	c8 2f       	mov	r28, r24
	LCD_CONTROL_PORT &= ~(1 << RS_PIN);	// RS_PIN을 0로 set: command 담는 register로 select
     ef8:	88 b3       	in	r24, 0x18	; 24
     efa:	8f 7d       	andi	r24, 0xDF	; 223
     efc:	88 bb       	out	0x18, r24	; 24

	if(MODE == 8){
     efe:	80 91 1e 01 	lds	r24, 0x011E	; 0x80011e <MODE>
     f02:	88 30       	cpi	r24, 0x08	; 8
     f04:	19 f4       	brne	.+6      	; 0xf0c <LCD_write_command+0x18>
		LCD_DATA_PORT = command;
     f06:	c5 bb       	out	0x15, r28	; 21
		LCD_pulse_enable();
     f08:	bb df       	rcall	.-138    	; 0xe80 <LCD_pulse_enable>
     f0a:	0a c0       	rjmp	.+20     	; 0xf20 <LCD_write_command+0x2c>
	} else{
		LCD_DATA_PORT = command & 0xf0;	// 상위
     f0c:	8c 2f       	mov	r24, r28
     f0e:	80 7f       	andi	r24, 0xF0	; 240
		LCD_pulse_enable();
     f10:	85 bb       	out	0x15, r24	; 21
     f12:	b6 df       	rcall	.-148    	; 0xe80 <LCD_pulse_enable>
		
		LCD_DATA_PORT = (command << 4) & 0xf0;	// 하위
     f14:	20 e1       	ldi	r18, 0x10	; 16
     f16:	c2 9f       	mul	r28, r18
     f18:	c0 01       	movw	r24, r0
     f1a:	11 24       	eor	r1, r1
		LCD_pulse_enable();
     f1c:	85 bb       	out	0x15, r24	; 21
     f1e:	b0 df       	rcall	.-160    	; 0xe80 <LCD_pulse_enable>
     f20:	87 ec       	ldi	r24, 0xC7	; 199
     f22:	90 e0       	ldi	r25, 0x00	; 0
     f24:	01 97       	sbiw	r24, 0x01	; 1
     f26:	f1 f7       	brne	.-4      	; 0xf24 <LCD_write_command+0x30>
     f28:	00 c0       	rjmp	.+0      	; 0xf2a <LCD_write_command+0x36>
     f2a:	00 00       	nop
	}
	_delay_us(50); 
//	_delay_ms(2);
}
     f2c:	cf 91       	pop	r28
     f2e:	08 95       	ret

00000f30 <LCD_clear>:

void LCD_clear(void)
{
	LCD_write_command(COMMAND_CLEAR_DISPLAY);
     f30:	81 e0       	ldi	r24, 0x01	; 1
     f32:	e0 df       	rcall	.-64     	; 0xef4 <LCD_write_command>
	#else
		//round up by default
		__ticks_dc = (uint32_t)(ceil(fabs(__tmp)));
	#endif

	__builtin_avr_delay_cycles(__ticks_dc);
     f34:	8f e3       	ldi	r24, 0x3F	; 63
     f36:	9f e1       	ldi	r25, 0x1F	; 31
     f38:	01 97       	sbiw	r24, 0x01	; 1
     f3a:	f1 f7       	brne	.-4      	; 0xf38 <LCD_clear+0x8>
     f3c:	00 c0       	rjmp	.+0      	; 0xf3e <LCD_clear+0xe>
     f3e:	00 00       	nop
     f40:	08 95       	ret

00000f42 <LCD_init>:
}

void LCD_init(void)
{
	// 연결 핀을 출력으로
	LCD_DATA_DDR = 0xf0;
     f42:	80 ef       	ldi	r24, 0xF0	; 240
     f44:	84 bb       	out	0x14, r24	; 20
	LCD_DATA_PORT = 0x00;	
     f46:	15 ba       	out	0x15, r1	; 21
	
	LCD_CONTROL_DDR |= (1 << RS_PIN) | (1 << RW_PIN) | (1 << E_PIN);
     f48:	87 b3       	in	r24, 0x17	; 23
     f4a:	80 6e       	ori	r24, 0xE0	; 224
     f4c:	87 bb       	out	0x17, r24	; 23
	
	// RW를 쓰기 모드로 (0)
	LCD_CONTROL_PORT &= ~(1 << RW_PIN);
     f4e:	88 b3       	in	r24, 0x18	; 24
     f50:	8f 7b       	andi	r24, 0xBF	; 191
     f52:	88 bb       	out	0x18, r24	; 24
     f54:	2f ef       	ldi	r18, 0xFF	; 255
     f56:	89 ef       	ldi	r24, 0xF9	; 249
     f58:	90 e0       	ldi	r25, 0x00	; 0
     f5a:	21 50       	subi	r18, 0x01	; 1
     f5c:	80 40       	sbci	r24, 0x00	; 0
     f5e:	90 40       	sbci	r25, 0x00	; 0
     f60:	e1 f7       	brne	.-8      	; 0xf5a <LCD_init+0x18>
     f62:	00 c0       	rjmp	.+0      	; 0xf64 <LCD_init+0x22>
     f64:	00 00       	nop
	
	_delay_ms(20);	// doc 기준 15ms 기다리라고 함
	
	// high nibble을 3번 보내주는 작업을 해야함. > 이유는? doc에서 그렇게 하래.
	LCD_write_high_nibble(0x30);	// RS : RW : DB7 : DB6 : DB5 : DB4 = 0 : 0 : 0 : 0 : 1 : 1
     f66:	80 e3       	ldi	r24, 0x30	; 48
     f68:	b8 df       	rcall	.-144    	; 0xeda <LCD_write_high_nibble>
     f6a:	8f e1       	ldi	r24, 0x1F	; 31
     f6c:	9e e4       	ldi	r25, 0x4E	; 78
     f6e:	01 97       	sbiw	r24, 0x01	; 1
     f70:	f1 f7       	brne	.-4      	; 0xf6e <LCD_init+0x2c>
     f72:	00 c0       	rjmp	.+0      	; 0xf74 <LCD_init+0x32>
     f74:	00 00       	nop
	_delay_ms(5);	// 4.1ms 초과 기다림
	
	LCD_write_high_nibble(0x30);	// RS : RW : DB7 : DB6 : DB5 : DB4 = 0 : 0 : 0 : 0 : 1 : 1
     f76:	80 e3       	ldi	r24, 0x30	; 48
     f78:	b0 df       	rcall	.-160    	; 0xeda <LCD_write_high_nibble>
	#else
		//round up by default
		__ticks_dc = (uint32_t)(ceil(fabs(__tmp)));
	#endif

	__builtin_avr_delay_cycles(__ticks_dc);
     f7a:	87 e5       	ldi	r24, 0x57	; 87
     f7c:	92 e0       	ldi	r25, 0x02	; 2
     f7e:	01 97       	sbiw	r24, 0x01	; 1
     f80:	f1 f7       	brne	.-4      	; 0xf7e <LCD_init+0x3c>
     f82:	00 c0       	rjmp	.+0      	; 0xf84 <LCD_init+0x42>
	_delay_us(150);	// 100us 초과 기다림
	
	LCD_write_high_nibble(0x30);	// RS : RW : DB7 : DB6 : DB5 : DB4 = 0 : 0 : 0 : 0 : 1 : 1
     f84:	00 00       	nop
     f86:	80 e3       	ldi	r24, 0x30	; 48
     f88:	a8 df       	rcall	.-176    	; 0xeda <LCD_write_high_nibble>
     f8a:	87 e5       	ldi	r24, 0x57	; 87
     f8c:	92 e0       	ldi	r25, 0x02	; 2
     f8e:	01 97       	sbiw	r24, 0x01	; 1
     f90:	f1 f7       	brne	.-4      	; 0xf8e <LCD_init+0x4c>
     f92:	00 c0       	rjmp	.+0      	; 0xf94 <LCD_init+0x52>
	_delay_us(150);	// 100us 초과 기다림
	
	LCD_write_high_nibble(0x20);	// RS : RW : DB7 : DB6 : DB5 : DB4 = 0 : 0 : 0 : 0 : 1 : 1
     f94:	00 00       	nop
     f96:	80 e2       	ldi	r24, 0x20	; 32
     f98:	a0 df       	rcall	.-192    	; 0xeda <LCD_write_high_nibble>
	#else
		//round up by default
		__ticks_dc = (uint32_t)(ceil(fabs(__tmp)));
	#endif

	__builtin_avr_delay_cycles(__ticks_dc);
     f9a:	8f e1       	ldi	r24, 0x1F	; 31
     f9c:	9e e4       	ldi	r25, 0x4E	; 78
     f9e:	01 97       	sbiw	r24, 0x01	; 1
     fa0:	f1 f7       	brne	.-4      	; 0xf9e <LCD_init+0x5c>
     fa2:	00 c0       	rjmp	.+0      	; 0xfa4 <LCD_init+0x62>
	_delay_ms(5);	// 4.1ms 초과 기다림
	

	LCD_write_command(0x02);
     fa4:	00 00       	nop
     fa6:	82 e0       	ldi	r24, 0x02	; 2
	LCD_write_command(COMMAND_4_BIT_DISPLAY);
     fa8:	a5 df       	rcall	.-182    	; 0xef4 <LCD_write_command>
     faa:	88 e2       	ldi	r24, 0x28	; 40
	
	
	// display on/off control > 화면 on/커서off/커서 깜빡이 off
	uint8_t command = 0x08 | (1 << COMMAND_DISPLAY_ON_OFF_BIT);	// 0x0c
	LCD_write_command(command);
     fac:	a3 df       	rcall	.-186    	; 0xef4 <LCD_write_command>
     fae:	8c e0       	ldi	r24, 0x0C	; 12
	
	LCD_clear();
     fb0:	a1 df       	rcall	.-190    	; 0xef4 <LCD_write_command>
     fb2:	be df       	rcall	.-132    	; 0xf30 <LCD_clear>
	
	// entry mode set : 출력 후 커서 이동 > 화면 이동은 없음. (띄워준거 뒤로 그냥 이동)
	LCD_write_command(0x06);
     fb4:	86 e0       	ldi	r24, 0x06	; 6
     fb6:	9e df       	rcall	.-196    	; 0xef4 <LCD_write_command>
     fb8:	8c e0       	ldi	r24, 0x0C	; 12
	LCD_write_command(0x0c);
     fba:	9c cf       	rjmp	.-200    	; 0xef4 <LCD_write_command>
     fbc:	08 95       	ret

00000fbe <LCD_write_string>:
     fbe:	0f 93       	push	r16
     fc0:	1f 93       	push	r17
}

// READ
void LCD_write_string(char* str)
{
     fc2:	cf 93       	push	r28
     fc4:	8c 01       	movw	r16, r24
	for(uint8_t idx = 0 ; str[idx] ; idx++)
     fc6:	c0 e0       	ldi	r28, 0x00	; 0
     fc8:	02 c0       	rjmp	.+4      	; 0xfce <LCD_write_string+0x10>
		LCD_write_data(str[idx]);
     fca:	69 df       	rcall	.-302    	; 0xe9e <LCD_write_data>
}

// READ
void LCD_write_string(char* str)
{
	for(uint8_t idx = 0 ; str[idx] ; idx++)
     fcc:	cf 5f       	subi	r28, 0xFF	; 255
     fce:	f8 01       	movw	r30, r16
     fd0:	ec 0f       	add	r30, r28
     fd2:	f1 1d       	adc	r31, r1
     fd4:	80 81       	ld	r24, Z
     fd6:	81 11       	cpse	r24, r1
     fd8:	f8 cf       	rjmp	.-16     	; 0xfca <LCD_write_string+0xc>
		LCD_write_data(str[idx]);
}
     fda:	cf 91       	pop	r28
     fdc:	1f 91       	pop	r17
     fde:	0f 91       	pop	r16
     fe0:	08 95       	ret

00000fe2 <LCD_goto_XY>:

void LCD_goto_XY(uint8_t row, uint8_t col)
{
	col %= 16;	// [0 15]
     fe2:	6f 70       	andi	r22, 0x0F	; 15
	row %= 2;	// [0 1]
     fe4:	81 70       	andi	r24, 0x01	; 1
	
	// 첫째 라인 시작 주소 0x00, 둘째 라인 시작 0x40
	uint8_t address = (0x40 * row) + col;
     fe6:	90 e4       	ldi	r25, 0x40	; 64
     fe8:	89 9f       	mul	r24, r25
     fea:	60 0d       	add	r22, r0
     fec:	11 24       	eor	r1, r1
     fee:	86 2f       	mov	r24, r22
	uint8_t command = 0x80 + address;
	
	LCD_write_command(command);	// 커서 이동
     ff0:	80 58       	subi	r24, 0x80	; 128
     ff2:	80 cf       	rjmp	.-256    	; 0xef4 <LCD_write_command>
     ff4:	08 95       	ret

00000ff6 <__vector_16>:
volatile uint32_t idle_counter = 0;

uint8_t MODE = 4;

ISR(TIMER0_OVF_vect)
{
     ff6:	1f 92       	push	r1
     ff8:	0f 92       	push	r0
     ffa:	0f b6       	in	r0, 0x3f	; 63
     ffc:	0f 92       	push	r0
     ffe:	11 24       	eor	r1, r1
    1000:	0b b6       	in	r0, 0x3b	; 59
    1002:	0f 92       	push	r0
    1004:	2f 93       	push	r18
    1006:	3f 93       	push	r19
    1008:	4f 93       	push	r20
    100a:	5f 93       	push	r21
    100c:	6f 93       	push	r22
    100e:	7f 93       	push	r23
    1010:	8f 93       	push	r24
    1012:	9f 93       	push	r25
    1014:	af 93       	push	r26
    1016:	bf 93       	push	r27
    1018:	ef 93       	push	r30
    101a:	ff 93       	push	r31
	TCNT0 = 6;
    101c:	86 e0       	ldi	r24, 0x06	; 6
    101e:	82 bf       	out	0x32, r24	; 50
	if (program_stat == CALCULATOR)
    1020:	80 91 37 03 	lds	r24, 0x0337	; 0x800337 <program_stat>
    1024:	81 30       	cpi	r24, 0x01	; 1
    1026:	a9 f5       	brne	.+106    	; 0x1092 <__DATA_REGION_LENGTH__+0x92>
	{
		idle_counter++;
    1028:	80 91 2e 03 	lds	r24, 0x032E	; 0x80032e <idle_counter>
    102c:	90 91 2f 03 	lds	r25, 0x032F	; 0x80032f <idle_counter+0x1>
    1030:	a0 91 30 03 	lds	r26, 0x0330	; 0x800330 <idle_counter+0x2>
    1034:	b0 91 31 03 	lds	r27, 0x0331	; 0x800331 <idle_counter+0x3>
    1038:	01 96       	adiw	r24, 0x01	; 1
    103a:	a1 1d       	adc	r26, r1
    103c:	b1 1d       	adc	r27, r1
    103e:	80 93 2e 03 	sts	0x032E, r24	; 0x80032e <idle_counter>
    1042:	90 93 2f 03 	sts	0x032F, r25	; 0x80032f <idle_counter+0x1>
    1046:	a0 93 30 03 	sts	0x0330, r26	; 0x800330 <idle_counter+0x2>
    104a:	b0 93 31 03 	sts	0x0331, r27	; 0x800331 <idle_counter+0x3>
		if (++keypad_counter >= 60)
    104e:	80 91 32 03 	lds	r24, 0x0332	; 0x800332 <keypad_counter>
    1052:	90 91 33 03 	lds	r25, 0x0333	; 0x800333 <keypad_counter+0x1>
    1056:	a0 91 34 03 	lds	r26, 0x0334	; 0x800334 <keypad_counter+0x2>
    105a:	b0 91 35 03 	lds	r27, 0x0335	; 0x800335 <keypad_counter+0x3>
    105e:	01 96       	adiw	r24, 0x01	; 1
    1060:	a1 1d       	adc	r26, r1
    1062:	b1 1d       	adc	r27, r1
    1064:	80 93 32 03 	sts	0x0332, r24	; 0x800332 <keypad_counter>
    1068:	90 93 33 03 	sts	0x0333, r25	; 0x800333 <keypad_counter+0x1>
    106c:	a0 93 34 03 	sts	0x0334, r26	; 0x800334 <keypad_counter+0x2>
    1070:	b0 93 35 03 	sts	0x0335, r27	; 0x800335 <keypad_counter+0x3>
    1074:	cc 97       	sbiw	r24, 0x3c	; 60
    1076:	a1 05       	cpc	r26, r1
    1078:	b1 05       	cpc	r27, r1
    107a:	58 f0       	brcs	.+22     	; 0x1092 <__DATA_REGION_LENGTH__+0x92>
		{
			keypad_counter = 0;
    107c:	10 92 32 03 	sts	0x0332, r1	; 0x800332 <keypad_counter>
    1080:	10 92 33 03 	sts	0x0333, r1	; 0x800333 <keypad_counter+0x1>
    1084:	10 92 34 03 	sts	0x0334, r1	; 0x800334 <keypad_counter+0x2>
    1088:	10 92 35 03 	sts	0x0335, r1	; 0x800335 <keypad_counter+0x3>
			uint8_t keydata = keypad_scan();
    108c:	be de       	rcall	.-644    	; 0xe0a <keypad_scan>
			if (keydata != 0) insert_queue(keydata);
    108e:	81 11       	cpse	r24, r1
    1090:	46 d1       	rcall	.+652    	; 0x131e <insert_queue>
		}
	}
}
    1092:	ff 91       	pop	r31
    1094:	ef 91       	pop	r30
    1096:	bf 91       	pop	r27
    1098:	af 91       	pop	r26
    109a:	9f 91       	pop	r25
    109c:	8f 91       	pop	r24
    109e:	7f 91       	pop	r23
    10a0:	6f 91       	pop	r22
    10a2:	5f 91       	pop	r21
    10a4:	4f 91       	pop	r20
    10a6:	3f 91       	pop	r19
    10a8:	2f 91       	pop	r18
    10aa:	0f 90       	pop	r0
    10ac:	0b be       	out	0x3b, r0	; 59
    10ae:	0f 90       	pop	r0
    10b0:	0f be       	out	0x3f, r0	; 63
    10b2:	0f 90       	pop	r0
    10b4:	1f 90       	pop	r1
    10b6:	18 95       	reti

000010b8 <minus_specific_value>:
		}
	}
}

void minus_specific_value(t_ds1307* ds1307)
{
    10b8:	fc 01       	movw	r30, r24
	switch (chg_clock_stat)
    10ba:	90 91 36 03 	lds	r25, 0x0336	; 0x800336 <chg_clock_stat>
    10be:	93 30       	cpi	r25, 0x03	; 3
    10c0:	a1 f0       	breq	.+40     	; 0x10ea <minus_specific_value+0x32>
    10c2:	28 f4       	brcc	.+10     	; 0x10ce <minus_specific_value+0x16>
    10c4:	91 30       	cpi	r25, 0x01	; 1
    10c6:	49 f0       	breq	.+18     	; 0x10da <minus_specific_value+0x22>
    10c8:	92 30       	cpi	r25, 0x02	; 2
    10ca:	59 f0       	breq	.+22     	; 0x10e2 <minus_specific_value+0x2a>
    10cc:	08 95       	ret
    10ce:	95 30       	cpi	r25, 0x05	; 5
    10d0:	a1 f0       	breq	.+40     	; 0x10fa <minus_specific_value+0x42>
    10d2:	78 f0       	brcs	.+30     	; 0x10f2 <minus_specific_value+0x3a>
    10d4:	96 30       	cpi	r25, 0x06	; 6
    10d6:	a9 f0       	breq	.+42     	; 0x1102 <__stack+0x3>
    10d8:	08 95       	ret
	{
		case NOTHING:
			// keypad 기반으로 수정하는 기능
			break;
		case CHG_YY:
			ds1307->year--;
    10da:	86 81       	ldd	r24, Z+6	; 0x06
    10dc:	81 50       	subi	r24, 0x01	; 1
    10de:	86 83       	std	Z+6, r24	; 0x06
			break;
    10e0:	08 95       	ret
		case CHG_MM:
			ds1307->month--;
    10e2:	84 81       	ldd	r24, Z+4	; 0x04
    10e4:	81 50       	subi	r24, 0x01	; 1
    10e6:	84 83       	std	Z+4, r24	; 0x04
			break;
    10e8:	08 95       	ret
		case CHG_DD:
			ds1307->date--;
    10ea:	83 81       	ldd	r24, Z+3	; 0x03
    10ec:	81 50       	subi	r24, 0x01	; 1
    10ee:	83 83       	std	Z+3, r24	; 0x03
			break;
    10f0:	08 95       	ret
		case CHG_HOUR:
			ds1307->hours--;
    10f2:	82 81       	ldd	r24, Z+2	; 0x02
    10f4:	81 50       	subi	r24, 0x01	; 1
    10f6:	82 83       	std	Z+2, r24	; 0x02
			break;
    10f8:	08 95       	ret
		case CHG_MIN:
			ds1307->minutes--;
    10fa:	81 81       	ldd	r24, Z+1	; 0x01
    10fc:	81 50       	subi	r24, 0x01	; 1
    10fe:	81 83       	std	Z+1, r24	; 0x01
			break;
    1100:	08 95       	ret
		case CHG_SEC:
			ds1307->seconds--;
    1102:	80 81       	ld	r24, Z
    1104:	81 50       	subi	r24, 0x01	; 1
    1106:	80 83       	st	Z, r24
    1108:	08 95       	ret

0000110a <plus_specific_value>:
			break;
	}
}

void plus_specific_value(t_ds1307* ds1307)
{
    110a:	fc 01       	movw	r30, r24
	switch (chg_clock_stat)
    110c:	90 91 36 03 	lds	r25, 0x0336	; 0x800336 <chg_clock_stat>
    1110:	93 30       	cpi	r25, 0x03	; 3
    1112:	a1 f0       	breq	.+40     	; 0x113c <plus_specific_value+0x32>
    1114:	28 f4       	brcc	.+10     	; 0x1120 <plus_specific_value+0x16>
    1116:	91 30       	cpi	r25, 0x01	; 1
    1118:	49 f0       	breq	.+18     	; 0x112c <plus_specific_value+0x22>
    111a:	92 30       	cpi	r25, 0x02	; 2
    111c:	59 f0       	breq	.+22     	; 0x1134 <plus_specific_value+0x2a>
    111e:	08 95       	ret
    1120:	95 30       	cpi	r25, 0x05	; 5
    1122:	a1 f0       	breq	.+40     	; 0x114c <plus_specific_value+0x42>
    1124:	78 f0       	brcs	.+30     	; 0x1144 <plus_specific_value+0x3a>
    1126:	96 30       	cpi	r25, 0x06	; 6
    1128:	a9 f0       	breq	.+42     	; 0x1154 <plus_specific_value+0x4a>
    112a:	08 95       	ret
	{
		case NOTHING:
			// keypad 기반으로 수정하는 기능
			break;
		case CHG_YY:
			ds1307->year++;
    112c:	86 81       	ldd	r24, Z+6	; 0x06
    112e:	8f 5f       	subi	r24, 0xFF	; 255
    1130:	86 83       	std	Z+6, r24	; 0x06
			break;
    1132:	08 95       	ret
		case CHG_MM:
			ds1307->month++;
    1134:	84 81       	ldd	r24, Z+4	; 0x04
    1136:	8f 5f       	subi	r24, 0xFF	; 255
    1138:	84 83       	std	Z+4, r24	; 0x04
			break;
    113a:	08 95       	ret
		case CHG_DD:
			ds1307->date++;
    113c:	83 81       	ldd	r24, Z+3	; 0x03
    113e:	8f 5f       	subi	r24, 0xFF	; 255
    1140:	83 83       	std	Z+3, r24	; 0x03
			break;
    1142:	08 95       	ret
		case CHG_HOUR:
			ds1307->hours++;
    1144:	82 81       	ldd	r24, Z+2	; 0x02
    1146:	8f 5f       	subi	r24, 0xFF	; 255
    1148:	82 83       	std	Z+2, r24	; 0x02
			break;
    114a:	08 95       	ret
		case CHG_MIN:
			ds1307->minutes++;
    114c:	81 81       	ldd	r24, Z+1	; 0x01
    114e:	8f 5f       	subi	r24, 0xFF	; 255
    1150:	81 83       	std	Z+1, r24	; 0x01
			break;
    1152:	08 95       	ret
		case CHG_SEC:
			ds1307->seconds++;
    1154:	80 81       	ld	r24, Z
    1156:	8f 5f       	subi	r24, 0xFF	; 255
    1158:	80 83       	st	Z, r24
    115a:	08 95       	ret

0000115c <init_timer0>:
}


void init_timer0(void)
{
	TCNT0 = 6;   // TCNT0 6~256 : 250개 펄스 count하기 위해 
    115c:	86 e0       	ldi	r24, 0x06	; 6
    115e:	82 bf       	out	0x32, r24	; 50
	
	TCCR0 &= ~(1 << CS02 | 1 << CS01 | 1 << CS00);   // 
    1160:	83 b7       	in	r24, 0x33	; 51
    1162:	88 7f       	andi	r24, 0xF8	; 248
    1164:	83 bf       	out	0x33, r24	; 51
	TCCR0 |= 1 << CS02 | 0 << CS01 | 0 << CS00;   // 64분주  
    1166:	83 b7       	in	r24, 0x33	; 51
    1168:	84 60       	ori	r24, 0x04	; 4
    116a:	83 bf       	out	0x33, r24	; 51
	TIMSK |= 1 << TOIE0;     // TIMER0 Overflow INT 
    116c:	87 b7       	in	r24, 0x37	; 55
    116e:	81 60       	ori	r24, 0x01	; 1
    1170:	87 bf       	out	0x37, r24	; 55
    1172:	08 95       	ret

00001174 <main>:
		}
	}
}

int main(void)
{
    1174:	cf 93       	push	r28
    1176:	df 93       	push	r29
    1178:	cd b7       	in	r28, 0x3d	; 61
    117a:	de b7       	in	r29, 0x3e	; 62
    117c:	29 97       	sbiw	r28, 0x09	; 9
    117e:	0f b6       	in	r0, 0x3f	; 63
    1180:	f8 94       	cli
    1182:	de bf       	out	0x3e, r29	; 62
    1184:	0f be       	out	0x3f, r0	; 63
    1186:	cd bf       	out	0x3d, r28	; 61
	char lcd_buf[32];
	t_ds1307 data;
	t_ds1307 *ds1307 = &data;   // main() 지역변수, while(1) 동안 계속 살아있음

	stdout = &OUTPUT;
    1188:	8f e1       	ldi	r24, 0x1F	; 31
    118a:	91 e0       	ldi	r25, 0x01	; 1
    118c:	90 93 c7 06 	sts	0x06C7, r25	; 0x8006c7 <__iob+0x3>
    1190:	80 93 c6 06 	sts	0x06C6, r24	; 0x8006c6 <__iob+0x2>
	sei();                       // UART RX 인터럽트 쓰므로 전역 인터럽트 활성화 필수
    1194:	78 94       	sei

	init_timer0();
    1196:	e2 df       	rcall	.-60     	; 0x115c <init_timer0>
	LCD_init();
    1198:	d4 de       	rcall	.-600    	; 0xf42 <LCD_init>
	init_keypad();
    119a:	9b dd       	rcall	.-1226   	; 0xcd2 <init_keypad>
	ds1307_init(ds1307);         // 1회 초기화
    119c:	ce 01       	movw	r24, r28
    119e:	01 96       	adiw	r24, 0x01	; 1
    11a0:	91 dc       	rcall	.-1758   	; 0xac4 <ds1307_init>
    11a2:	67 e0       	ldi	r22, 0x07	; 7
	
	// 현 문제: clk mode > chg clk mode 바꾸면 자동으로 다시 clk mode로 감.
	while (1)
	{
		// trouble shooting) btn4 배선을 안 하고 해서 이 부분에서 에러가 나서 여러번 눌러야 넘어갔다. >> 코드 실습할 때, 배선이 된 부분에 대한 코드만 넣어서 에러나지 않도록 해야함.
		if(get_button(BUTTON4, BUTTON4PIN))
    11a4:	70 e0       	ldi	r23, 0x00	; 0
    11a6:	84 e0       	ldi	r24, 0x04	; 4
    11a8:	90 e0       	ldi	r25, 0x00	; 0
    11aa:	0e 94 6c 00 	call	0xd8	; 0xd8 <get_button>
    11ae:	89 2b       	or	r24, r25
    11b0:	f9 f0       	breq	.+62     	; 0x11f0 <main+0x7c>
    11b2:	81 e0       	ldi	r24, 0x01	; 1
		{
			program_stat = program_stat == RTC_CLOCK ? CALCULATOR : RTC_CLOCK;
    11b4:	90 91 37 03 	lds	r25, 0x0337	; 0x800337 <program_stat>
    11b8:	91 11       	cpse	r25, r1
    11ba:	80 e0       	ldi	r24, 0x00	; 0
    11bc:	80 93 37 03 	sts	0x0337, r24	; 0x800337 <program_stat>
			LCD_clear();
    11c0:	b7 de       	rcall	.-658    	; 0xf30 <LCD_clear>
    11c2:	80 91 37 03 	lds	r24, 0x0337	; 0x800337 <program_stat>
			if(program_stat== CALCULATOR) { calculator_processing('C'); idle_counter = 0; }
    11c6:	81 30       	cpi	r24, 0x01	; 1
    11c8:	51 f4       	brne	.+20     	; 0x11de <main+0x6a>
    11ca:	83 e4       	ldi	r24, 0x43	; 67
    11cc:	60 da       	rcall	.-2880   	; 0x68e <calculator_processing>
    11ce:	10 92 2e 03 	sts	0x032E, r1	; 0x80032e <idle_counter>
    11d2:	10 92 2f 03 	sts	0x032F, r1	; 0x80032f <idle_counter+0x1>
    11d6:	10 92 30 03 	sts	0x0330, r1	; 0x800330 <idle_counter+0x2>
    11da:	10 92 31 03 	sts	0x0331, r1	; 0x800331 <idle_counter+0x3>
    11de:	2f ef       	ldi	r18, 0xFF	; 255
    11e0:	80 e7       	ldi	r24, 0x70	; 112
    11e2:	92 e0       	ldi	r25, 0x02	; 2
    11e4:	21 50       	subi	r18, 0x01	; 1
    11e6:	80 40       	sbci	r24, 0x00	; 0
    11e8:	90 40       	sbci	r25, 0x00	; 0
    11ea:	e1 f7       	brne	.-8      	; 0x11e4 <main+0x70>
    11ec:	00 c0       	rjmp	.+0      	; 0x11ee <main+0x7a>
    11ee:	00 00       	nop
    11f0:	66 e0       	ldi	r22, 0x06	; 6
			_delay_ms(50);
		}

		// BTN3이 눌림 > print_chg_mode(ds1307);
		// BTN3눌린 상태에서 BTN2가 눌리면 CHG_DATE / CHG_TIME 이렇게 뜨는거.	* chg_clock_stat 사용(한번 BTN2로 오면 계속 설정 선택만. BTN3 눌렸을때 NOTHING으로 설정)
		if(get_button(BUTTON3, BUTTON3PIN) && (program_stat == RTC_CLOCK || program_stat == RTC_CHG_MODE)){	// 이땐 NOTHING
    11f2:	70 e0       	ldi	r23, 0x00	; 0
    11f4:	83 e0       	ldi	r24, 0x03	; 3
    11f6:	90 e0       	ldi	r25, 0x00	; 0
    11f8:	0e 94 6c 00 	call	0xd8	; 0xd8 <get_button>
    11fc:	89 2b       	or	r24, r25
    11fe:	79 f0       	breq	.+30     	; 0x121e <main+0xaa>
    1200:	80 91 37 03 	lds	r24, 0x0337	; 0x800337 <program_stat>
    1204:	88 23       	and	r24, r24
    1206:	11 f0       	breq	.+4      	; 0x120c <main+0x98>
    1208:	82 30       	cpi	r24, 0x02	; 2
    120a:	49 f4       	brne	.+18     	; 0x121e <main+0xaa>
    120c:	10 92 36 03 	sts	0x0336, r1	; 0x800336 <chg_clock_stat>
			chg_clock_stat = NOTHING;
    1210:	81 11       	cpse	r24, r1
			program_stat = program_stat == RTC_CLOCK ? RTC_CHG_MODE : RTC_CLOCK;
    1212:	02 c0       	rjmp	.+4      	; 0x1218 <main+0xa4>
    1214:	82 e0       	ldi	r24, 0x02	; 2
    1216:	01 c0       	rjmp	.+2      	; 0x121a <main+0xa6>
    1218:	80 e0       	ldi	r24, 0x00	; 0
    121a:	80 93 37 03 	sts	0x0337, r24	; 0x800337 <program_stat>
    121e:	65 e0       	ldi	r22, 0x05	; 5
		} 
		if(get_button(BUTTON2, BUTTON2PIN) && program_stat == RTC_CHG_MODE){
    1220:	70 e0       	ldi	r23, 0x00	; 0
    1222:	82 e0       	ldi	r24, 0x02	; 2
    1224:	90 e0       	ldi	r25, 0x00	; 0
    1226:	0e 94 6c 00 	call	0xd8	; 0xd8 <get_button>
    122a:	89 2b       	or	r24, r25
    122c:	71 f0       	breq	.+28     	; 0x124a <main+0xd6>
    122e:	80 91 37 03 	lds	r24, 0x0337	; 0x800337 <program_stat>
    1232:	82 30       	cpi	r24, 0x02	; 2
    1234:	51 f4       	brne	.+20     	; 0x124a <main+0xd6>
    1236:	80 91 36 03 	lds	r24, 0x0336	; 0x800336 <chg_clock_stat>
			switch (chg_clock_stat)
    123a:	86 30       	cpi	r24, 0x06	; 6
    123c:	19 f4       	brne	.+6      	; 0x1244 <main+0xd0>
    123e:	10 92 36 03 	sts	0x0336, r1	; 0x800336 <chg_clock_stat>
			{
				// yy mm dd hh min sec
				case CHG_SEC:
					chg_clock_stat = NOTHING;
    1242:	03 c0       	rjmp	.+6      	; 0x124a <main+0xd6>
					break;
    1244:	8f 5f       	subi	r24, 0xFF	; 255
				default:
					chg_clock_stat++;
    1246:	80 93 36 03 	sts	0x0336, r24	; 0x800336 <chg_clock_stat>
    124a:	63 e0       	ldi	r22, 0x03	; 3
					break;
			}
		} 
		if(get_button(BUTTON0, BUTTON0PIN) && program_stat == RTC_CHG_MODE)
    124c:	70 e0       	ldi	r23, 0x00	; 0
    124e:	80 e0       	ldi	r24, 0x00	; 0
    1250:	90 e0       	ldi	r25, 0x00	; 0
    1252:	0e 94 6c 00 	call	0xd8	; 0xd8 <get_button>
    1256:	89 2b       	or	r24, r25
    1258:	69 f0       	breq	.+26     	; 0x1274 <main+0x100>
    125a:	80 91 37 03 	lds	r24, 0x0337	; 0x800337 <program_stat>
    125e:	82 30       	cpi	r24, 0x02	; 2
    1260:	49 f4       	brne	.+18     	; 0x1274 <main+0x100>
		{
			minus_specific_value(ds1307);
    1262:	ce 01       	movw	r24, r28
    1264:	01 96       	adiw	r24, 0x01	; 1
    1266:	28 df       	rcall	.-432    	; 0x10b8 <minus_specific_value>
    1268:	81 e0       	ldi	r24, 0x01	; 1
			rtc_update_flag = 1;
    126a:	90 e0       	ldi	r25, 0x00	; 0
    126c:	90 93 3b 03 	sts	0x033B, r25	; 0x80033b <rtc_update_flag+0x1>
    1270:	80 93 3a 03 	sts	0x033A, r24	; 0x80033a <rtc_update_flag>
    1274:	64 e0       	ldi	r22, 0x04	; 4
		} 
		if(get_button(BUTTON1, BUTTON1PIN) && program_stat == RTC_CHG_MODE)
    1276:	70 e0       	ldi	r23, 0x00	; 0
    1278:	81 e0       	ldi	r24, 0x01	; 1
    127a:	90 e0       	ldi	r25, 0x00	; 0
    127c:	0e 94 6c 00 	call	0xd8	; 0xd8 <get_button>
    1280:	89 2b       	or	r24, r25
    1282:	69 f0       	breq	.+26     	; 0x129e <main+0x12a>
    1284:	80 91 37 03 	lds	r24, 0x0337	; 0x800337 <program_stat>
    1288:	82 30       	cpi	r24, 0x02	; 2
    128a:	49 f4       	brne	.+18     	; 0x129e <main+0x12a>
		{
			plus_specific_value(ds1307);
    128c:	ce 01       	movw	r24, r28
    128e:	01 96       	adiw	r24, 0x01	; 1
    1290:	3c df       	rcall	.-392    	; 0x110a <plus_specific_value>
    1292:	81 e0       	ldi	r24, 0x01	; 1
			rtc_update_flag = 1;
    1294:	90 e0       	ldi	r25, 0x00	; 0
    1296:	90 93 3b 03 	sts	0x033B, r25	; 0x80033b <rtc_update_flag+0x1>
    129a:	80 93 3a 03 	sts	0x033A, r24	; 0x80033a <rtc_update_flag>
    129e:	80 91 37 03 	lds	r24, 0x0337	; 0x800337 <program_stat>
		}

		if(program_stat == RTC_CLOCK || program_stat == RTC_CHG_MODE /* || chg_clock_stat != NOTHING */){
    12a2:	88 23       	and	r24, r24
    12a4:	11 f0       	breq	.+4      	; 0x12aa <main+0x136>
    12a6:	82 30       	cpi	r24, 0x02	; 2
    12a8:	39 f4       	brne	.+14     	; 0x12b8 <main+0x144>
			ds1307_main(ds1307);	// 값 리뉴얼
    12aa:	ce 01       	movw	r24, r28
    12ac:	01 96       	adiw	r24, 0x01	; 1
    12ae:	16 dc       	rcall	.-2004   	; 0xadc <ds1307_main>
    12b0:	ce 01       	movw	r24, r28
			print_calendar(ds1307);
    12b2:	01 96       	adiw	r24, 0x01	; 1
    12b4:	4a dc       	rcall	.-1900   	; 0xb4a <print_calendar>
    12b6:	75 cf       	rjmp	.-278    	; 0x11a2 <main+0x2e>
    12b8:	81 30       	cpi	r24, 0x01	; 1
    12ba:	09 f0       	breq	.+2      	; 0x12be <main+0x14a>
		} else if(program_stat == CALCULATOR)
    12bc:	72 cf       	rjmp	.-284    	; 0x11a2 <main+0x2e>
    12be:	27 e3       	ldi	r18, 0x37	; 55
			//while (front != rear) {
				//memset((void*)rx_buff[front], 0, sizeof(rx_buff[front]));
				//front = (front + 1) % QUEUE_SIZE;
			//}

			cal_main(&idle_counter, TIMEOUT_MS, &program_stat);
    12c0:	33 e0       	ldi	r19, 0x03	; 3
    12c2:	40 e6       	ldi	r20, 0x60	; 96
    12c4:	5a ee       	ldi	r21, 0xEA	; 234
    12c6:	60 e0       	ldi	r22, 0x00	; 0
    12c8:	70 e0       	ldi	r23, 0x00	; 0
    12ca:	8e e2       	ldi	r24, 0x2E	; 46
    12cc:	93 e0       	ldi	r25, 0x03	; 3
    12ce:	bb da       	rcall	.-2698   	; 0x846 <cal_main>
    12d0:	68 cf       	rjmp	.-304    	; 0x11a2 <main+0x2e>

000012d2 <queue_full>:
    12d2:	80 91 2d 01 	lds	r24, 0x012D	; 0x80012d <circular_rear>
}

void queue_init()  // queue가 텅 빈경우 fron와 circular_rear가 동일한 위치를 가리틴다.
{
	circular_front=-1;   // read index
	circular_rear=-1;    // insert index	
    12d6:	90 91 2e 01 	lds	r25, 0x012E	; 0x80012e <circular_rear+0x1>
    12da:	01 96       	adiw	r24, 0x01	; 1
    12dc:	64 e6       	ldi	r22, 0x64	; 100
    12de:	70 e0       	ldi	r23, 0x00	; 0
    12e0:	a4 d1       	rcall	.+840    	; 0x162a <__divmodhi4>
    12e2:	20 91 2f 01 	lds	r18, 0x012F	; 0x80012f <circular_front>
    12e6:	30 91 30 01 	lds	r19, 0x0130	; 0x800130 <circular_front+0x1>
    12ea:	82 17       	cp	r24, r18
    12ec:	93 07       	cpc	r25, r19
    12ee:	19 f4       	brne	.+6      	; 0x12f6 <queue_full+0x24>
    12f0:	81 e0       	ldi	r24, 0x01	; 1
    12f2:	90 e0       	ldi	r25, 0x00	; 0
    12f4:	08 95       	ret
    12f6:	80 e0       	ldi	r24, 0x00	; 0
    12f8:	90 e0       	ldi	r25, 0x00	; 0
    12fa:	08 95       	ret

000012fc <queue_empty>:
    12fc:	20 91 2d 01 	lds	r18, 0x012D	; 0x80012d <circular_rear>
    1300:	30 91 2e 01 	lds	r19, 0x012E	; 0x80012e <circular_rear+0x1>
    1304:	80 91 2f 01 	lds	r24, 0x012F	; 0x80012f <circular_front>
    1308:	90 91 30 01 	lds	r25, 0x0130	; 0x800130 <circular_front+0x1>
    130c:	28 17       	cp	r18, r24
    130e:	39 07       	cpc	r19, r25
    1310:	19 f4       	brne	.+6      	; 0x1318 <queue_empty+0x1c>
    1312:	81 e0       	ldi	r24, 0x01	; 1
    1314:	90 e0       	ldi	r25, 0x00	; 0
    1316:	08 95       	ret
    1318:	80 e0       	ldi	r24, 0x00	; 0
    131a:	90 e0       	ldi	r25, 0x00	; 0
    131c:	08 95       	ret

0000131e <insert_queue>:
}

void insert_queue(uint8_t value)
{
    131e:	cf 93       	push	r28
    1320:	c8 2f       	mov	r28, r24
	if (queue_full())
    1322:	d7 df       	rcall	.-82     	; 0x12d2 <queue_full>
    1324:	89 2b       	or	r24, r25
    1326:	21 f0       	breq	.+8      	; 0x1330 <insert_queue+0x12>
	{
		printf("queue full!!!!\n");
    1328:	8b eb       	ldi	r24, 0xBB	; 187
    132a:	92 e0       	ldi	r25, 0x02	; 2
    132c:	22 d2       	rcall	.+1092   	; 0x1772 <puts>
		return;
    132e:	10 c0       	rjmp	.+32     	; 0x1350 <insert_queue+0x32>
	}
	else   // save 
	{
		circular_rear = (circular_rear+1) % QUEUE_MAX;
    1330:	80 91 2d 01 	lds	r24, 0x012D	; 0x80012d <circular_rear>
    1334:	90 91 2e 01 	lds	r25, 0x012E	; 0x80012e <circular_rear+0x1>
    1338:	01 96       	adiw	r24, 0x01	; 1
    133a:	64 e6       	ldi	r22, 0x64	; 100
    133c:	70 e0       	ldi	r23, 0x00	; 0
    133e:	75 d1       	rcall	.+746    	; 0x162a <__divmodhi4>
    1340:	90 93 2e 01 	sts	0x012E, r25	; 0x80012e <circular_rear+0x1>
    1344:	80 93 2d 01 	sts	0x012D, r24	; 0x80012d <circular_rear>
		queue[circular_rear]=value;
    1348:	fc 01       	movw	r30, r24
    134a:	e0 5a       	subi	r30, 0xA0	; 160
    134c:	f9 4f       	sbci	r31, 0xF9	; 249
    134e:	c0 83       	st	Z, r28
	}
}
    1350:	cf 91       	pop	r28
    1352:	08 95       	ret

00001354 <delete_queue>:

uint8_t delete_queue(void)
{
	if (queue_empty())
    1354:	d3 df       	rcall	.-90     	; 0x12fc <queue_empty>
    1356:	89 2b       	or	r24, r25
    1358:	29 f0       	breq	.+10     	; 0x1364 <delete_queue+0x10>
	{
		printf("Queue is empty !!!\n");
    135a:	88 ea       	ldi	r24, 0xA8	; 168
    135c:	92 e0       	ldi	r25, 0x02	; 2
    135e:	09 d2       	rcall	.+1042   	; 0x1772 <puts>
		return 0;
    1360:	80 e0       	ldi	r24, 0x00	; 0
    1362:	08 95       	ret
	}
	else
	{
		circular_front = (circular_front + 1) % QUEUE_MAX;
    1364:	80 91 2f 01 	lds	r24, 0x012F	; 0x80012f <circular_front>
    1368:	90 91 30 01 	lds	r25, 0x0130	; 0x800130 <circular_front+0x1>
    136c:	01 96       	adiw	r24, 0x01	; 1
    136e:	64 e6       	ldi	r22, 0x64	; 100
    1370:	70 e0       	ldi	r23, 0x00	; 0
    1372:	5b d1       	rcall	.+694    	; 0x162a <__divmodhi4>
    1374:	90 93 30 01 	sts	0x0130, r25	; 0x800130 <circular_front+0x1>
    1378:	80 93 2f 01 	sts	0x012F, r24	; 0x80012f <circular_front>
		return (queue[circular_front]);
    137c:	fc 01       	movw	r30, r24
    137e:	e0 5a       	subi	r30, 0xA0	; 160
    1380:	f9 4f       	sbci	r31, 0xF9	; 249
    1382:	80 81       	ld	r24, Z
	}
}
    1384:	08 95       	ret

00001386 <is_queue_empty>:

uint8_t is_queue_empty(void)
{
	return (queue_empty() == TRUE);
    1386:	ba df       	rcall	.-140    	; 0x12fc <queue_empty>
    1388:	21 e0       	ldi	r18, 0x01	; 1
    138a:	01 97       	sbiw	r24, 0x01	; 1
    138c:	09 f0       	breq	.+2      	; 0x1390 <is_queue_empty+0xa>
    138e:	20 e0       	ldi	r18, 0x00	; 0
}
    1390:	82 2f       	mov	r24, r18
    1392:	08 95       	ret

00001394 <__vector_18>:

// p278 표 12-3
// PC로부터 1byte가 들어오면 자동적으로 이곳으로 진입한다.
// led_all_on\n 이면, 11번 이곳으로 진입한다.
ISR(USART0_RX_vect)
{
    1394:	1f 92       	push	r1
    1396:	0f 92       	push	r0
    1398:	0f b6       	in	r0, 0x3f	; 63
    139a:	0f 92       	push	r0
    139c:	11 24       	eor	r1, r1
    139e:	0b b6       	in	r0, 0x3b	; 59
    13a0:	0f 92       	push	r0
    13a2:	2f 93       	push	r18
    13a4:	3f 93       	push	r19
    13a6:	4f 93       	push	r20
    13a8:	5f 93       	push	r21
    13aa:	6f 93       	push	r22
    13ac:	7f 93       	push	r23
    13ae:	8f 93       	push	r24
    13b0:	9f 93       	push	r25
    13b2:	af 93       	push	r26
    13b4:	bf 93       	push	r27
    13b6:	ef 93       	push	r30
    13b8:	ff 93       	push	r31
    13ba:	cf 93       	push	r28
    13bc:	df 93       	push	r29
    13be:	1f 92       	push	r1
    13c0:	cd b7       	in	r28, 0x3d	; 61
    13c2:	de b7       	in	r29, 0x3e	; 62
	volatile uint8_t data;
	volatile static int i=0;
	
	data = UDR0;		// UDR0의 내용이 data에 복사된 후, UDR0의 내용은 빈 상태로 된다.
    13c4:	8c b1       	in	r24, 0x0c	; 12
    13c6:	89 83       	std	Y+1, r24	; 0x01
	
	if(data == '\n' || data == '\r')
    13c8:	89 81       	ldd	r24, Y+1	; 0x01
    13ca:	8a 30       	cpi	r24, 0x0A	; 10
    13cc:	19 f0       	breq	.+6      	; 0x13d4 <__vector_18+0x40>
    13ce:	89 81       	ldd	r24, Y+1	; 0x01
    13d0:	8d 30       	cpi	r24, 0x0D	; 13
    13d2:	c1 f5       	brne	.+112    	; 0x1444 <__vector_18+0xb0>
	{
		if( (rear + 1) % QUEUE_SIZE == front % QUEUE_SIZE)
    13d4:	80 91 3c 03 	lds	r24, 0x033C	; 0x80033c <rear>
    13d8:	90 91 3d 03 	lds	r25, 0x033D	; 0x80033d <rear+0x1>
    13dc:	01 96       	adiw	r24, 0x01	; 1
    13de:	2a e0       	ldi	r18, 0x0A	; 10
    13e0:	30 e0       	ldi	r19, 0x00	; 0
    13e2:	b9 01       	movw	r22, r18
    13e4:	22 d1       	rcall	.+580    	; 0x162a <__divmodhi4>
    13e6:	fc 01       	movw	r30, r24
    13e8:	80 91 5e 06 	lds	r24, 0x065E	; 0x80065e <front>
    13ec:	90 91 5f 06 	lds	r25, 0x065F	; 0x80065f <front+0x1>
    13f0:	b9 01       	movw	r22, r18
    13f2:	1b d1       	rcall	.+566    	; 0x162a <__divmodhi4>
    13f4:	e8 17       	cp	r30, r24
    13f6:	f9 07       	cpc	r31, r25
    13f8:	09 f4       	brne	.+2      	; 0x13fc <__vector_18+0x68>
    13fa:	53 c0       	rjmp	.+166    	; 0x14a2 <__vector_18+0x10e>
			return;	//	queue full 상태
			
		rx_buff[rear][i] = '\0';	// 문장의 끝인 null을 넣는다.
    13fc:	20 91 3c 03 	lds	r18, 0x033C	; 0x80033c <rear>
    1400:	30 91 3d 03 	lds	r19, 0x033D	; 0x80033d <rear+0x1>
    1404:	80 91 38 03 	lds	r24, 0x0338	; 0x800338 <i.2110>
    1408:	90 91 39 03 	lds	r25, 0x0339	; 0x800339 <i.2110+0x1>
    140c:	40 e5       	ldi	r20, 0x50	; 80
    140e:	42 9f       	mul	r20, r18
    1410:	f0 01       	movw	r30, r0
    1412:	43 9f       	mul	r20, r19
    1414:	f0 0d       	add	r31, r0
    1416:	11 24       	eor	r1, r1
    1418:	e2 5c       	subi	r30, 0xC2	; 194
    141a:	fc 4f       	sbci	r31, 0xFC	; 252
    141c:	e8 0f       	add	r30, r24
    141e:	f9 1f       	adc	r31, r25
    1420:	10 82       	st	Z, r1
		i=0;	// 다음 string을 저장하기 위해 i=0으로 할당한다.
    1422:	10 92 39 03 	sts	0x0339, r1	; 0x800339 <i.2110+0x1>
    1426:	10 92 38 03 	sts	0x0338, r1	; 0x800338 <i.2110>
		rear = (rear + 1) % QUEUE_SIZE;	// 0 ~ 9
    142a:	80 91 3c 03 	lds	r24, 0x033C	; 0x80033c <rear>
    142e:	90 91 3d 03 	lds	r25, 0x033D	; 0x80033d <rear+0x1>
    1432:	01 96       	adiw	r24, 0x01	; 1
    1434:	6a e0       	ldi	r22, 0x0A	; 10
    1436:	70 e0       	ldi	r23, 0x00	; 0
    1438:	f8 d0       	rcall	.+496    	; 0x162a <__divmodhi4>
    143a:	90 93 3d 03 	sts	0x033D, r25	; 0x80033d <rear+0x1>
    143e:	80 93 3c 03 	sts	0x033C, r24	; 0x80033c <rear>
    1442:	2f c0       	rjmp	.+94     	; 0x14a2 <__vector_18+0x10e>
	}
	else
	{
		if( (rear + 1) % QUEUE_SIZE == front % QUEUE_SIZE)
    1444:	80 91 3c 03 	lds	r24, 0x033C	; 0x80033c <rear>
    1448:	90 91 3d 03 	lds	r25, 0x033D	; 0x80033d <rear+0x1>
    144c:	01 96       	adiw	r24, 0x01	; 1
    144e:	2a e0       	ldi	r18, 0x0A	; 10
    1450:	30 e0       	ldi	r19, 0x00	; 0
    1452:	b9 01       	movw	r22, r18
    1454:	ea d0       	rcall	.+468    	; 0x162a <__divmodhi4>
    1456:	fc 01       	movw	r30, r24
    1458:	80 91 5e 06 	lds	r24, 0x065E	; 0x80065e <front>
    145c:	90 91 5f 06 	lds	r25, 0x065F	; 0x80065f <front+0x1>
    1460:	b9 01       	movw	r22, r18
    1462:	e3 d0       	rcall	.+454    	; 0x162a <__divmodhi4>
    1464:	e8 17       	cp	r30, r24
    1466:	f9 07       	cpc	r31, r25
    1468:	e1 f0       	breq	.+56     	; 0x14a2 <__vector_18+0x10e>
			return;	//	queue full 상태
		
		rx_buff[rear][i++] = data;
    146a:	60 91 3c 03 	lds	r22, 0x033C	; 0x80033c <rear>
    146e:	70 91 3d 03 	lds	r23, 0x033D	; 0x80033d <rear+0x1>
    1472:	80 91 38 03 	lds	r24, 0x0338	; 0x800338 <i.2110>
    1476:	90 91 39 03 	lds	r25, 0x0339	; 0x800339 <i.2110+0x1>
    147a:	9c 01       	movw	r18, r24
    147c:	2f 5f       	subi	r18, 0xFF	; 255
    147e:	3f 4f       	sbci	r19, 0xFF	; 255
    1480:	30 93 39 03 	sts	0x0339, r19	; 0x800339 <i.2110+0x1>
    1484:	20 93 38 03 	sts	0x0338, r18	; 0x800338 <i.2110>
    1488:	49 81       	ldd	r20, Y+1	; 0x01
    148a:	50 e5       	ldi	r21, 0x50	; 80
    148c:	56 9f       	mul	r21, r22
    148e:	90 01       	movw	r18, r0
    1490:	57 9f       	mul	r21, r23
    1492:	30 0d       	add	r19, r0
    1494:	11 24       	eor	r1, r1
    1496:	22 5c       	subi	r18, 0xC2	; 194
    1498:	3c 4f       	sbci	r19, 0xFC	; 252
    149a:	f9 01       	movw	r30, r18
    149c:	e8 0f       	add	r30, r24
    149e:	f9 1f       	adc	r31, r25
    14a0:	40 83       	st	Z, r20
	}
}
    14a2:	0f 90       	pop	r0
    14a4:	df 91       	pop	r29
    14a6:	cf 91       	pop	r28
    14a8:	ff 91       	pop	r31
    14aa:	ef 91       	pop	r30
    14ac:	bf 91       	pop	r27
    14ae:	af 91       	pop	r26
    14b0:	9f 91       	pop	r25
    14b2:	8f 91       	pop	r24
    14b4:	7f 91       	pop	r23
    14b6:	6f 91       	pop	r22
    14b8:	5f 91       	pop	r21
    14ba:	4f 91       	pop	r20
    14bc:	3f 91       	pop	r19
    14be:	2f 91       	pop	r18
    14c0:	0f 90       	pop	r0
    14c2:	0b be       	out	0x3b, r0	; 59
    14c4:	0f 90       	pop	r0
    14c6:	0f be       	out	0x3f, r0	; 63
    14c8:	0f 90       	pop	r0
    14ca:	1f 90       	pop	r1
    14cc:	18 95       	reti

000014ce <init_uart0>:
2. start / stop 비트 
3. RX(수신): interrupt로 설정
*/
void init_uart0(void)
{
	UBRR0H = 0x00;
    14ce:	10 92 90 00 	sts	0x0090, r1	; 0x800090 <__TEXT_REGION_LENGTH__+0x7e0090>
	UBRR0L = 207;  // 9600bps (표8-9)
    14d2:	8f ec       	ldi	r24, 0xCF	; 207
    14d4:	89 b9       	out	0x09, r24	; 9
	UCSR0A |= 1 << U2X0;  // 2배속 설정 (sampling 8)
    14d6:	8b b1       	in	r24, 0x0b	; 11
    14d8:	82 60       	ori	r24, 0x02	; 2
    14da:	8b b9       	out	0x0b, r24	; 11
	// UART0 를 송신, 수신이 다 가능하고 RX INT 가 가능하도록 설정한다.
	UCSR0B |= 1 << RXEN0 | 1 << TXEN0 | 1 << RXCIE0;
    14dc:	8a b1       	in	r24, 0x0a	; 10
    14de:	88 69       	ori	r24, 0x98	; 152
    14e0:	8a b9       	out	0x0a, r24	; 10
    14e2:	08 95       	ret

000014e4 <UART0_transmit>:
}

// UART0로 1byte 전송하는 함수
void UART0_transmit(uint8_t data)
{
	while(!(UCSR0A & (1 << UDRE0)))	// data가 송신 중이면, 송신이 끝날때까지 기다림.	
    14e4:	5d 9b       	sbis	0x0b, 5	; 11
    14e6:	fe cf       	rjmp	.-4      	; 0x14e4 <UART0_transmit>
	{
		;	// no operation
	}
	
	UDR0 = data;  // HW 전송 register에 data 송신한다.
    14e8:	8c b9       	out	0x0c, r24	; 12
    14ea:	08 95       	ret

000014ec <pc_command_processing>:
}

void pc_command_processing(t_ds1307* ds1307)
{
    14ec:	1f 93       	push	r17
    14ee:	cf 93       	push	r28
    14f0:	df 93       	push	r29
	if (front != rear)    // data가 rx_buff에 존재 하는지 check
    14f2:	40 91 5e 06 	lds	r20, 0x065E	; 0x80065e <front>
    14f6:	50 91 5f 06 	lds	r21, 0x065F	; 0x80065f <front+0x1>
    14fa:	20 91 3c 03 	lds	r18, 0x033C	; 0x80033c <rear>
    14fe:	30 91 3d 03 	lds	r19, 0x033D	; 0x80033d <rear+0x1>
    1502:	42 17       	cp	r20, r18
    1504:	53 07       	cpc	r21, r19
    1506:	09 f4       	brne	.+2      	; 0x150a <pc_command_processing+0x1e>
    1508:	7d c0       	rjmp	.+250    	; 0x1604 <pc_command_processing+0x118>
    150a:	ec 01       	movw	r28, r24
	{
		printf("%s", rx_buff[front]);  // printf("%s", &rx_buff[front][0])
    150c:	20 91 5e 06 	lds	r18, 0x065E	; 0x80065e <front>
    1510:	30 91 5f 06 	lds	r19, 0x065F	; 0x80065f <front+0x1>
    1514:	10 e5       	ldi	r17, 0x50	; 80
    1516:	12 9f       	mul	r17, r18
    1518:	c0 01       	movw	r24, r0
    151a:	13 9f       	mul	r17, r19
    151c:	90 0d       	add	r25, r0
    151e:	11 24       	eor	r1, r1
    1520:	82 5c       	subi	r24, 0xC2	; 194
    1522:	9c 4f       	sbci	r25, 0xFC	; 252
    1524:	9f 93       	push	r25
    1526:	8f 93       	push	r24
    1528:	8a ec       	ldi	r24, 0xCA	; 202
    152a:	92 e0       	ldi	r25, 0x02	; 2
    152c:	9f 93       	push	r25
    152e:	8f 93       	push	r24
    1530:	08 d1       	rcall	.+528    	; 0x1742 <printf>
		if (strncmp((char *) rx_buff[front], "setrst", 6) == 0)
    1532:	20 91 5e 06 	lds	r18, 0x065E	; 0x80065e <front>
    1536:	30 91 5f 06 	lds	r19, 0x065F	; 0x80065f <front+0x1>
    153a:	12 9f       	mul	r17, r18
    153c:	c0 01       	movw	r24, r0
    153e:	13 9f       	mul	r17, r19
    1540:	90 0d       	add	r25, r0
    1542:	11 24       	eor	r1, r1
    1544:	46 e0       	ldi	r20, 0x06	; 6
    1546:	50 e0       	ldi	r21, 0x00	; 0
    1548:	6d ec       	ldi	r22, 0xCD	; 205
    154a:	72 e0       	ldi	r23, 0x02	; 2
    154c:	82 5c       	subi	r24, 0xC2	; 194
    154e:	9c 4f       	sbci	r25, 0xFC	; 252
    1550:	ea d0       	rcall	.+468    	; 0x1726 <strncmp>
    1552:	0f 90       	pop	r0
    1554:	0f 90       	pop	r0
    1556:	0f 90       	pop	r0
    1558:	0f 90       	pop	r0
    155a:	89 2b       	or	r24, r25
    155c:	b9 f5       	brne	.+110    	; 0x15cc <pc_command_processing+0xe0>
		{
			sscanf(rx_buff[front], "setrst%2hhu%2hhu%2hhu%2hhu%2hhu%2hhu",
    155e:	20 91 5e 06 	lds	r18, 0x065E	; 0x80065e <front>
    1562:	30 91 5f 06 	lds	r19, 0x065F	; 0x80065f <front+0x1>
    1566:	40 e5       	ldi	r20, 0x50	; 80
    1568:	42 9f       	mul	r20, r18
    156a:	c0 01       	movw	r24, r0
    156c:	43 9f       	mul	r20, r19
    156e:	90 0d       	add	r25, r0
    1570:	11 24       	eor	r1, r1
    1572:	82 5c       	subi	r24, 0xC2	; 194
    1574:	9c 4f       	sbci	r25, 0xFC	; 252
    1576:	df 93       	push	r29
    1578:	cf 93       	push	r28
    157a:	9e 01       	movw	r18, r28
    157c:	2f 5f       	subi	r18, 0xFF	; 255
    157e:	3f 4f       	sbci	r19, 0xFF	; 255
    1580:	3f 93       	push	r19
    1582:	2f 93       	push	r18
    1584:	2f 5f       	subi	r18, 0xFF	; 255
    1586:	3f 4f       	sbci	r19, 0xFF	; 255
    1588:	3f 93       	push	r19
    158a:	2f 93       	push	r18
    158c:	2f 5f       	subi	r18, 0xFF	; 255
    158e:	3f 4f       	sbci	r19, 0xFF	; 255
    1590:	3f 93       	push	r19
    1592:	2f 93       	push	r18
    1594:	2f 5f       	subi	r18, 0xFF	; 255
    1596:	3f 4f       	sbci	r19, 0xFF	; 255
    1598:	3f 93       	push	r19
    159a:	2f 93       	push	r18
    159c:	26 96       	adiw	r28, 0x06	; 6
    159e:	df 93       	push	r29
    15a0:	cf 93       	push	r28
    15a2:	24 ed       	ldi	r18, 0xD4	; 212
    15a4:	32 e0       	ldi	r19, 0x02	; 2
    15a6:	3f 93       	push	r19
    15a8:	2f 93       	push	r18
    15aa:	9f 93       	push	r25
    15ac:	8f 93       	push	r24
    15ae:	3f d1       	rcall	.+638    	; 0x182e <sscanf>
			&ds1307->date,
			&ds1307->hours,
			&ds1307->minutes,
			&ds1307->seconds);

			rtc_update_flag = 1;
    15b0:	81 e0       	ldi	r24, 0x01	; 1
    15b2:	90 e0       	ldi	r25, 0x00	; 0
    15b4:	90 93 3b 03 	sts	0x033B, r25	; 0x80033b <rtc_update_flag+0x1>
    15b8:	80 93 3a 03 	sts	0x033A, r24	; 0x80033a <rtc_update_flag>
    15bc:	8d b7       	in	r24, 0x3d	; 61
    15be:	9e b7       	in	r25, 0x3e	; 62
    15c0:	40 96       	adiw	r24, 0x10	; 16
    15c2:	0f b6       	in	r0, 0x3f	; 63
    15c4:	f8 94       	cli
    15c6:	9e bf       	out	0x3e, r25	; 62
    15c8:	0f be       	out	0x3f, r0	; 63
    15ca:	8d bf       	out	0x3d, r24	; 61
		}

		memset(rx_buff[front], 0, sizeof(rx_buff[front]));
    15cc:	20 91 5e 06 	lds	r18, 0x065E	; 0x80065e <front>
    15d0:	30 91 5f 06 	lds	r19, 0x065F	; 0x80065f <front+0x1>
    15d4:	80 e5       	ldi	r24, 0x50	; 80
    15d6:	82 9f       	mul	r24, r18
    15d8:	f0 01       	movw	r30, r0
    15da:	83 9f       	mul	r24, r19
    15dc:	f0 0d       	add	r31, r0
    15de:	11 24       	eor	r1, r1
    15e0:	e2 5c       	subi	r30, 0xC2	; 194
    15e2:	fc 4f       	sbci	r31, 0xFC	; 252
    15e4:	df 01       	movw	r26, r30
    15e6:	1d 92       	st	X+, r1
    15e8:	8a 95       	dec	r24
    15ea:	e9 f7       	brne	.-6      	; 0x15e6 <pc_command_processing+0xfa>
        
		front = (front + 1) % QUEUE_SIZE;  
    15ec:	80 91 5e 06 	lds	r24, 0x065E	; 0x80065e <front>
    15f0:	90 91 5f 06 	lds	r25, 0x065F	; 0x80065f <front+0x1>
    15f4:	01 96       	adiw	r24, 0x01	; 1
    15f6:	6a e0       	ldi	r22, 0x0A	; 10
    15f8:	70 e0       	ldi	r23, 0x00	; 0
    15fa:	17 d0       	rcall	.+46     	; 0x162a <__divmodhi4>
    15fc:	90 93 5f 06 	sts	0x065F, r25	; 0x80065f <front+0x1>
    1600:	80 93 5e 06 	sts	0x065E, r24	; 0x80065e <front>
	}
}
    1604:	df 91       	pop	r29
    1606:	cf 91       	pop	r28
    1608:	1f 91       	pop	r17
    160a:	08 95       	ret

0000160c <__mulsi3>:
    160c:	db 01       	movw	r26, r22
    160e:	8f 93       	push	r24
    1610:	9f 93       	push	r25
    1612:	3a d0       	rcall	.+116    	; 0x1688 <__muluhisi3>
    1614:	bf 91       	pop	r27
    1616:	af 91       	pop	r26
    1618:	a2 9f       	mul	r26, r18
    161a:	80 0d       	add	r24, r0
    161c:	91 1d       	adc	r25, r1
    161e:	a3 9f       	mul	r26, r19
    1620:	90 0d       	add	r25, r0
    1622:	b2 9f       	mul	r27, r18
    1624:	90 0d       	add	r25, r0
    1626:	11 24       	eor	r1, r1
    1628:	08 95       	ret

0000162a <__divmodhi4>:
    162a:	97 fb       	bst	r25, 7
    162c:	07 2e       	mov	r0, r23
    162e:	16 f4       	brtc	.+4      	; 0x1634 <__divmodhi4+0xa>
    1630:	00 94       	com	r0
    1632:	06 d0       	rcall	.+12     	; 0x1640 <__divmodhi4_neg1>
    1634:	77 fd       	sbrc	r23, 7
    1636:	08 d0       	rcall	.+16     	; 0x1648 <__divmodhi4_neg2>
    1638:	31 d0       	rcall	.+98     	; 0x169c <__udivmodhi4>
    163a:	07 fc       	sbrc	r0, 7
    163c:	05 d0       	rcall	.+10     	; 0x1648 <__divmodhi4_neg2>
    163e:	3e f4       	brtc	.+14     	; 0x164e <__divmodhi4_exit>

00001640 <__divmodhi4_neg1>:
    1640:	90 95       	com	r25
    1642:	81 95       	neg	r24
    1644:	9f 4f       	sbci	r25, 0xFF	; 255
    1646:	08 95       	ret

00001648 <__divmodhi4_neg2>:
    1648:	70 95       	com	r23
    164a:	61 95       	neg	r22
    164c:	7f 4f       	sbci	r23, 0xFF	; 255

0000164e <__divmodhi4_exit>:
    164e:	08 95       	ret

00001650 <__divmodsi4>:
    1650:	05 2e       	mov	r0, r21
    1652:	97 fb       	bst	r25, 7
    1654:	16 f4       	brtc	.+4      	; 0x165a <__divmodsi4+0xa>
    1656:	00 94       	com	r0
    1658:	0f d0       	rcall	.+30     	; 0x1678 <__negsi2>
    165a:	57 fd       	sbrc	r21, 7
    165c:	05 d0       	rcall	.+10     	; 0x1668 <__divmodsi4_neg2>
    165e:	32 d0       	rcall	.+100    	; 0x16c4 <__udivmodsi4>
    1660:	07 fc       	sbrc	r0, 7
    1662:	02 d0       	rcall	.+4      	; 0x1668 <__divmodsi4_neg2>
    1664:	46 f4       	brtc	.+16     	; 0x1676 <__divmodsi4_exit>
    1666:	08 c0       	rjmp	.+16     	; 0x1678 <__negsi2>

00001668 <__divmodsi4_neg2>:
    1668:	50 95       	com	r21
    166a:	40 95       	com	r20
    166c:	30 95       	com	r19
    166e:	21 95       	neg	r18
    1670:	3f 4f       	sbci	r19, 0xFF	; 255
    1672:	4f 4f       	sbci	r20, 0xFF	; 255
    1674:	5f 4f       	sbci	r21, 0xFF	; 255

00001676 <__divmodsi4_exit>:
    1676:	08 95       	ret

00001678 <__negsi2>:
    1678:	90 95       	com	r25
    167a:	80 95       	com	r24
    167c:	70 95       	com	r23
    167e:	61 95       	neg	r22
    1680:	7f 4f       	sbci	r23, 0xFF	; 255
    1682:	8f 4f       	sbci	r24, 0xFF	; 255
    1684:	9f 4f       	sbci	r25, 0xFF	; 255
    1686:	08 95       	ret

00001688 <__muluhisi3>:
    1688:	3f d0       	rcall	.+126    	; 0x1708 <__umulhisi3>
    168a:	a5 9f       	mul	r26, r21
    168c:	90 0d       	add	r25, r0
    168e:	b4 9f       	mul	r27, r20
    1690:	90 0d       	add	r25, r0
    1692:	a4 9f       	mul	r26, r20
    1694:	80 0d       	add	r24, r0
    1696:	91 1d       	adc	r25, r1
    1698:	11 24       	eor	r1, r1
    169a:	08 95       	ret

0000169c <__udivmodhi4>:
    169c:	aa 1b       	sub	r26, r26
    169e:	bb 1b       	sub	r27, r27
    16a0:	51 e1       	ldi	r21, 0x11	; 17
    16a2:	07 c0       	rjmp	.+14     	; 0x16b2 <__udivmodhi4_ep>

000016a4 <__udivmodhi4_loop>:
    16a4:	aa 1f       	adc	r26, r26
    16a6:	bb 1f       	adc	r27, r27
    16a8:	a6 17       	cp	r26, r22
    16aa:	b7 07       	cpc	r27, r23
    16ac:	10 f0       	brcs	.+4      	; 0x16b2 <__udivmodhi4_ep>
    16ae:	a6 1b       	sub	r26, r22
    16b0:	b7 0b       	sbc	r27, r23

000016b2 <__udivmodhi4_ep>:
    16b2:	88 1f       	adc	r24, r24
    16b4:	99 1f       	adc	r25, r25
    16b6:	5a 95       	dec	r21
    16b8:	a9 f7       	brne	.-22     	; 0x16a4 <__udivmodhi4_loop>
    16ba:	80 95       	com	r24
    16bc:	90 95       	com	r25
    16be:	bc 01       	movw	r22, r24
    16c0:	cd 01       	movw	r24, r26
    16c2:	08 95       	ret

000016c4 <__udivmodsi4>:
    16c4:	a1 e2       	ldi	r26, 0x21	; 33
    16c6:	1a 2e       	mov	r1, r26
    16c8:	aa 1b       	sub	r26, r26
    16ca:	bb 1b       	sub	r27, r27
    16cc:	fd 01       	movw	r30, r26
    16ce:	0d c0       	rjmp	.+26     	; 0x16ea <__udivmodsi4_ep>

000016d0 <__udivmodsi4_loop>:
    16d0:	aa 1f       	adc	r26, r26
    16d2:	bb 1f       	adc	r27, r27
    16d4:	ee 1f       	adc	r30, r30
    16d6:	ff 1f       	adc	r31, r31
    16d8:	a2 17       	cp	r26, r18
    16da:	b3 07       	cpc	r27, r19
    16dc:	e4 07       	cpc	r30, r20
    16de:	f5 07       	cpc	r31, r21
    16e0:	20 f0       	brcs	.+8      	; 0x16ea <__udivmodsi4_ep>
    16e2:	a2 1b       	sub	r26, r18
    16e4:	b3 0b       	sbc	r27, r19
    16e6:	e4 0b       	sbc	r30, r20
    16e8:	f5 0b       	sbc	r31, r21

000016ea <__udivmodsi4_ep>:
    16ea:	66 1f       	adc	r22, r22
    16ec:	77 1f       	adc	r23, r23
    16ee:	88 1f       	adc	r24, r24
    16f0:	99 1f       	adc	r25, r25
    16f2:	1a 94       	dec	r1
    16f4:	69 f7       	brne	.-38     	; 0x16d0 <__udivmodsi4_loop>
    16f6:	60 95       	com	r22
    16f8:	70 95       	com	r23
    16fa:	80 95       	com	r24
    16fc:	90 95       	com	r25
    16fe:	9b 01       	movw	r18, r22
    1700:	ac 01       	movw	r20, r24
    1702:	bd 01       	movw	r22, r26
    1704:	cf 01       	movw	r24, r30
    1706:	08 95       	ret

00001708 <__umulhisi3>:
    1708:	a2 9f       	mul	r26, r18
    170a:	b0 01       	movw	r22, r0
    170c:	b3 9f       	mul	r27, r19
    170e:	c0 01       	movw	r24, r0
    1710:	a3 9f       	mul	r26, r19
    1712:	70 0d       	add	r23, r0
    1714:	81 1d       	adc	r24, r1
    1716:	11 24       	eor	r1, r1
    1718:	91 1d       	adc	r25, r1
    171a:	b2 9f       	mul	r27, r18
    171c:	70 0d       	add	r23, r0
    171e:	81 1d       	adc	r24, r1
    1720:	11 24       	eor	r1, r1
    1722:	91 1d       	adc	r25, r1
    1724:	08 95       	ret

00001726 <strncmp>:
    1726:	fb 01       	movw	r30, r22
    1728:	dc 01       	movw	r26, r24
    172a:	41 50       	subi	r20, 0x01	; 1
    172c:	50 40       	sbci	r21, 0x00	; 0
    172e:	30 f0       	brcs	.+12     	; 0x173c <strncmp+0x16>
    1730:	8d 91       	ld	r24, X+
    1732:	01 90       	ld	r0, Z+
    1734:	80 19       	sub	r24, r0
    1736:	19 f4       	brne	.+6      	; 0x173e <strncmp+0x18>
    1738:	00 20       	and	r0, r0
    173a:	b9 f7       	brne	.-18     	; 0x172a <strncmp+0x4>
    173c:	88 1b       	sub	r24, r24
    173e:	99 0b       	sbc	r25, r25
    1740:	08 95       	ret

00001742 <printf>:
    1742:	cf 93       	push	r28
    1744:	df 93       	push	r29
    1746:	cd b7       	in	r28, 0x3d	; 61
    1748:	de b7       	in	r29, 0x3e	; 62
    174a:	ae 01       	movw	r20, r28
    174c:	4b 5f       	subi	r20, 0xFB	; 251
    174e:	5f 4f       	sbci	r21, 0xFF	; 255
    1750:	fa 01       	movw	r30, r20
    1752:	61 91       	ld	r22, Z+
    1754:	71 91       	ld	r23, Z+
    1756:	af 01       	movw	r20, r30
    1758:	80 91 c6 06 	lds	r24, 0x06C6	; 0x8006c6 <__iob+0x2>
    175c:	90 91 c7 06 	lds	r25, 0x06C7	; 0x8006c7 <__iob+0x3>
    1760:	87 d0       	rcall	.+270    	; 0x1870 <vfprintf>
    1762:	df 91       	pop	r29
    1764:	cf 91       	pop	r28
    1766:	08 95       	ret

00001768 <putchar>:
    1768:	60 91 c6 06 	lds	r22, 0x06C6	; 0x8006c6 <__iob+0x2>
    176c:	70 91 c7 06 	lds	r23, 0x06C7	; 0x8006c7 <__iob+0x3>
    1770:	ac c5       	rjmp	.+2904   	; 0x22ca <fputc>

00001772 <puts>:
    1772:	0f 93       	push	r16
    1774:	1f 93       	push	r17
    1776:	cf 93       	push	r28
    1778:	df 93       	push	r29
    177a:	e0 91 c6 06 	lds	r30, 0x06C6	; 0x8006c6 <__iob+0x2>
    177e:	f0 91 c7 06 	lds	r31, 0x06C7	; 0x8006c7 <__iob+0x3>
    1782:	23 81       	ldd	r18, Z+3	; 0x03
    1784:	21 ff       	sbrs	r18, 1
    1786:	1b c0       	rjmp	.+54     	; 0x17be <puts+0x4c>
    1788:	8c 01       	movw	r16, r24
    178a:	d0 e0       	ldi	r29, 0x00	; 0
    178c:	c0 e0       	ldi	r28, 0x00	; 0
    178e:	f8 01       	movw	r30, r16
    1790:	81 91       	ld	r24, Z+
    1792:	8f 01       	movw	r16, r30
    1794:	60 91 c6 06 	lds	r22, 0x06C6	; 0x8006c6 <__iob+0x2>
    1798:	70 91 c7 06 	lds	r23, 0x06C7	; 0x8006c7 <__iob+0x3>
    179c:	db 01       	movw	r26, r22
    179e:	18 96       	adiw	r26, 0x08	; 8
    17a0:	ed 91       	ld	r30, X+
    17a2:	fc 91       	ld	r31, X
    17a4:	19 97       	sbiw	r26, 0x09	; 9
    17a6:	88 23       	and	r24, r24
    17a8:	31 f0       	breq	.+12     	; 0x17b6 <puts+0x44>
    17aa:	09 95       	icall
    17ac:	89 2b       	or	r24, r25
    17ae:	79 f3       	breq	.-34     	; 0x178e <puts+0x1c>
    17b0:	df ef       	ldi	r29, 0xFF	; 255
    17b2:	cf ef       	ldi	r28, 0xFF	; 255
    17b4:	ec cf       	rjmp	.-40     	; 0x178e <puts+0x1c>
    17b6:	8a e0       	ldi	r24, 0x0A	; 10
    17b8:	09 95       	icall
    17ba:	89 2b       	or	r24, r25
    17bc:	19 f0       	breq	.+6      	; 0x17c4 <puts+0x52>
    17be:	8f ef       	ldi	r24, 0xFF	; 255
    17c0:	9f ef       	ldi	r25, 0xFF	; 255
    17c2:	02 c0       	rjmp	.+4      	; 0x17c8 <puts+0x56>
    17c4:	8d 2f       	mov	r24, r29
    17c6:	9c 2f       	mov	r25, r28
    17c8:	df 91       	pop	r29
    17ca:	cf 91       	pop	r28
    17cc:	1f 91       	pop	r17
    17ce:	0f 91       	pop	r16
    17d0:	08 95       	ret

000017d2 <sprintf>:
    17d2:	0f 93       	push	r16
    17d4:	1f 93       	push	r17
    17d6:	cf 93       	push	r28
    17d8:	df 93       	push	r29
    17da:	cd b7       	in	r28, 0x3d	; 61
    17dc:	de b7       	in	r29, 0x3e	; 62
    17de:	2e 97       	sbiw	r28, 0x0e	; 14
    17e0:	0f b6       	in	r0, 0x3f	; 63
    17e2:	f8 94       	cli
    17e4:	de bf       	out	0x3e, r29	; 62
    17e6:	0f be       	out	0x3f, r0	; 63
    17e8:	cd bf       	out	0x3d, r28	; 61
    17ea:	0d 89       	ldd	r16, Y+21	; 0x15
    17ec:	1e 89       	ldd	r17, Y+22	; 0x16
    17ee:	86 e0       	ldi	r24, 0x06	; 6
    17f0:	8c 83       	std	Y+4, r24	; 0x04
    17f2:	1a 83       	std	Y+2, r17	; 0x02
    17f4:	09 83       	std	Y+1, r16	; 0x01
    17f6:	8f ef       	ldi	r24, 0xFF	; 255
    17f8:	9f e7       	ldi	r25, 0x7F	; 127
    17fa:	9e 83       	std	Y+6, r25	; 0x06
    17fc:	8d 83       	std	Y+5, r24	; 0x05
    17fe:	ae 01       	movw	r20, r28
    1800:	47 5e       	subi	r20, 0xE7	; 231
    1802:	5f 4f       	sbci	r21, 0xFF	; 255
    1804:	6f 89       	ldd	r22, Y+23	; 0x17
    1806:	78 8d       	ldd	r23, Y+24	; 0x18
    1808:	ce 01       	movw	r24, r28
    180a:	01 96       	adiw	r24, 0x01	; 1
    180c:	31 d0       	rcall	.+98     	; 0x1870 <vfprintf>
    180e:	ef 81       	ldd	r30, Y+7	; 0x07
    1810:	f8 85       	ldd	r31, Y+8	; 0x08
    1812:	e0 0f       	add	r30, r16
    1814:	f1 1f       	adc	r31, r17
    1816:	10 82       	st	Z, r1
    1818:	2e 96       	adiw	r28, 0x0e	; 14
    181a:	0f b6       	in	r0, 0x3f	; 63
    181c:	f8 94       	cli
    181e:	de bf       	out	0x3e, r29	; 62
    1820:	0f be       	out	0x3f, r0	; 63
    1822:	cd bf       	out	0x3d, r28	; 61
    1824:	df 91       	pop	r29
    1826:	cf 91       	pop	r28
    1828:	1f 91       	pop	r17
    182a:	0f 91       	pop	r16
    182c:	08 95       	ret

0000182e <sscanf>:
    182e:	cf 93       	push	r28
    1830:	df 93       	push	r29
    1832:	cd b7       	in	r28, 0x3d	; 61
    1834:	de b7       	in	r29, 0x3e	; 62
    1836:	2e 97       	sbiw	r28, 0x0e	; 14
    1838:	0f b6       	in	r0, 0x3f	; 63
    183a:	f8 94       	cli
    183c:	de bf       	out	0x3e, r29	; 62
    183e:	0f be       	out	0x3f, r0	; 63
    1840:	cd bf       	out	0x3d, r28	; 61
    1842:	85 e0       	ldi	r24, 0x05	; 5
    1844:	8c 83       	std	Y+4, r24	; 0x04
    1846:	8b 89       	ldd	r24, Y+19	; 0x13
    1848:	9c 89       	ldd	r25, Y+20	; 0x14
    184a:	9a 83       	std	Y+2, r25	; 0x02
    184c:	89 83       	std	Y+1, r24	; 0x01
    184e:	ae 01       	movw	r20, r28
    1850:	49 5e       	subi	r20, 0xE9	; 233
    1852:	5f 4f       	sbci	r21, 0xFF	; 255
    1854:	6d 89       	ldd	r22, Y+21	; 0x15
    1856:	7e 89       	ldd	r23, Y+22	; 0x16
    1858:	ce 01       	movw	r24, r28
    185a:	01 96       	adiw	r24, 0x01	; 1
    185c:	b8 d3       	rcall	.+1904   	; 0x1fce <vfscanf>
    185e:	2e 96       	adiw	r28, 0x0e	; 14
    1860:	0f b6       	in	r0, 0x3f	; 63
    1862:	f8 94       	cli
    1864:	de bf       	out	0x3e, r29	; 62
    1866:	0f be       	out	0x3f, r0	; 63
    1868:	cd bf       	out	0x3d, r28	; 61
    186a:	df 91       	pop	r29
    186c:	cf 91       	pop	r28
    186e:	08 95       	ret

00001870 <vfprintf>:
    1870:	2f 92       	push	r2
    1872:	3f 92       	push	r3
    1874:	4f 92       	push	r4
    1876:	5f 92       	push	r5
    1878:	6f 92       	push	r6
    187a:	7f 92       	push	r7
    187c:	8f 92       	push	r8
    187e:	9f 92       	push	r9
    1880:	af 92       	push	r10
    1882:	bf 92       	push	r11
    1884:	cf 92       	push	r12
    1886:	df 92       	push	r13
    1888:	ef 92       	push	r14
    188a:	ff 92       	push	r15
    188c:	0f 93       	push	r16
    188e:	1f 93       	push	r17
    1890:	cf 93       	push	r28
    1892:	df 93       	push	r29
    1894:	cd b7       	in	r28, 0x3d	; 61
    1896:	de b7       	in	r29, 0x3e	; 62
    1898:	2b 97       	sbiw	r28, 0x0b	; 11
    189a:	0f b6       	in	r0, 0x3f	; 63
    189c:	f8 94       	cli
    189e:	de bf       	out	0x3e, r29	; 62
    18a0:	0f be       	out	0x3f, r0	; 63
    18a2:	cd bf       	out	0x3d, r28	; 61
    18a4:	6c 01       	movw	r12, r24
    18a6:	7b 01       	movw	r14, r22
    18a8:	8a 01       	movw	r16, r20
    18aa:	fc 01       	movw	r30, r24
    18ac:	17 82       	std	Z+7, r1	; 0x07
    18ae:	16 82       	std	Z+6, r1	; 0x06
    18b0:	83 81       	ldd	r24, Z+3	; 0x03
    18b2:	81 ff       	sbrs	r24, 1
    18b4:	bf c1       	rjmp	.+894    	; 0x1c34 <vfprintf+0x3c4>
    18b6:	ce 01       	movw	r24, r28
    18b8:	01 96       	adiw	r24, 0x01	; 1
    18ba:	3c 01       	movw	r6, r24
    18bc:	f6 01       	movw	r30, r12
    18be:	93 81       	ldd	r25, Z+3	; 0x03
    18c0:	f7 01       	movw	r30, r14
    18c2:	93 fd       	sbrc	r25, 3
    18c4:	85 91       	lpm	r24, Z+
    18c6:	93 ff       	sbrs	r25, 3
    18c8:	81 91       	ld	r24, Z+
    18ca:	7f 01       	movw	r14, r30
    18cc:	88 23       	and	r24, r24
    18ce:	09 f4       	brne	.+2      	; 0x18d2 <vfprintf+0x62>
    18d0:	ad c1       	rjmp	.+858    	; 0x1c2c <vfprintf+0x3bc>
    18d2:	85 32       	cpi	r24, 0x25	; 37
    18d4:	39 f4       	brne	.+14     	; 0x18e4 <vfprintf+0x74>
    18d6:	93 fd       	sbrc	r25, 3
    18d8:	85 91       	lpm	r24, Z+
    18da:	93 ff       	sbrs	r25, 3
    18dc:	81 91       	ld	r24, Z+
    18de:	7f 01       	movw	r14, r30
    18e0:	85 32       	cpi	r24, 0x25	; 37
    18e2:	21 f4       	brne	.+8      	; 0x18ec <vfprintf+0x7c>
    18e4:	b6 01       	movw	r22, r12
    18e6:	90 e0       	ldi	r25, 0x00	; 0
    18e8:	f0 d4       	rcall	.+2528   	; 0x22ca <fputc>
    18ea:	e8 cf       	rjmp	.-48     	; 0x18bc <vfprintf+0x4c>
    18ec:	91 2c       	mov	r9, r1
    18ee:	21 2c       	mov	r2, r1
    18f0:	31 2c       	mov	r3, r1
    18f2:	ff e1       	ldi	r31, 0x1F	; 31
    18f4:	f3 15       	cp	r31, r3
    18f6:	d8 f0       	brcs	.+54     	; 0x192e <vfprintf+0xbe>
    18f8:	8b 32       	cpi	r24, 0x2B	; 43
    18fa:	79 f0       	breq	.+30     	; 0x191a <vfprintf+0xaa>
    18fc:	38 f4       	brcc	.+14     	; 0x190c <vfprintf+0x9c>
    18fe:	80 32       	cpi	r24, 0x20	; 32
    1900:	79 f0       	breq	.+30     	; 0x1920 <vfprintf+0xb0>
    1902:	83 32       	cpi	r24, 0x23	; 35
    1904:	a1 f4       	brne	.+40     	; 0x192e <vfprintf+0xbe>
    1906:	23 2d       	mov	r18, r3
    1908:	20 61       	ori	r18, 0x10	; 16
    190a:	1d c0       	rjmp	.+58     	; 0x1946 <vfprintf+0xd6>
    190c:	8d 32       	cpi	r24, 0x2D	; 45
    190e:	61 f0       	breq	.+24     	; 0x1928 <vfprintf+0xb8>
    1910:	80 33       	cpi	r24, 0x30	; 48
    1912:	69 f4       	brne	.+26     	; 0x192e <vfprintf+0xbe>
    1914:	23 2d       	mov	r18, r3
    1916:	21 60       	ori	r18, 0x01	; 1
    1918:	16 c0       	rjmp	.+44     	; 0x1946 <vfprintf+0xd6>
    191a:	83 2d       	mov	r24, r3
    191c:	82 60       	ori	r24, 0x02	; 2
    191e:	38 2e       	mov	r3, r24
    1920:	e3 2d       	mov	r30, r3
    1922:	e4 60       	ori	r30, 0x04	; 4
    1924:	3e 2e       	mov	r3, r30
    1926:	2a c0       	rjmp	.+84     	; 0x197c <vfprintf+0x10c>
    1928:	f3 2d       	mov	r31, r3
    192a:	f8 60       	ori	r31, 0x08	; 8
    192c:	1d c0       	rjmp	.+58     	; 0x1968 <vfprintf+0xf8>
    192e:	37 fc       	sbrc	r3, 7
    1930:	2d c0       	rjmp	.+90     	; 0x198c <vfprintf+0x11c>
    1932:	20 ed       	ldi	r18, 0xD0	; 208
    1934:	28 0f       	add	r18, r24
    1936:	2a 30       	cpi	r18, 0x0A	; 10
    1938:	40 f0       	brcs	.+16     	; 0x194a <vfprintf+0xda>
    193a:	8e 32       	cpi	r24, 0x2E	; 46
    193c:	b9 f4       	brne	.+46     	; 0x196c <vfprintf+0xfc>
    193e:	36 fc       	sbrc	r3, 6
    1940:	75 c1       	rjmp	.+746    	; 0x1c2c <vfprintf+0x3bc>
    1942:	23 2d       	mov	r18, r3
    1944:	20 64       	ori	r18, 0x40	; 64
    1946:	32 2e       	mov	r3, r18
    1948:	19 c0       	rjmp	.+50     	; 0x197c <vfprintf+0x10c>
    194a:	36 fe       	sbrs	r3, 6
    194c:	06 c0       	rjmp	.+12     	; 0x195a <vfprintf+0xea>
    194e:	8a e0       	ldi	r24, 0x0A	; 10
    1950:	98 9e       	mul	r9, r24
    1952:	20 0d       	add	r18, r0
    1954:	11 24       	eor	r1, r1
    1956:	92 2e       	mov	r9, r18
    1958:	11 c0       	rjmp	.+34     	; 0x197c <vfprintf+0x10c>
    195a:	ea e0       	ldi	r30, 0x0A	; 10
    195c:	2e 9e       	mul	r2, r30
    195e:	20 0d       	add	r18, r0
    1960:	11 24       	eor	r1, r1
    1962:	22 2e       	mov	r2, r18
    1964:	f3 2d       	mov	r31, r3
    1966:	f0 62       	ori	r31, 0x20	; 32
    1968:	3f 2e       	mov	r3, r31
    196a:	08 c0       	rjmp	.+16     	; 0x197c <vfprintf+0x10c>
    196c:	8c 36       	cpi	r24, 0x6C	; 108
    196e:	21 f4       	brne	.+8      	; 0x1978 <vfprintf+0x108>
    1970:	83 2d       	mov	r24, r3
    1972:	80 68       	ori	r24, 0x80	; 128
    1974:	38 2e       	mov	r3, r24
    1976:	02 c0       	rjmp	.+4      	; 0x197c <vfprintf+0x10c>
    1978:	88 36       	cpi	r24, 0x68	; 104
    197a:	41 f4       	brne	.+16     	; 0x198c <vfprintf+0x11c>
    197c:	f7 01       	movw	r30, r14
    197e:	93 fd       	sbrc	r25, 3
    1980:	85 91       	lpm	r24, Z+
    1982:	93 ff       	sbrs	r25, 3
    1984:	81 91       	ld	r24, Z+
    1986:	7f 01       	movw	r14, r30
    1988:	81 11       	cpse	r24, r1
    198a:	b3 cf       	rjmp	.-154    	; 0x18f2 <vfprintf+0x82>
    198c:	98 2f       	mov	r25, r24
    198e:	9f 7d       	andi	r25, 0xDF	; 223
    1990:	95 54       	subi	r25, 0x45	; 69
    1992:	93 30       	cpi	r25, 0x03	; 3
    1994:	28 f4       	brcc	.+10     	; 0x19a0 <vfprintf+0x130>
    1996:	0c 5f       	subi	r16, 0xFC	; 252
    1998:	1f 4f       	sbci	r17, 0xFF	; 255
    199a:	9f e3       	ldi	r25, 0x3F	; 63
    199c:	99 83       	std	Y+1, r25	; 0x01
    199e:	0d c0       	rjmp	.+26     	; 0x19ba <vfprintf+0x14a>
    19a0:	83 36       	cpi	r24, 0x63	; 99
    19a2:	31 f0       	breq	.+12     	; 0x19b0 <vfprintf+0x140>
    19a4:	83 37       	cpi	r24, 0x73	; 115
    19a6:	71 f0       	breq	.+28     	; 0x19c4 <vfprintf+0x154>
    19a8:	83 35       	cpi	r24, 0x53	; 83
    19aa:	09 f0       	breq	.+2      	; 0x19ae <vfprintf+0x13e>
    19ac:	55 c0       	rjmp	.+170    	; 0x1a58 <vfprintf+0x1e8>
    19ae:	20 c0       	rjmp	.+64     	; 0x19f0 <vfprintf+0x180>
    19b0:	f8 01       	movw	r30, r16
    19b2:	80 81       	ld	r24, Z
    19b4:	89 83       	std	Y+1, r24	; 0x01
    19b6:	0e 5f       	subi	r16, 0xFE	; 254
    19b8:	1f 4f       	sbci	r17, 0xFF	; 255
    19ba:	88 24       	eor	r8, r8
    19bc:	83 94       	inc	r8
    19be:	91 2c       	mov	r9, r1
    19c0:	53 01       	movw	r10, r6
    19c2:	12 c0       	rjmp	.+36     	; 0x19e8 <vfprintf+0x178>
    19c4:	28 01       	movw	r4, r16
    19c6:	f2 e0       	ldi	r31, 0x02	; 2
    19c8:	4f 0e       	add	r4, r31
    19ca:	51 1c       	adc	r5, r1
    19cc:	f8 01       	movw	r30, r16
    19ce:	a0 80       	ld	r10, Z
    19d0:	b1 80       	ldd	r11, Z+1	; 0x01
    19d2:	36 fe       	sbrs	r3, 6
    19d4:	03 c0       	rjmp	.+6      	; 0x19dc <vfprintf+0x16c>
    19d6:	69 2d       	mov	r22, r9
    19d8:	70 e0       	ldi	r23, 0x00	; 0
    19da:	02 c0       	rjmp	.+4      	; 0x19e0 <vfprintf+0x170>
    19dc:	6f ef       	ldi	r22, 0xFF	; 255
    19de:	7f ef       	ldi	r23, 0xFF	; 255
    19e0:	c5 01       	movw	r24, r10
    19e2:	2a d4       	rcall	.+2132   	; 0x2238 <strnlen>
    19e4:	4c 01       	movw	r8, r24
    19e6:	82 01       	movw	r16, r4
    19e8:	f3 2d       	mov	r31, r3
    19ea:	ff 77       	andi	r31, 0x7F	; 127
    19ec:	3f 2e       	mov	r3, r31
    19ee:	15 c0       	rjmp	.+42     	; 0x1a1a <vfprintf+0x1aa>
    19f0:	28 01       	movw	r4, r16
    19f2:	22 e0       	ldi	r18, 0x02	; 2
    19f4:	42 0e       	add	r4, r18
    19f6:	51 1c       	adc	r5, r1
    19f8:	f8 01       	movw	r30, r16
    19fa:	a0 80       	ld	r10, Z
    19fc:	b1 80       	ldd	r11, Z+1	; 0x01
    19fe:	36 fe       	sbrs	r3, 6
    1a00:	03 c0       	rjmp	.+6      	; 0x1a08 <vfprintf+0x198>
    1a02:	69 2d       	mov	r22, r9
    1a04:	70 e0       	ldi	r23, 0x00	; 0
    1a06:	02 c0       	rjmp	.+4      	; 0x1a0c <vfprintf+0x19c>
    1a08:	6f ef       	ldi	r22, 0xFF	; 255
    1a0a:	7f ef       	ldi	r23, 0xFF	; 255
    1a0c:	c5 01       	movw	r24, r10
    1a0e:	09 d4       	rcall	.+2066   	; 0x2222 <strnlen_P>
    1a10:	4c 01       	movw	r8, r24
    1a12:	f3 2d       	mov	r31, r3
    1a14:	f0 68       	ori	r31, 0x80	; 128
    1a16:	3f 2e       	mov	r3, r31
    1a18:	82 01       	movw	r16, r4
    1a1a:	33 fc       	sbrc	r3, 3
    1a1c:	19 c0       	rjmp	.+50     	; 0x1a50 <vfprintf+0x1e0>
    1a1e:	82 2d       	mov	r24, r2
    1a20:	90 e0       	ldi	r25, 0x00	; 0
    1a22:	88 16       	cp	r8, r24
    1a24:	99 06       	cpc	r9, r25
    1a26:	a0 f4       	brcc	.+40     	; 0x1a50 <vfprintf+0x1e0>
    1a28:	b6 01       	movw	r22, r12
    1a2a:	80 e2       	ldi	r24, 0x20	; 32
    1a2c:	90 e0       	ldi	r25, 0x00	; 0
    1a2e:	4d d4       	rcall	.+2202   	; 0x22ca <fputc>
    1a30:	2a 94       	dec	r2
    1a32:	f5 cf       	rjmp	.-22     	; 0x1a1e <vfprintf+0x1ae>
    1a34:	f5 01       	movw	r30, r10
    1a36:	37 fc       	sbrc	r3, 7
    1a38:	85 91       	lpm	r24, Z+
    1a3a:	37 fe       	sbrs	r3, 7
    1a3c:	81 91       	ld	r24, Z+
    1a3e:	5f 01       	movw	r10, r30
    1a40:	b6 01       	movw	r22, r12
    1a42:	90 e0       	ldi	r25, 0x00	; 0
    1a44:	42 d4       	rcall	.+2180   	; 0x22ca <fputc>
    1a46:	21 10       	cpse	r2, r1
    1a48:	2a 94       	dec	r2
    1a4a:	21 e0       	ldi	r18, 0x01	; 1
    1a4c:	82 1a       	sub	r8, r18
    1a4e:	91 08       	sbc	r9, r1
    1a50:	81 14       	cp	r8, r1
    1a52:	91 04       	cpc	r9, r1
    1a54:	79 f7       	brne	.-34     	; 0x1a34 <vfprintf+0x1c4>
    1a56:	e1 c0       	rjmp	.+450    	; 0x1c1a <vfprintf+0x3aa>
    1a58:	84 36       	cpi	r24, 0x64	; 100
    1a5a:	11 f0       	breq	.+4      	; 0x1a60 <vfprintf+0x1f0>
    1a5c:	89 36       	cpi	r24, 0x69	; 105
    1a5e:	39 f5       	brne	.+78     	; 0x1aae <vfprintf+0x23e>
    1a60:	f8 01       	movw	r30, r16
    1a62:	37 fe       	sbrs	r3, 7
    1a64:	07 c0       	rjmp	.+14     	; 0x1a74 <vfprintf+0x204>
    1a66:	60 81       	ld	r22, Z
    1a68:	71 81       	ldd	r23, Z+1	; 0x01
    1a6a:	82 81       	ldd	r24, Z+2	; 0x02
    1a6c:	93 81       	ldd	r25, Z+3	; 0x03
    1a6e:	0c 5f       	subi	r16, 0xFC	; 252
    1a70:	1f 4f       	sbci	r17, 0xFF	; 255
    1a72:	08 c0       	rjmp	.+16     	; 0x1a84 <vfprintf+0x214>
    1a74:	60 81       	ld	r22, Z
    1a76:	71 81       	ldd	r23, Z+1	; 0x01
    1a78:	07 2e       	mov	r0, r23
    1a7a:	00 0c       	add	r0, r0
    1a7c:	88 0b       	sbc	r24, r24
    1a7e:	99 0b       	sbc	r25, r25
    1a80:	0e 5f       	subi	r16, 0xFE	; 254
    1a82:	1f 4f       	sbci	r17, 0xFF	; 255
    1a84:	f3 2d       	mov	r31, r3
    1a86:	ff 76       	andi	r31, 0x6F	; 111
    1a88:	3f 2e       	mov	r3, r31
    1a8a:	97 ff       	sbrs	r25, 7
    1a8c:	09 c0       	rjmp	.+18     	; 0x1aa0 <vfprintf+0x230>
    1a8e:	90 95       	com	r25
    1a90:	80 95       	com	r24
    1a92:	70 95       	com	r23
    1a94:	61 95       	neg	r22
    1a96:	7f 4f       	sbci	r23, 0xFF	; 255
    1a98:	8f 4f       	sbci	r24, 0xFF	; 255
    1a9a:	9f 4f       	sbci	r25, 0xFF	; 255
    1a9c:	f0 68       	ori	r31, 0x80	; 128
    1a9e:	3f 2e       	mov	r3, r31
    1aa0:	2a e0       	ldi	r18, 0x0A	; 10
    1aa2:	30 e0       	ldi	r19, 0x00	; 0
    1aa4:	a3 01       	movw	r20, r6
    1aa6:	66 d4       	rcall	.+2252   	; 0x2374 <__ultoa_invert>
    1aa8:	88 2e       	mov	r8, r24
    1aaa:	86 18       	sub	r8, r6
    1aac:	44 c0       	rjmp	.+136    	; 0x1b36 <vfprintf+0x2c6>
    1aae:	85 37       	cpi	r24, 0x75	; 117
    1ab0:	31 f4       	brne	.+12     	; 0x1abe <vfprintf+0x24e>
    1ab2:	23 2d       	mov	r18, r3
    1ab4:	2f 7e       	andi	r18, 0xEF	; 239
    1ab6:	b2 2e       	mov	r11, r18
    1ab8:	2a e0       	ldi	r18, 0x0A	; 10
    1aba:	30 e0       	ldi	r19, 0x00	; 0
    1abc:	25 c0       	rjmp	.+74     	; 0x1b08 <vfprintf+0x298>
    1abe:	93 2d       	mov	r25, r3
    1ac0:	99 7f       	andi	r25, 0xF9	; 249
    1ac2:	b9 2e       	mov	r11, r25
    1ac4:	8f 36       	cpi	r24, 0x6F	; 111
    1ac6:	c1 f0       	breq	.+48     	; 0x1af8 <vfprintf+0x288>
    1ac8:	18 f4       	brcc	.+6      	; 0x1ad0 <vfprintf+0x260>
    1aca:	88 35       	cpi	r24, 0x58	; 88
    1acc:	79 f0       	breq	.+30     	; 0x1aec <vfprintf+0x27c>
    1ace:	ae c0       	rjmp	.+348    	; 0x1c2c <vfprintf+0x3bc>
    1ad0:	80 37       	cpi	r24, 0x70	; 112
    1ad2:	19 f0       	breq	.+6      	; 0x1ada <vfprintf+0x26a>
    1ad4:	88 37       	cpi	r24, 0x78	; 120
    1ad6:	21 f0       	breq	.+8      	; 0x1ae0 <vfprintf+0x270>
    1ad8:	a9 c0       	rjmp	.+338    	; 0x1c2c <vfprintf+0x3bc>
    1ada:	e9 2f       	mov	r30, r25
    1adc:	e0 61       	ori	r30, 0x10	; 16
    1ade:	be 2e       	mov	r11, r30
    1ae0:	b4 fe       	sbrs	r11, 4
    1ae2:	0d c0       	rjmp	.+26     	; 0x1afe <vfprintf+0x28e>
    1ae4:	fb 2d       	mov	r31, r11
    1ae6:	f4 60       	ori	r31, 0x04	; 4
    1ae8:	bf 2e       	mov	r11, r31
    1aea:	09 c0       	rjmp	.+18     	; 0x1afe <vfprintf+0x28e>
    1aec:	34 fe       	sbrs	r3, 4
    1aee:	0a c0       	rjmp	.+20     	; 0x1b04 <vfprintf+0x294>
    1af0:	29 2f       	mov	r18, r25
    1af2:	26 60       	ori	r18, 0x06	; 6
    1af4:	b2 2e       	mov	r11, r18
    1af6:	06 c0       	rjmp	.+12     	; 0x1b04 <vfprintf+0x294>
    1af8:	28 e0       	ldi	r18, 0x08	; 8
    1afa:	30 e0       	ldi	r19, 0x00	; 0
    1afc:	05 c0       	rjmp	.+10     	; 0x1b08 <vfprintf+0x298>
    1afe:	20 e1       	ldi	r18, 0x10	; 16
    1b00:	30 e0       	ldi	r19, 0x00	; 0
    1b02:	02 c0       	rjmp	.+4      	; 0x1b08 <vfprintf+0x298>
    1b04:	20 e1       	ldi	r18, 0x10	; 16
    1b06:	32 e0       	ldi	r19, 0x02	; 2
    1b08:	f8 01       	movw	r30, r16
    1b0a:	b7 fe       	sbrs	r11, 7
    1b0c:	07 c0       	rjmp	.+14     	; 0x1b1c <vfprintf+0x2ac>
    1b0e:	60 81       	ld	r22, Z
    1b10:	71 81       	ldd	r23, Z+1	; 0x01
    1b12:	82 81       	ldd	r24, Z+2	; 0x02
    1b14:	93 81       	ldd	r25, Z+3	; 0x03
    1b16:	0c 5f       	subi	r16, 0xFC	; 252
    1b18:	1f 4f       	sbci	r17, 0xFF	; 255
    1b1a:	06 c0       	rjmp	.+12     	; 0x1b28 <vfprintf+0x2b8>
    1b1c:	60 81       	ld	r22, Z
    1b1e:	71 81       	ldd	r23, Z+1	; 0x01
    1b20:	80 e0       	ldi	r24, 0x00	; 0
    1b22:	90 e0       	ldi	r25, 0x00	; 0
    1b24:	0e 5f       	subi	r16, 0xFE	; 254
    1b26:	1f 4f       	sbci	r17, 0xFF	; 255
    1b28:	a3 01       	movw	r20, r6
    1b2a:	24 d4       	rcall	.+2120   	; 0x2374 <__ultoa_invert>
    1b2c:	88 2e       	mov	r8, r24
    1b2e:	86 18       	sub	r8, r6
    1b30:	fb 2d       	mov	r31, r11
    1b32:	ff 77       	andi	r31, 0x7F	; 127
    1b34:	3f 2e       	mov	r3, r31
    1b36:	36 fe       	sbrs	r3, 6
    1b38:	0d c0       	rjmp	.+26     	; 0x1b54 <vfprintf+0x2e4>
    1b3a:	23 2d       	mov	r18, r3
    1b3c:	2e 7f       	andi	r18, 0xFE	; 254
    1b3e:	a2 2e       	mov	r10, r18
    1b40:	89 14       	cp	r8, r9
    1b42:	58 f4       	brcc	.+22     	; 0x1b5a <vfprintf+0x2ea>
    1b44:	34 fe       	sbrs	r3, 4
    1b46:	0b c0       	rjmp	.+22     	; 0x1b5e <vfprintf+0x2ee>
    1b48:	32 fc       	sbrc	r3, 2
    1b4a:	09 c0       	rjmp	.+18     	; 0x1b5e <vfprintf+0x2ee>
    1b4c:	83 2d       	mov	r24, r3
    1b4e:	8e 7e       	andi	r24, 0xEE	; 238
    1b50:	a8 2e       	mov	r10, r24
    1b52:	05 c0       	rjmp	.+10     	; 0x1b5e <vfprintf+0x2ee>
    1b54:	b8 2c       	mov	r11, r8
    1b56:	a3 2c       	mov	r10, r3
    1b58:	03 c0       	rjmp	.+6      	; 0x1b60 <vfprintf+0x2f0>
    1b5a:	b8 2c       	mov	r11, r8
    1b5c:	01 c0       	rjmp	.+2      	; 0x1b60 <vfprintf+0x2f0>
    1b5e:	b9 2c       	mov	r11, r9
    1b60:	a4 fe       	sbrs	r10, 4
    1b62:	0f c0       	rjmp	.+30     	; 0x1b82 <vfprintf+0x312>
    1b64:	fe 01       	movw	r30, r28
    1b66:	e8 0d       	add	r30, r8
    1b68:	f1 1d       	adc	r31, r1
    1b6a:	80 81       	ld	r24, Z
    1b6c:	80 33       	cpi	r24, 0x30	; 48
    1b6e:	21 f4       	brne	.+8      	; 0x1b78 <vfprintf+0x308>
    1b70:	9a 2d       	mov	r25, r10
    1b72:	99 7e       	andi	r25, 0xE9	; 233
    1b74:	a9 2e       	mov	r10, r25
    1b76:	09 c0       	rjmp	.+18     	; 0x1b8a <vfprintf+0x31a>
    1b78:	a2 fe       	sbrs	r10, 2
    1b7a:	06 c0       	rjmp	.+12     	; 0x1b88 <vfprintf+0x318>
    1b7c:	b3 94       	inc	r11
    1b7e:	b3 94       	inc	r11
    1b80:	04 c0       	rjmp	.+8      	; 0x1b8a <vfprintf+0x31a>
    1b82:	8a 2d       	mov	r24, r10
    1b84:	86 78       	andi	r24, 0x86	; 134
    1b86:	09 f0       	breq	.+2      	; 0x1b8a <vfprintf+0x31a>
    1b88:	b3 94       	inc	r11
    1b8a:	a3 fc       	sbrc	r10, 3
    1b8c:	10 c0       	rjmp	.+32     	; 0x1bae <vfprintf+0x33e>
    1b8e:	a0 fe       	sbrs	r10, 0
    1b90:	06 c0       	rjmp	.+12     	; 0x1b9e <vfprintf+0x32e>
    1b92:	b2 14       	cp	r11, r2
    1b94:	80 f4       	brcc	.+32     	; 0x1bb6 <vfprintf+0x346>
    1b96:	28 0c       	add	r2, r8
    1b98:	92 2c       	mov	r9, r2
    1b9a:	9b 18       	sub	r9, r11
    1b9c:	0d c0       	rjmp	.+26     	; 0x1bb8 <vfprintf+0x348>
    1b9e:	b2 14       	cp	r11, r2
    1ba0:	58 f4       	brcc	.+22     	; 0x1bb8 <vfprintf+0x348>
    1ba2:	b6 01       	movw	r22, r12
    1ba4:	80 e2       	ldi	r24, 0x20	; 32
    1ba6:	90 e0       	ldi	r25, 0x00	; 0
    1ba8:	90 d3       	rcall	.+1824   	; 0x22ca <fputc>
    1baa:	b3 94       	inc	r11
    1bac:	f8 cf       	rjmp	.-16     	; 0x1b9e <vfprintf+0x32e>
    1bae:	b2 14       	cp	r11, r2
    1bb0:	18 f4       	brcc	.+6      	; 0x1bb8 <vfprintf+0x348>
    1bb2:	2b 18       	sub	r2, r11
    1bb4:	02 c0       	rjmp	.+4      	; 0x1bba <vfprintf+0x34a>
    1bb6:	98 2c       	mov	r9, r8
    1bb8:	21 2c       	mov	r2, r1
    1bba:	a4 fe       	sbrs	r10, 4
    1bbc:	0f c0       	rjmp	.+30     	; 0x1bdc <vfprintf+0x36c>
    1bbe:	b6 01       	movw	r22, r12
    1bc0:	80 e3       	ldi	r24, 0x30	; 48
    1bc2:	90 e0       	ldi	r25, 0x00	; 0
    1bc4:	82 d3       	rcall	.+1796   	; 0x22ca <fputc>
    1bc6:	a2 fe       	sbrs	r10, 2
    1bc8:	16 c0       	rjmp	.+44     	; 0x1bf6 <vfprintf+0x386>
    1bca:	a1 fc       	sbrc	r10, 1
    1bcc:	03 c0       	rjmp	.+6      	; 0x1bd4 <vfprintf+0x364>
    1bce:	88 e7       	ldi	r24, 0x78	; 120
    1bd0:	90 e0       	ldi	r25, 0x00	; 0
    1bd2:	02 c0       	rjmp	.+4      	; 0x1bd8 <vfprintf+0x368>
    1bd4:	88 e5       	ldi	r24, 0x58	; 88
    1bd6:	90 e0       	ldi	r25, 0x00	; 0
    1bd8:	b6 01       	movw	r22, r12
    1bda:	0c c0       	rjmp	.+24     	; 0x1bf4 <vfprintf+0x384>
    1bdc:	8a 2d       	mov	r24, r10
    1bde:	86 78       	andi	r24, 0x86	; 134
    1be0:	51 f0       	breq	.+20     	; 0x1bf6 <vfprintf+0x386>
    1be2:	a1 fe       	sbrs	r10, 1
    1be4:	02 c0       	rjmp	.+4      	; 0x1bea <vfprintf+0x37a>
    1be6:	8b e2       	ldi	r24, 0x2B	; 43
    1be8:	01 c0       	rjmp	.+2      	; 0x1bec <vfprintf+0x37c>
    1bea:	80 e2       	ldi	r24, 0x20	; 32
    1bec:	a7 fc       	sbrc	r10, 7
    1bee:	8d e2       	ldi	r24, 0x2D	; 45
    1bf0:	b6 01       	movw	r22, r12
    1bf2:	90 e0       	ldi	r25, 0x00	; 0
    1bf4:	6a d3       	rcall	.+1748   	; 0x22ca <fputc>
    1bf6:	89 14       	cp	r8, r9
    1bf8:	30 f4       	brcc	.+12     	; 0x1c06 <vfprintf+0x396>
    1bfa:	b6 01       	movw	r22, r12
    1bfc:	80 e3       	ldi	r24, 0x30	; 48
    1bfe:	90 e0       	ldi	r25, 0x00	; 0
    1c00:	64 d3       	rcall	.+1736   	; 0x22ca <fputc>
    1c02:	9a 94       	dec	r9
    1c04:	f8 cf       	rjmp	.-16     	; 0x1bf6 <vfprintf+0x386>
    1c06:	8a 94       	dec	r8
    1c08:	f3 01       	movw	r30, r6
    1c0a:	e8 0d       	add	r30, r8
    1c0c:	f1 1d       	adc	r31, r1
    1c0e:	80 81       	ld	r24, Z
    1c10:	b6 01       	movw	r22, r12
    1c12:	90 e0       	ldi	r25, 0x00	; 0
    1c14:	5a d3       	rcall	.+1716   	; 0x22ca <fputc>
    1c16:	81 10       	cpse	r8, r1
    1c18:	f6 cf       	rjmp	.-20     	; 0x1c06 <vfprintf+0x396>
    1c1a:	22 20       	and	r2, r2
    1c1c:	09 f4       	brne	.+2      	; 0x1c20 <vfprintf+0x3b0>
    1c1e:	4e ce       	rjmp	.-868    	; 0x18bc <vfprintf+0x4c>
    1c20:	b6 01       	movw	r22, r12
    1c22:	80 e2       	ldi	r24, 0x20	; 32
    1c24:	90 e0       	ldi	r25, 0x00	; 0
    1c26:	51 d3       	rcall	.+1698   	; 0x22ca <fputc>
    1c28:	2a 94       	dec	r2
    1c2a:	f7 cf       	rjmp	.-18     	; 0x1c1a <vfprintf+0x3aa>
    1c2c:	f6 01       	movw	r30, r12
    1c2e:	86 81       	ldd	r24, Z+6	; 0x06
    1c30:	97 81       	ldd	r25, Z+7	; 0x07
    1c32:	02 c0       	rjmp	.+4      	; 0x1c38 <vfprintf+0x3c8>
    1c34:	8f ef       	ldi	r24, 0xFF	; 255
    1c36:	9f ef       	ldi	r25, 0xFF	; 255
    1c38:	2b 96       	adiw	r28, 0x0b	; 11
    1c3a:	0f b6       	in	r0, 0x3f	; 63
    1c3c:	f8 94       	cli
    1c3e:	de bf       	out	0x3e, r29	; 62
    1c40:	0f be       	out	0x3f, r0	; 63
    1c42:	cd bf       	out	0x3d, r28	; 61
    1c44:	df 91       	pop	r29
    1c46:	cf 91       	pop	r28
    1c48:	1f 91       	pop	r17
    1c4a:	0f 91       	pop	r16
    1c4c:	ff 90       	pop	r15
    1c4e:	ef 90       	pop	r14
    1c50:	df 90       	pop	r13
    1c52:	cf 90       	pop	r12
    1c54:	bf 90       	pop	r11
    1c56:	af 90       	pop	r10
    1c58:	9f 90       	pop	r9
    1c5a:	8f 90       	pop	r8
    1c5c:	7f 90       	pop	r7
    1c5e:	6f 90       	pop	r6
    1c60:	5f 90       	pop	r5
    1c62:	4f 90       	pop	r4
    1c64:	3f 90       	pop	r3
    1c66:	2f 90       	pop	r2
    1c68:	08 95       	ret

00001c6a <putval>:
    1c6a:	20 fd       	sbrc	r18, 0
    1c6c:	09 c0       	rjmp	.+18     	; 0x1c80 <putval+0x16>
    1c6e:	fc 01       	movw	r30, r24
    1c70:	23 fd       	sbrc	r18, 3
    1c72:	05 c0       	rjmp	.+10     	; 0x1c7e <putval+0x14>
    1c74:	22 ff       	sbrs	r18, 2
    1c76:	02 c0       	rjmp	.+4      	; 0x1c7c <putval+0x12>
    1c78:	73 83       	std	Z+3, r23	; 0x03
    1c7a:	62 83       	std	Z+2, r22	; 0x02
    1c7c:	51 83       	std	Z+1, r21	; 0x01
    1c7e:	40 83       	st	Z, r20
    1c80:	08 95       	ret

00001c82 <mulacc>:
    1c82:	44 fd       	sbrc	r20, 4
    1c84:	17 c0       	rjmp	.+46     	; 0x1cb4 <mulacc+0x32>
    1c86:	46 fd       	sbrc	r20, 6
    1c88:	17 c0       	rjmp	.+46     	; 0x1cb8 <mulacc+0x36>
    1c8a:	ab 01       	movw	r20, r22
    1c8c:	bc 01       	movw	r22, r24
    1c8e:	da 01       	movw	r26, r20
    1c90:	fb 01       	movw	r30, r22
    1c92:	aa 0f       	add	r26, r26
    1c94:	bb 1f       	adc	r27, r27
    1c96:	ee 1f       	adc	r30, r30
    1c98:	ff 1f       	adc	r31, r31
    1c9a:	10 94       	com	r1
    1c9c:	d1 f7       	brne	.-12     	; 0x1c92 <mulacc+0x10>
    1c9e:	4a 0f       	add	r20, r26
    1ca0:	5b 1f       	adc	r21, r27
    1ca2:	6e 1f       	adc	r22, r30
    1ca4:	7f 1f       	adc	r23, r31
    1ca6:	cb 01       	movw	r24, r22
    1ca8:	ba 01       	movw	r22, r20
    1caa:	66 0f       	add	r22, r22
    1cac:	77 1f       	adc	r23, r23
    1cae:	88 1f       	adc	r24, r24
    1cb0:	99 1f       	adc	r25, r25
    1cb2:	09 c0       	rjmp	.+18     	; 0x1cc6 <mulacc+0x44>
    1cb4:	33 e0       	ldi	r19, 0x03	; 3
    1cb6:	01 c0       	rjmp	.+2      	; 0x1cba <mulacc+0x38>
    1cb8:	34 e0       	ldi	r19, 0x04	; 4
    1cba:	66 0f       	add	r22, r22
    1cbc:	77 1f       	adc	r23, r23
    1cbe:	88 1f       	adc	r24, r24
    1cc0:	99 1f       	adc	r25, r25
    1cc2:	31 50       	subi	r19, 0x01	; 1
    1cc4:	d1 f7       	brne	.-12     	; 0x1cba <mulacc+0x38>
    1cc6:	62 0f       	add	r22, r18
    1cc8:	71 1d       	adc	r23, r1
    1cca:	81 1d       	adc	r24, r1
    1ccc:	91 1d       	adc	r25, r1
    1cce:	08 95       	ret

00001cd0 <skip_spaces>:
    1cd0:	0f 93       	push	r16
    1cd2:	1f 93       	push	r17
    1cd4:	cf 93       	push	r28
    1cd6:	df 93       	push	r29
    1cd8:	8c 01       	movw	r16, r24
    1cda:	c8 01       	movw	r24, r16
    1cdc:	b8 d2       	rcall	.+1392   	; 0x224e <fgetc>
    1cde:	ec 01       	movw	r28, r24
    1ce0:	97 fd       	sbrc	r25, 7
    1ce2:	06 c0       	rjmp	.+12     	; 0x1cf0 <skip_spaces+0x20>
    1ce4:	8b d2       	rcall	.+1302   	; 0x21fc <isspace>
    1ce6:	89 2b       	or	r24, r25
    1ce8:	c1 f7       	brne	.-16     	; 0x1cda <skip_spaces+0xa>
    1cea:	b8 01       	movw	r22, r16
    1cec:	ce 01       	movw	r24, r28
    1cee:	29 d3       	rcall	.+1618   	; 0x2342 <ungetc>
    1cf0:	ce 01       	movw	r24, r28
    1cf2:	df 91       	pop	r29
    1cf4:	cf 91       	pop	r28
    1cf6:	1f 91       	pop	r17
    1cf8:	0f 91       	pop	r16
    1cfa:	08 95       	ret

00001cfc <conv_int>:
    1cfc:	8f 92       	push	r8
    1cfe:	9f 92       	push	r9
    1d00:	af 92       	push	r10
    1d02:	bf 92       	push	r11
    1d04:	ef 92       	push	r14
    1d06:	ff 92       	push	r15
    1d08:	0f 93       	push	r16
    1d0a:	1f 93       	push	r17
    1d0c:	cf 93       	push	r28
    1d0e:	df 93       	push	r29
    1d10:	8c 01       	movw	r16, r24
    1d12:	d6 2f       	mov	r29, r22
    1d14:	7a 01       	movw	r14, r20
    1d16:	b2 2e       	mov	r11, r18
    1d18:	9a d2       	rcall	.+1332   	; 0x224e <fgetc>
    1d1a:	9c 01       	movw	r18, r24
    1d1c:	33 27       	eor	r19, r19
    1d1e:	2b 32       	cpi	r18, 0x2B	; 43
    1d20:	31 05       	cpc	r19, r1
    1d22:	31 f0       	breq	.+12     	; 0x1d30 <conv_int+0x34>
    1d24:	2d 32       	cpi	r18, 0x2D	; 45
    1d26:	31 05       	cpc	r19, r1
    1d28:	59 f4       	brne	.+22     	; 0x1d40 <conv_int+0x44>
    1d2a:	8b 2d       	mov	r24, r11
    1d2c:	80 68       	ori	r24, 0x80	; 128
    1d2e:	b8 2e       	mov	r11, r24
    1d30:	d1 50       	subi	r29, 0x01	; 1
    1d32:	11 f4       	brne	.+4      	; 0x1d38 <conv_int+0x3c>
    1d34:	80 e0       	ldi	r24, 0x00	; 0
    1d36:	61 c0       	rjmp	.+194    	; 0x1dfa <conv_int+0xfe>
    1d38:	c8 01       	movw	r24, r16
    1d3a:	89 d2       	rcall	.+1298   	; 0x224e <fgetc>
    1d3c:	97 fd       	sbrc	r25, 7
    1d3e:	fa cf       	rjmp	.-12     	; 0x1d34 <conv_int+0x38>
    1d40:	cb 2d       	mov	r28, r11
    1d42:	cd 7f       	andi	r28, 0xFD	; 253
    1d44:	2b 2d       	mov	r18, r11
    1d46:	20 73       	andi	r18, 0x30	; 48
    1d48:	f9 f4       	brne	.+62     	; 0x1d88 <conv_int+0x8c>
    1d4a:	80 33       	cpi	r24, 0x30	; 48
    1d4c:	e9 f4       	brne	.+58     	; 0x1d88 <conv_int+0x8c>
    1d4e:	aa 24       	eor	r10, r10
    1d50:	aa 94       	dec	r10
    1d52:	ad 0e       	add	r10, r29
    1d54:	09 f4       	brne	.+2      	; 0x1d58 <conv_int+0x5c>
    1d56:	3e c0       	rjmp	.+124    	; 0x1dd4 <conv_int+0xd8>
    1d58:	c8 01       	movw	r24, r16
    1d5a:	79 d2       	rcall	.+1266   	; 0x224e <fgetc>
    1d5c:	97 fd       	sbrc	r25, 7
    1d5e:	3a c0       	rjmp	.+116    	; 0x1dd4 <conv_int+0xd8>
    1d60:	9c 01       	movw	r18, r24
    1d62:	2f 7d       	andi	r18, 0xDF	; 223
    1d64:	33 27       	eor	r19, r19
    1d66:	28 35       	cpi	r18, 0x58	; 88
    1d68:	31 05       	cpc	r19, r1
    1d6a:	41 f4       	brne	.+16     	; 0x1d7c <conv_int+0x80>
    1d6c:	c2 64       	ori	r28, 0x42	; 66
    1d6e:	d2 50       	subi	r29, 0x02	; 2
    1d70:	89 f1       	breq	.+98     	; 0x1dd4 <conv_int+0xd8>
    1d72:	c8 01       	movw	r24, r16
    1d74:	6c d2       	rcall	.+1240   	; 0x224e <fgetc>
    1d76:	97 ff       	sbrs	r25, 7
    1d78:	07 c0       	rjmp	.+14     	; 0x1d88 <conv_int+0x8c>
    1d7a:	2c c0       	rjmp	.+88     	; 0x1dd4 <conv_int+0xd8>
    1d7c:	b6 fe       	sbrs	r11, 6
    1d7e:	02 c0       	rjmp	.+4      	; 0x1d84 <conv_int+0x88>
    1d80:	c2 60       	ori	r28, 0x02	; 2
    1d82:	01 c0       	rjmp	.+2      	; 0x1d86 <conv_int+0x8a>
    1d84:	c2 61       	ori	r28, 0x12	; 18
    1d86:	da 2d       	mov	r29, r10
    1d88:	81 2c       	mov	r8, r1
    1d8a:	91 2c       	mov	r9, r1
    1d8c:	54 01       	movw	r10, r8
    1d8e:	20 ed       	ldi	r18, 0xD0	; 208
    1d90:	28 0f       	add	r18, r24
    1d92:	28 30       	cpi	r18, 0x08	; 8
    1d94:	78 f0       	brcs	.+30     	; 0x1db4 <conv_int+0xb8>
    1d96:	c4 ff       	sbrs	r28, 4
    1d98:	03 c0       	rjmp	.+6      	; 0x1da0 <conv_int+0xa4>
    1d9a:	b8 01       	movw	r22, r16
    1d9c:	d2 d2       	rcall	.+1444   	; 0x2342 <ungetc>
    1d9e:	17 c0       	rjmp	.+46     	; 0x1dce <conv_int+0xd2>
    1da0:	2a 30       	cpi	r18, 0x0A	; 10
    1da2:	40 f0       	brcs	.+16     	; 0x1db4 <conv_int+0xb8>
    1da4:	c6 ff       	sbrs	r28, 6
    1da6:	f9 cf       	rjmp	.-14     	; 0x1d9a <conv_int+0x9e>
    1da8:	2f 7d       	andi	r18, 0xDF	; 223
    1daa:	3f ee       	ldi	r19, 0xEF	; 239
    1dac:	32 0f       	add	r19, r18
    1dae:	36 30       	cpi	r19, 0x06	; 6
    1db0:	a0 f7       	brcc	.-24     	; 0x1d9a <conv_int+0x9e>
    1db2:	27 50       	subi	r18, 0x07	; 7
    1db4:	4c 2f       	mov	r20, r28
    1db6:	c5 01       	movw	r24, r10
    1db8:	b4 01       	movw	r22, r8
    1dba:	63 df       	rcall	.-314    	; 0x1c82 <mulacc>
    1dbc:	4b 01       	movw	r8, r22
    1dbe:	5c 01       	movw	r10, r24
    1dc0:	c2 60       	ori	r28, 0x02	; 2
    1dc2:	d1 50       	subi	r29, 0x01	; 1
    1dc4:	51 f0       	breq	.+20     	; 0x1dda <conv_int+0xde>
    1dc6:	c8 01       	movw	r24, r16
    1dc8:	42 d2       	rcall	.+1156   	; 0x224e <fgetc>
    1dca:	97 ff       	sbrs	r25, 7
    1dcc:	e0 cf       	rjmp	.-64     	; 0x1d8e <conv_int+0x92>
    1dce:	c1 fd       	sbrc	r28, 1
    1dd0:	04 c0       	rjmp	.+8      	; 0x1dda <conv_int+0xde>
    1dd2:	b0 cf       	rjmp	.-160    	; 0x1d34 <conv_int+0x38>
    1dd4:	81 2c       	mov	r8, r1
    1dd6:	91 2c       	mov	r9, r1
    1dd8:	54 01       	movw	r10, r8
    1dda:	c7 ff       	sbrs	r28, 7
    1ddc:	08 c0       	rjmp	.+16     	; 0x1dee <conv_int+0xf2>
    1dde:	b0 94       	com	r11
    1de0:	a0 94       	com	r10
    1de2:	90 94       	com	r9
    1de4:	80 94       	com	r8
    1de6:	81 1c       	adc	r8, r1
    1de8:	91 1c       	adc	r9, r1
    1dea:	a1 1c       	adc	r10, r1
    1dec:	b1 1c       	adc	r11, r1
    1dee:	2c 2f       	mov	r18, r28
    1df0:	b5 01       	movw	r22, r10
    1df2:	a4 01       	movw	r20, r8
    1df4:	c7 01       	movw	r24, r14
    1df6:	39 df       	rcall	.-398    	; 0x1c6a <putval>
    1df8:	81 e0       	ldi	r24, 0x01	; 1
    1dfa:	df 91       	pop	r29
    1dfc:	cf 91       	pop	r28
    1dfe:	1f 91       	pop	r17
    1e00:	0f 91       	pop	r16
    1e02:	ff 90       	pop	r15
    1e04:	ef 90       	pop	r14
    1e06:	bf 90       	pop	r11
    1e08:	af 90       	pop	r10
    1e0a:	9f 90       	pop	r9
    1e0c:	8f 90       	pop	r8
    1e0e:	08 95       	ret

00001e10 <conv_brk>:
    1e10:	5f 92       	push	r5
    1e12:	6f 92       	push	r6
    1e14:	7f 92       	push	r7
    1e16:	8f 92       	push	r8
    1e18:	9f 92       	push	r9
    1e1a:	af 92       	push	r10
    1e1c:	bf 92       	push	r11
    1e1e:	cf 92       	push	r12
    1e20:	df 92       	push	r13
    1e22:	ef 92       	push	r14
    1e24:	ff 92       	push	r15
    1e26:	0f 93       	push	r16
    1e28:	1f 93       	push	r17
    1e2a:	cf 93       	push	r28
    1e2c:	df 93       	push	r29
    1e2e:	cd b7       	in	r28, 0x3d	; 61
    1e30:	de b7       	in	r29, 0x3e	; 62
    1e32:	a0 97       	sbiw	r28, 0x20	; 32
    1e34:	0f b6       	in	r0, 0x3f	; 63
    1e36:	f8 94       	cli
    1e38:	de bf       	out	0x3e, r29	; 62
    1e3a:	0f be       	out	0x3f, r0	; 63
    1e3c:	cd bf       	out	0x3d, r28	; 61
    1e3e:	5c 01       	movw	r10, r24
    1e40:	96 2e       	mov	r9, r22
    1e42:	7a 01       	movw	r14, r20
    1e44:	f9 01       	movw	r30, r18
    1e46:	8e 01       	movw	r16, r28
    1e48:	0f 5f       	subi	r16, 0xFF	; 255
    1e4a:	1f 4f       	sbci	r17, 0xFF	; 255
    1e4c:	68 01       	movw	r12, r16
    1e4e:	80 e2       	ldi	r24, 0x20	; 32
    1e50:	d8 01       	movw	r26, r16
    1e52:	1d 92       	st	X+, r1
    1e54:	8a 95       	dec	r24
    1e56:	e9 f7       	brne	.-6      	; 0x1e52 <conv_brk+0x42>
    1e58:	d5 01       	movw	r26, r10
    1e5a:	13 96       	adiw	r26, 0x03	; 3
    1e5c:	8c 90       	ld	r8, X
    1e5e:	80 e0       	ldi	r24, 0x00	; 0
    1e60:	90 e0       	ldi	r25, 0x00	; 0
    1e62:	61 2c       	mov	r6, r1
    1e64:	71 2c       	mov	r7, r1
    1e66:	30 e0       	ldi	r19, 0x00	; 0
    1e68:	61 e0       	ldi	r22, 0x01	; 1
    1e6a:	70 e0       	ldi	r23, 0x00	; 0
    1e6c:	83 fc       	sbrc	r8, 3
    1e6e:	25 91       	lpm	r18, Z+
    1e70:	83 fe       	sbrs	r8, 3
    1e72:	21 91       	ld	r18, Z+
    1e74:	8f 01       	movw	r16, r30
    1e76:	52 2e       	mov	r5, r18
    1e78:	21 11       	cpse	r18, r1
    1e7a:	03 c0       	rjmp	.+6      	; 0x1e82 <conv_brk+0x72>
    1e7c:	80 e0       	ldi	r24, 0x00	; 0
    1e7e:	90 e0       	ldi	r25, 0x00	; 0
    1e80:	90 c0       	rjmp	.+288    	; 0x1fa2 <conv_brk+0x192>
    1e82:	2e 35       	cpi	r18, 0x5E	; 94
    1e84:	11 f4       	brne	.+4      	; 0x1e8a <conv_brk+0x7a>
    1e86:	00 97       	sbiw	r24, 0x00	; 0
    1e88:	51 f1       	breq	.+84     	; 0x1ede <conv_brk+0xce>
    1e8a:	43 2f       	mov	r20, r19
    1e8c:	50 e0       	ldi	r21, 0x00	; 0
    1e8e:	48 17       	cp	r20, r24
    1e90:	59 07       	cpc	r21, r25
    1e92:	3c f4       	brge	.+14     	; 0x1ea2 <conv_brk+0x92>
    1e94:	2d 35       	cpi	r18, 0x5D	; 93
    1e96:	59 f1       	breq	.+86     	; 0x1eee <conv_brk+0xde>
    1e98:	2d 32       	cpi	r18, 0x2D	; 45
    1e9a:	19 f4       	brne	.+6      	; 0x1ea2 <conv_brk+0x92>
    1e9c:	77 20       	and	r7, r7
    1e9e:	09 f1       	breq	.+66     	; 0x1ee2 <conv_brk+0xd2>
    1ea0:	03 c0       	rjmp	.+6      	; 0x1ea8 <conv_brk+0x98>
    1ea2:	77 20       	and	r7, r7
    1ea4:	09 f4       	brne	.+2      	; 0x1ea8 <conv_brk+0x98>
    1ea6:	68 c0       	rjmp	.+208    	; 0x1f78 <conv_brk+0x168>
    1ea8:	45 2d       	mov	r20, r5
    1eaa:	46 95       	lsr	r20
    1eac:	46 95       	lsr	r20
    1eae:	46 95       	lsr	r20
    1eb0:	d6 01       	movw	r26, r12
    1eb2:	a4 0f       	add	r26, r20
    1eb4:	b1 1d       	adc	r27, r1
    1eb6:	45 2d       	mov	r20, r5
    1eb8:	47 70       	andi	r20, 0x07	; 7
    1eba:	8b 01       	movw	r16, r22
    1ebc:	02 c0       	rjmp	.+4      	; 0x1ec2 <conv_brk+0xb2>
    1ebe:	00 0f       	add	r16, r16
    1ec0:	11 1f       	adc	r17, r17
    1ec2:	4a 95       	dec	r20
    1ec4:	e2 f7       	brpl	.-8      	; 0x1ebe <conv_brk+0xae>
    1ec6:	a8 01       	movw	r20, r16
    1ec8:	5c 91       	ld	r21, X
    1eca:	45 2b       	or	r20, r21
    1ecc:	4c 93       	st	X, r20
    1ece:	65 14       	cp	r6, r5
    1ed0:	59 f0       	breq	.+22     	; 0x1ee8 <conv_brk+0xd8>
    1ed2:	56 14       	cp	r5, r6
    1ed4:	10 f4       	brcc	.+4      	; 0x1eda <conv_brk+0xca>
    1ed6:	53 94       	inc	r5
    1ed8:	e7 cf       	rjmp	.-50     	; 0x1ea8 <conv_brk+0x98>
    1eda:	5a 94       	dec	r5
    1edc:	e5 cf       	rjmp	.-54     	; 0x1ea8 <conv_brk+0x98>
    1ede:	31 e0       	ldi	r19, 0x01	; 1
    1ee0:	04 c0       	rjmp	.+8      	; 0x1eea <conv_brk+0xda>
    1ee2:	77 24       	eor	r7, r7
    1ee4:	73 94       	inc	r7
    1ee6:	01 c0       	rjmp	.+2      	; 0x1eea <conv_brk+0xda>
    1ee8:	71 2c       	mov	r7, r1
    1eea:	01 96       	adiw	r24, 0x01	; 1
    1eec:	bf cf       	rjmp	.-130    	; 0x1e6c <conv_brk+0x5c>
    1eee:	77 20       	and	r7, r7
    1ef0:	19 f0       	breq	.+6      	; 0x1ef8 <conv_brk+0xe8>
    1ef2:	8e 81       	ldd	r24, Y+6	; 0x06
    1ef4:	80 62       	ori	r24, 0x20	; 32
    1ef6:	8e 83       	std	Y+6, r24	; 0x06
    1ef8:	31 11       	cpse	r19, r1
    1efa:	03 c0       	rjmp	.+6      	; 0x1f02 <conv_brk+0xf2>
    1efc:	88 24       	eor	r8, r8
    1efe:	83 94       	inc	r8
    1f00:	17 c0       	rjmp	.+46     	; 0x1f30 <conv_brk+0x120>
    1f02:	f6 01       	movw	r30, r12
    1f04:	9e 01       	movw	r18, r28
    1f06:	2f 5d       	subi	r18, 0xDF	; 223
    1f08:	3f 4f       	sbci	r19, 0xFF	; 255
    1f0a:	80 81       	ld	r24, Z
    1f0c:	80 95       	com	r24
    1f0e:	81 93       	st	Z+, r24
    1f10:	2e 17       	cp	r18, r30
    1f12:	3f 07       	cpc	r19, r31
    1f14:	d1 f7       	brne	.-12     	; 0x1f0a <conv_brk+0xfa>
    1f16:	f2 cf       	rjmp	.-28     	; 0x1efc <conv_brk+0xec>
    1f18:	e1 14       	cp	r14, r1
    1f1a:	f1 04       	cpc	r15, r1
    1f1c:	29 f0       	breq	.+10     	; 0x1f28 <conv_brk+0x118>
    1f1e:	d7 01       	movw	r26, r14
    1f20:	8c 93       	st	X, r24
    1f22:	f7 01       	movw	r30, r14
    1f24:	31 96       	adiw	r30, 0x01	; 1
    1f26:	7f 01       	movw	r14, r30
    1f28:	9a 94       	dec	r9
    1f2a:	81 2c       	mov	r8, r1
    1f2c:	99 20       	and	r9, r9
    1f2e:	e9 f0       	breq	.+58     	; 0x1f6a <conv_brk+0x15a>
    1f30:	c5 01       	movw	r24, r10
    1f32:	8d d1       	rcall	.+794    	; 0x224e <fgetc>
    1f34:	97 fd       	sbrc	r25, 7
    1f36:	17 c0       	rjmp	.+46     	; 0x1f66 <conv_brk+0x156>
    1f38:	fc 01       	movw	r30, r24
    1f3a:	ff 27       	eor	r31, r31
    1f3c:	23 e0       	ldi	r18, 0x03	; 3
    1f3e:	f5 95       	asr	r31
    1f40:	e7 95       	ror	r30
    1f42:	2a 95       	dec	r18
    1f44:	e1 f7       	brne	.-8      	; 0x1f3e <conv_brk+0x12e>
    1f46:	ec 0d       	add	r30, r12
    1f48:	fd 1d       	adc	r31, r13
    1f4a:	20 81       	ld	r18, Z
    1f4c:	30 e0       	ldi	r19, 0x00	; 0
    1f4e:	ac 01       	movw	r20, r24
    1f50:	47 70       	andi	r20, 0x07	; 7
    1f52:	55 27       	eor	r21, r21
    1f54:	02 c0       	rjmp	.+4      	; 0x1f5a <conv_brk+0x14a>
    1f56:	35 95       	asr	r19
    1f58:	27 95       	ror	r18
    1f5a:	4a 95       	dec	r20
    1f5c:	e2 f7       	brpl	.-8      	; 0x1f56 <conv_brk+0x146>
    1f5e:	20 fd       	sbrc	r18, 0
    1f60:	db cf       	rjmp	.-74     	; 0x1f18 <conv_brk+0x108>
    1f62:	b5 01       	movw	r22, r10
    1f64:	ee d1       	rcall	.+988    	; 0x2342 <ungetc>
    1f66:	81 10       	cpse	r8, r1
    1f68:	89 cf       	rjmp	.-238    	; 0x1e7c <conv_brk+0x6c>
    1f6a:	e1 14       	cp	r14, r1
    1f6c:	f1 04       	cpc	r15, r1
    1f6e:	11 f0       	breq	.+4      	; 0x1f74 <conv_brk+0x164>
    1f70:	d7 01       	movw	r26, r14
    1f72:	1c 92       	st	X, r1
    1f74:	c8 01       	movw	r24, r16
    1f76:	15 c0       	rjmp	.+42     	; 0x1fa2 <conv_brk+0x192>
    1f78:	42 2f       	mov	r20, r18
    1f7a:	46 95       	lsr	r20
    1f7c:	46 95       	lsr	r20
    1f7e:	46 95       	lsr	r20
    1f80:	d6 01       	movw	r26, r12
    1f82:	a4 0f       	add	r26, r20
    1f84:	b1 1d       	adc	r27, r1
    1f86:	42 2f       	mov	r20, r18
    1f88:	47 70       	andi	r20, 0x07	; 7
    1f8a:	8b 01       	movw	r16, r22
    1f8c:	02 c0       	rjmp	.+4      	; 0x1f92 <conv_brk+0x182>
    1f8e:	00 0f       	add	r16, r16
    1f90:	11 1f       	adc	r17, r17
    1f92:	4a 95       	dec	r20
    1f94:	e2 f7       	brpl	.-8      	; 0x1f8e <conv_brk+0x17e>
    1f96:	a8 01       	movw	r20, r16
    1f98:	5c 91       	ld	r21, X
    1f9a:	45 2b       	or	r20, r21
    1f9c:	4c 93       	st	X, r20
    1f9e:	62 2e       	mov	r6, r18
    1fa0:	a4 cf       	rjmp	.-184    	; 0x1eea <conv_brk+0xda>
    1fa2:	a0 96       	adiw	r28, 0x20	; 32
    1fa4:	0f b6       	in	r0, 0x3f	; 63
    1fa6:	f8 94       	cli
    1fa8:	de bf       	out	0x3e, r29	; 62
    1faa:	0f be       	out	0x3f, r0	; 63
    1fac:	cd bf       	out	0x3d, r28	; 61
    1fae:	df 91       	pop	r29
    1fb0:	cf 91       	pop	r28
    1fb2:	1f 91       	pop	r17
    1fb4:	0f 91       	pop	r16
    1fb6:	ff 90       	pop	r15
    1fb8:	ef 90       	pop	r14
    1fba:	df 90       	pop	r13
    1fbc:	cf 90       	pop	r12
    1fbe:	bf 90       	pop	r11
    1fc0:	af 90       	pop	r10
    1fc2:	9f 90       	pop	r9
    1fc4:	8f 90       	pop	r8
    1fc6:	7f 90       	pop	r7
    1fc8:	6f 90       	pop	r6
    1fca:	5f 90       	pop	r5
    1fcc:	08 95       	ret

00001fce <vfscanf>:
    1fce:	5f 92       	push	r5
    1fd0:	6f 92       	push	r6
    1fd2:	7f 92       	push	r7
    1fd4:	8f 92       	push	r8
    1fd6:	9f 92       	push	r9
    1fd8:	af 92       	push	r10
    1fda:	bf 92       	push	r11
    1fdc:	cf 92       	push	r12
    1fde:	df 92       	push	r13
    1fe0:	ef 92       	push	r14
    1fe2:	ff 92       	push	r15
    1fe4:	0f 93       	push	r16
    1fe6:	1f 93       	push	r17
    1fe8:	cf 93       	push	r28
    1fea:	df 93       	push	r29
    1fec:	6c 01       	movw	r12, r24
    1fee:	eb 01       	movw	r28, r22
    1ff0:	5a 01       	movw	r10, r20
    1ff2:	fc 01       	movw	r30, r24
    1ff4:	17 82       	std	Z+7, r1	; 0x07
    1ff6:	16 82       	std	Z+6, r1	; 0x06
    1ff8:	51 2c       	mov	r5, r1
    1ffa:	f6 01       	movw	r30, r12
    1ffc:	e3 80       	ldd	r14, Z+3	; 0x03
    1ffe:	fe 01       	movw	r30, r28
    2000:	e3 fc       	sbrc	r14, 3
    2002:	85 91       	lpm	r24, Z+
    2004:	e3 fe       	sbrs	r14, 3
    2006:	81 91       	ld	r24, Z+
    2008:	18 2f       	mov	r17, r24
    200a:	ef 01       	movw	r28, r30
    200c:	88 23       	and	r24, r24
    200e:	09 f4       	brne	.+2      	; 0x2012 <vfscanf+0x44>
    2010:	e0 c0       	rjmp	.+448    	; 0x21d2 <vfscanf+0x204>
    2012:	90 e0       	ldi	r25, 0x00	; 0
    2014:	f3 d0       	rcall	.+486    	; 0x21fc <isspace>
    2016:	89 2b       	or	r24, r25
    2018:	19 f0       	breq	.+6      	; 0x2020 <vfscanf+0x52>
    201a:	c6 01       	movw	r24, r12
    201c:	59 de       	rcall	.-846    	; 0x1cd0 <skip_spaces>
    201e:	ed cf       	rjmp	.-38     	; 0x1ffa <vfscanf+0x2c>
    2020:	15 32       	cpi	r17, 0x25	; 37
    2022:	41 f4       	brne	.+16     	; 0x2034 <vfscanf+0x66>
    2024:	fe 01       	movw	r30, r28
    2026:	e3 fc       	sbrc	r14, 3
    2028:	15 91       	lpm	r17, Z+
    202a:	e3 fe       	sbrs	r14, 3
    202c:	11 91       	ld	r17, Z+
    202e:	ef 01       	movw	r28, r30
    2030:	15 32       	cpi	r17, 0x25	; 37
    2032:	71 f4       	brne	.+28     	; 0x2050 <vfscanf+0x82>
    2034:	c6 01       	movw	r24, r12
    2036:	0b d1       	rcall	.+534    	; 0x224e <fgetc>
    2038:	97 fd       	sbrc	r25, 7
    203a:	c9 c0       	rjmp	.+402    	; 0x21ce <vfscanf+0x200>
    203c:	41 2f       	mov	r20, r17
    203e:	50 e0       	ldi	r21, 0x00	; 0
    2040:	9c 01       	movw	r18, r24
    2042:	33 27       	eor	r19, r19
    2044:	24 17       	cp	r18, r20
    2046:	35 07       	cpc	r19, r21
    2048:	c1 f2       	breq	.-80     	; 0x1ffa <vfscanf+0x2c>
    204a:	b6 01       	movw	r22, r12
    204c:	7a d1       	rcall	.+756    	; 0x2342 <ungetc>
    204e:	c1 c0       	rjmp	.+386    	; 0x21d2 <vfscanf+0x204>
    2050:	1a 32       	cpi	r17, 0x2A	; 42
    2052:	39 f4       	brne	.+14     	; 0x2062 <vfscanf+0x94>
    2054:	e3 fc       	sbrc	r14, 3
    2056:	15 91       	lpm	r17, Z+
    2058:	e3 fe       	sbrs	r14, 3
    205a:	11 91       	ld	r17, Z+
    205c:	ef 01       	movw	r28, r30
    205e:	01 e0       	ldi	r16, 0x01	; 1
    2060:	01 c0       	rjmp	.+2      	; 0x2064 <vfscanf+0x96>
    2062:	00 e0       	ldi	r16, 0x00	; 0
    2064:	f1 2c       	mov	r15, r1
    2066:	20 ed       	ldi	r18, 0xD0	; 208
    2068:	21 0f       	add	r18, r17
    206a:	2a 30       	cpi	r18, 0x0A	; 10
    206c:	78 f4       	brcc	.+30     	; 0x208c <vfscanf+0xbe>
    206e:	02 60       	ori	r16, 0x02	; 2
    2070:	6f 2d       	mov	r22, r15
    2072:	70 e0       	ldi	r23, 0x00	; 0
    2074:	80 e0       	ldi	r24, 0x00	; 0
    2076:	90 e0       	ldi	r25, 0x00	; 0
    2078:	40 e2       	ldi	r20, 0x20	; 32
    207a:	03 de       	rcall	.-1018   	; 0x1c82 <mulacc>
    207c:	f6 2e       	mov	r15, r22
    207e:	fe 01       	movw	r30, r28
    2080:	e3 fc       	sbrc	r14, 3
    2082:	15 91       	lpm	r17, Z+
    2084:	e3 fe       	sbrs	r14, 3
    2086:	11 91       	ld	r17, Z+
    2088:	ef 01       	movw	r28, r30
    208a:	ed cf       	rjmp	.-38     	; 0x2066 <vfscanf+0x98>
    208c:	01 ff       	sbrs	r16, 1
    208e:	03 c0       	rjmp	.+6      	; 0x2096 <vfscanf+0xc8>
    2090:	f1 10       	cpse	r15, r1
    2092:	03 c0       	rjmp	.+6      	; 0x209a <vfscanf+0xcc>
    2094:	9e c0       	rjmp	.+316    	; 0x21d2 <vfscanf+0x204>
    2096:	ff 24       	eor	r15, r15
    2098:	fa 94       	dec	r15
    209a:	18 36       	cpi	r17, 0x68	; 104
    209c:	19 f0       	breq	.+6      	; 0x20a4 <vfscanf+0xd6>
    209e:	1c 36       	cpi	r17, 0x6C	; 108
    20a0:	51 f0       	breq	.+20     	; 0x20b6 <vfscanf+0xe8>
    20a2:	10 c0       	rjmp	.+32     	; 0x20c4 <vfscanf+0xf6>
    20a4:	fe 01       	movw	r30, r28
    20a6:	e3 fc       	sbrc	r14, 3
    20a8:	15 91       	lpm	r17, Z+
    20aa:	e3 fe       	sbrs	r14, 3
    20ac:	11 91       	ld	r17, Z+
    20ae:	ef 01       	movw	r28, r30
    20b0:	18 36       	cpi	r17, 0x68	; 104
    20b2:	41 f4       	brne	.+16     	; 0x20c4 <vfscanf+0xf6>
    20b4:	08 60       	ori	r16, 0x08	; 8
    20b6:	04 60       	ori	r16, 0x04	; 4
    20b8:	fe 01       	movw	r30, r28
    20ba:	e3 fc       	sbrc	r14, 3
    20bc:	15 91       	lpm	r17, Z+
    20be:	e3 fe       	sbrs	r14, 3
    20c0:	11 91       	ld	r17, Z+
    20c2:	ef 01       	movw	r28, r30
    20c4:	11 23       	and	r17, r17
    20c6:	09 f4       	brne	.+2      	; 0x20ca <vfscanf+0xfc>
    20c8:	84 c0       	rjmp	.+264    	; 0x21d2 <vfscanf+0x204>
    20ca:	61 2f       	mov	r22, r17
    20cc:	70 e0       	ldi	r23, 0x00	; 0
    20ce:	8c e8       	ldi	r24, 0x8C	; 140
    20d0:	90 e0       	ldi	r25, 0x00	; 0
    20d2:	9c d0       	rcall	.+312    	; 0x220c <strchr_P>
    20d4:	89 2b       	or	r24, r25
    20d6:	09 f4       	brne	.+2      	; 0x20da <vfscanf+0x10c>
    20d8:	7c c0       	rjmp	.+248    	; 0x21d2 <vfscanf+0x204>
    20da:	00 fd       	sbrc	r16, 0
    20dc:	07 c0       	rjmp	.+14     	; 0x20ec <vfscanf+0x11e>
    20de:	f5 01       	movw	r30, r10
    20e0:	80 80       	ld	r8, Z
    20e2:	91 80       	ldd	r9, Z+1	; 0x01
    20e4:	c5 01       	movw	r24, r10
    20e6:	02 96       	adiw	r24, 0x02	; 2
    20e8:	5c 01       	movw	r10, r24
    20ea:	02 c0       	rjmp	.+4      	; 0x20f0 <vfscanf+0x122>
    20ec:	81 2c       	mov	r8, r1
    20ee:	91 2c       	mov	r9, r1
    20f0:	1e 36       	cpi	r17, 0x6E	; 110
    20f2:	49 f4       	brne	.+18     	; 0x2106 <vfscanf+0x138>
    20f4:	f6 01       	movw	r30, r12
    20f6:	46 81       	ldd	r20, Z+6	; 0x06
    20f8:	57 81       	ldd	r21, Z+7	; 0x07
    20fa:	60 e0       	ldi	r22, 0x00	; 0
    20fc:	70 e0       	ldi	r23, 0x00	; 0
    20fe:	20 2f       	mov	r18, r16
    2100:	c4 01       	movw	r24, r8
    2102:	b3 dd       	rcall	.-1178   	; 0x1c6a <putval>
    2104:	7a cf       	rjmp	.-268    	; 0x1ffa <vfscanf+0x2c>
    2106:	13 36       	cpi	r17, 0x63	; 99
    2108:	a1 f4       	brne	.+40     	; 0x2132 <vfscanf+0x164>
    210a:	01 fd       	sbrc	r16, 1
    210c:	02 c0       	rjmp	.+4      	; 0x2112 <vfscanf+0x144>
    210e:	ff 24       	eor	r15, r15
    2110:	f3 94       	inc	r15
    2112:	c6 01       	movw	r24, r12
    2114:	9c d0       	rcall	.+312    	; 0x224e <fgetc>
    2116:	97 fd       	sbrc	r25, 7
    2118:	5a c0       	rjmp	.+180    	; 0x21ce <vfscanf+0x200>
    211a:	81 14       	cp	r8, r1
    211c:	91 04       	cpc	r9, r1
    211e:	29 f0       	breq	.+10     	; 0x212a <vfscanf+0x15c>
    2120:	f4 01       	movw	r30, r8
    2122:	80 83       	st	Z, r24
    2124:	c4 01       	movw	r24, r8
    2126:	01 96       	adiw	r24, 0x01	; 1
    2128:	4c 01       	movw	r8, r24
    212a:	fa 94       	dec	r15
    212c:	f1 10       	cpse	r15, r1
    212e:	f1 cf       	rjmp	.-30     	; 0x2112 <vfscanf+0x144>
    2130:	4a c0       	rjmp	.+148    	; 0x21c6 <vfscanf+0x1f8>
    2132:	1b 35       	cpi	r17, 0x5B	; 91
    2134:	51 f4       	brne	.+20     	; 0x214a <vfscanf+0x17c>
    2136:	9e 01       	movw	r18, r28
    2138:	a4 01       	movw	r20, r8
    213a:	6f 2d       	mov	r22, r15
    213c:	c6 01       	movw	r24, r12
    213e:	68 de       	rcall	.-816    	; 0x1e10 <conv_brk>
    2140:	ec 01       	movw	r28, r24
    2142:	89 2b       	or	r24, r25
    2144:	09 f0       	breq	.+2      	; 0x2148 <vfscanf+0x17a>
    2146:	3f c0       	rjmp	.+126    	; 0x21c6 <vfscanf+0x1f8>
    2148:	39 c0       	rjmp	.+114    	; 0x21bc <vfscanf+0x1ee>
    214a:	c6 01       	movw	r24, r12
    214c:	c1 dd       	rcall	.-1150   	; 0x1cd0 <skip_spaces>
    214e:	97 fd       	sbrc	r25, 7
    2150:	3e c0       	rjmp	.+124    	; 0x21ce <vfscanf+0x200>
    2152:	1f 36       	cpi	r17, 0x6F	; 111
    2154:	49 f1       	breq	.+82     	; 0x21a8 <vfscanf+0x1da>
    2156:	28 f4       	brcc	.+10     	; 0x2162 <vfscanf+0x194>
    2158:	14 36       	cpi	r17, 0x64	; 100
    215a:	21 f1       	breq	.+72     	; 0x21a4 <vfscanf+0x1d6>
    215c:	19 36       	cpi	r17, 0x69	; 105
    215e:	39 f1       	breq	.+78     	; 0x21ae <vfscanf+0x1e0>
    2160:	25 c0       	rjmp	.+74     	; 0x21ac <vfscanf+0x1de>
    2162:	13 37       	cpi	r17, 0x73	; 115
    2164:	71 f0       	breq	.+28     	; 0x2182 <vfscanf+0x1b4>
    2166:	15 37       	cpi	r17, 0x75	; 117
    2168:	e9 f0       	breq	.+58     	; 0x21a4 <vfscanf+0x1d6>
    216a:	20 c0       	rjmp	.+64     	; 0x21ac <vfscanf+0x1de>
    216c:	81 14       	cp	r8, r1
    216e:	91 04       	cpc	r9, r1
    2170:	29 f0       	breq	.+10     	; 0x217c <vfscanf+0x1ae>
    2172:	f4 01       	movw	r30, r8
    2174:	60 82       	st	Z, r6
    2176:	c4 01       	movw	r24, r8
    2178:	01 96       	adiw	r24, 0x01	; 1
    217a:	4c 01       	movw	r8, r24
    217c:	fa 94       	dec	r15
    217e:	ff 20       	and	r15, r15
    2180:	59 f0       	breq	.+22     	; 0x2198 <vfscanf+0x1ca>
    2182:	c6 01       	movw	r24, r12
    2184:	64 d0       	rcall	.+200    	; 0x224e <fgetc>
    2186:	3c 01       	movw	r6, r24
    2188:	97 fd       	sbrc	r25, 7
    218a:	06 c0       	rjmp	.+12     	; 0x2198 <vfscanf+0x1ca>
    218c:	37 d0       	rcall	.+110    	; 0x21fc <isspace>
    218e:	89 2b       	or	r24, r25
    2190:	69 f3       	breq	.-38     	; 0x216c <vfscanf+0x19e>
    2192:	b6 01       	movw	r22, r12
    2194:	c3 01       	movw	r24, r6
    2196:	d5 d0       	rcall	.+426    	; 0x2342 <ungetc>
    2198:	81 14       	cp	r8, r1
    219a:	91 04       	cpc	r9, r1
    219c:	a1 f0       	breq	.+40     	; 0x21c6 <vfscanf+0x1f8>
    219e:	f4 01       	movw	r30, r8
    21a0:	10 82       	st	Z, r1
    21a2:	11 c0       	rjmp	.+34     	; 0x21c6 <vfscanf+0x1f8>
    21a4:	00 62       	ori	r16, 0x20	; 32
    21a6:	03 c0       	rjmp	.+6      	; 0x21ae <vfscanf+0x1e0>
    21a8:	00 61       	ori	r16, 0x10	; 16
    21aa:	01 c0       	rjmp	.+2      	; 0x21ae <vfscanf+0x1e0>
    21ac:	00 64       	ori	r16, 0x40	; 64
    21ae:	20 2f       	mov	r18, r16
    21b0:	a4 01       	movw	r20, r8
    21b2:	6f 2d       	mov	r22, r15
    21b4:	c6 01       	movw	r24, r12
    21b6:	a2 dd       	rcall	.-1212   	; 0x1cfc <conv_int>
    21b8:	81 11       	cpse	r24, r1
    21ba:	05 c0       	rjmp	.+10     	; 0x21c6 <vfscanf+0x1f8>
    21bc:	f6 01       	movw	r30, r12
    21be:	83 81       	ldd	r24, Z+3	; 0x03
    21c0:	80 73       	andi	r24, 0x30	; 48
    21c2:	29 f4       	brne	.+10     	; 0x21ce <vfscanf+0x200>
    21c4:	06 c0       	rjmp	.+12     	; 0x21d2 <vfscanf+0x204>
    21c6:	00 fd       	sbrc	r16, 0
    21c8:	18 cf       	rjmp	.-464    	; 0x1ffa <vfscanf+0x2c>
    21ca:	53 94       	inc	r5
    21cc:	16 cf       	rjmp	.-468    	; 0x1ffa <vfscanf+0x2c>
    21ce:	55 20       	and	r5, r5
    21d0:	19 f0       	breq	.+6      	; 0x21d8 <vfscanf+0x20a>
    21d2:	85 2d       	mov	r24, r5
    21d4:	90 e0       	ldi	r25, 0x00	; 0
    21d6:	02 c0       	rjmp	.+4      	; 0x21dc <vfscanf+0x20e>
    21d8:	8f ef       	ldi	r24, 0xFF	; 255
    21da:	9f ef       	ldi	r25, 0xFF	; 255
    21dc:	df 91       	pop	r29
    21de:	cf 91       	pop	r28
    21e0:	1f 91       	pop	r17
    21e2:	0f 91       	pop	r16
    21e4:	ff 90       	pop	r15
    21e6:	ef 90       	pop	r14
    21e8:	df 90       	pop	r13
    21ea:	cf 90       	pop	r12
    21ec:	bf 90       	pop	r11
    21ee:	af 90       	pop	r10
    21f0:	9f 90       	pop	r9
    21f2:	8f 90       	pop	r8
    21f4:	7f 90       	pop	r7
    21f6:	6f 90       	pop	r6
    21f8:	5f 90       	pop	r5
    21fa:	08 95       	ret

000021fc <isspace>:
    21fc:	91 11       	cpse	r25, r1
    21fe:	18 c1       	rjmp	.+560    	; 0x2430 <__ctype_isfalse>
    2200:	80 32       	cpi	r24, 0x20	; 32
    2202:	19 f0       	breq	.+6      	; 0x220a <isspace+0xe>
    2204:	89 50       	subi	r24, 0x09	; 9
    2206:	85 50       	subi	r24, 0x05	; 5
    2208:	d0 f7       	brcc	.-12     	; 0x21fe <isspace+0x2>
    220a:	08 95       	ret

0000220c <strchr_P>:
    220c:	fc 01       	movw	r30, r24
    220e:	05 90       	lpm	r0, Z+
    2210:	06 16       	cp	r0, r22
    2212:	21 f0       	breq	.+8      	; 0x221c <strchr_P+0x10>
    2214:	00 20       	and	r0, r0
    2216:	d9 f7       	brne	.-10     	; 0x220e <strchr_P+0x2>
    2218:	c0 01       	movw	r24, r0
    221a:	08 95       	ret
    221c:	31 97       	sbiw	r30, 0x01	; 1
    221e:	cf 01       	movw	r24, r30
    2220:	08 95       	ret

00002222 <strnlen_P>:
    2222:	fc 01       	movw	r30, r24
    2224:	05 90       	lpm	r0, Z+
    2226:	61 50       	subi	r22, 0x01	; 1
    2228:	70 40       	sbci	r23, 0x00	; 0
    222a:	01 10       	cpse	r0, r1
    222c:	d8 f7       	brcc	.-10     	; 0x2224 <strnlen_P+0x2>
    222e:	80 95       	com	r24
    2230:	90 95       	com	r25
    2232:	8e 0f       	add	r24, r30
    2234:	9f 1f       	adc	r25, r31
    2236:	08 95       	ret

00002238 <strnlen>:
    2238:	fc 01       	movw	r30, r24
    223a:	61 50       	subi	r22, 0x01	; 1
    223c:	70 40       	sbci	r23, 0x00	; 0
    223e:	01 90       	ld	r0, Z+
    2240:	01 10       	cpse	r0, r1
    2242:	d8 f7       	brcc	.-10     	; 0x223a <strnlen+0x2>
    2244:	80 95       	com	r24
    2246:	90 95       	com	r25
    2248:	8e 0f       	add	r24, r30
    224a:	9f 1f       	adc	r25, r31
    224c:	08 95       	ret

0000224e <fgetc>:
    224e:	cf 93       	push	r28
    2250:	df 93       	push	r29
    2252:	ec 01       	movw	r28, r24
    2254:	2b 81       	ldd	r18, Y+3	; 0x03
    2256:	20 ff       	sbrs	r18, 0
    2258:	33 c0       	rjmp	.+102    	; 0x22c0 <fgetc+0x72>
    225a:	26 ff       	sbrs	r18, 6
    225c:	0a c0       	rjmp	.+20     	; 0x2272 <fgetc+0x24>
    225e:	2f 7b       	andi	r18, 0xBF	; 191
    2260:	2b 83       	std	Y+3, r18	; 0x03
    2262:	8e 81       	ldd	r24, Y+6	; 0x06
    2264:	9f 81       	ldd	r25, Y+7	; 0x07
    2266:	01 96       	adiw	r24, 0x01	; 1
    2268:	9f 83       	std	Y+7, r25	; 0x07
    226a:	8e 83       	std	Y+6, r24	; 0x06
    226c:	8a 81       	ldd	r24, Y+2	; 0x02
    226e:	90 e0       	ldi	r25, 0x00	; 0
    2270:	29 c0       	rjmp	.+82     	; 0x22c4 <fgetc+0x76>
    2272:	22 ff       	sbrs	r18, 2
    2274:	0f c0       	rjmp	.+30     	; 0x2294 <fgetc+0x46>
    2276:	e8 81       	ld	r30, Y
    2278:	f9 81       	ldd	r31, Y+1	; 0x01
    227a:	80 81       	ld	r24, Z
    227c:	08 2e       	mov	r0, r24
    227e:	00 0c       	add	r0, r0
    2280:	99 0b       	sbc	r25, r25
    2282:	00 97       	sbiw	r24, 0x00	; 0
    2284:	19 f4       	brne	.+6      	; 0x228c <fgetc+0x3e>
    2286:	20 62       	ori	r18, 0x20	; 32
    2288:	2b 83       	std	Y+3, r18	; 0x03
    228a:	1a c0       	rjmp	.+52     	; 0x22c0 <fgetc+0x72>
    228c:	31 96       	adiw	r30, 0x01	; 1
    228e:	f9 83       	std	Y+1, r31	; 0x01
    2290:	e8 83       	st	Y, r30
    2292:	0e c0       	rjmp	.+28     	; 0x22b0 <fgetc+0x62>
    2294:	ea 85       	ldd	r30, Y+10	; 0x0a
    2296:	fb 85       	ldd	r31, Y+11	; 0x0b
    2298:	09 95       	icall
    229a:	97 ff       	sbrs	r25, 7
    229c:	09 c0       	rjmp	.+18     	; 0x22b0 <fgetc+0x62>
    229e:	2b 81       	ldd	r18, Y+3	; 0x03
    22a0:	01 96       	adiw	r24, 0x01	; 1
    22a2:	11 f0       	breq	.+4      	; 0x22a8 <fgetc+0x5a>
    22a4:	80 e2       	ldi	r24, 0x20	; 32
    22a6:	01 c0       	rjmp	.+2      	; 0x22aa <fgetc+0x5c>
    22a8:	80 e1       	ldi	r24, 0x10	; 16
    22aa:	82 2b       	or	r24, r18
    22ac:	8b 83       	std	Y+3, r24	; 0x03
    22ae:	08 c0       	rjmp	.+16     	; 0x22c0 <fgetc+0x72>
    22b0:	2e 81       	ldd	r18, Y+6	; 0x06
    22b2:	3f 81       	ldd	r19, Y+7	; 0x07
    22b4:	2f 5f       	subi	r18, 0xFF	; 255
    22b6:	3f 4f       	sbci	r19, 0xFF	; 255
    22b8:	3f 83       	std	Y+7, r19	; 0x07
    22ba:	2e 83       	std	Y+6, r18	; 0x06
    22bc:	99 27       	eor	r25, r25
    22be:	02 c0       	rjmp	.+4      	; 0x22c4 <fgetc+0x76>
    22c0:	8f ef       	ldi	r24, 0xFF	; 255
    22c2:	9f ef       	ldi	r25, 0xFF	; 255
    22c4:	df 91       	pop	r29
    22c6:	cf 91       	pop	r28
    22c8:	08 95       	ret

000022ca <fputc>:
    22ca:	0f 93       	push	r16
    22cc:	1f 93       	push	r17
    22ce:	cf 93       	push	r28
    22d0:	df 93       	push	r29
    22d2:	fb 01       	movw	r30, r22
    22d4:	23 81       	ldd	r18, Z+3	; 0x03
    22d6:	21 fd       	sbrc	r18, 1
    22d8:	03 c0       	rjmp	.+6      	; 0x22e0 <fputc+0x16>
    22da:	8f ef       	ldi	r24, 0xFF	; 255
    22dc:	9f ef       	ldi	r25, 0xFF	; 255
    22de:	2c c0       	rjmp	.+88     	; 0x2338 <fputc+0x6e>
    22e0:	22 ff       	sbrs	r18, 2
    22e2:	16 c0       	rjmp	.+44     	; 0x2310 <fputc+0x46>
    22e4:	46 81       	ldd	r20, Z+6	; 0x06
    22e6:	57 81       	ldd	r21, Z+7	; 0x07
    22e8:	24 81       	ldd	r18, Z+4	; 0x04
    22ea:	35 81       	ldd	r19, Z+5	; 0x05
    22ec:	42 17       	cp	r20, r18
    22ee:	53 07       	cpc	r21, r19
    22f0:	44 f4       	brge	.+16     	; 0x2302 <fputc+0x38>
    22f2:	a0 81       	ld	r26, Z
    22f4:	b1 81       	ldd	r27, Z+1	; 0x01
    22f6:	9d 01       	movw	r18, r26
    22f8:	2f 5f       	subi	r18, 0xFF	; 255
    22fa:	3f 4f       	sbci	r19, 0xFF	; 255
    22fc:	31 83       	std	Z+1, r19	; 0x01
    22fe:	20 83       	st	Z, r18
    2300:	8c 93       	st	X, r24
    2302:	26 81       	ldd	r18, Z+6	; 0x06
    2304:	37 81       	ldd	r19, Z+7	; 0x07
    2306:	2f 5f       	subi	r18, 0xFF	; 255
    2308:	3f 4f       	sbci	r19, 0xFF	; 255
    230a:	37 83       	std	Z+7, r19	; 0x07
    230c:	26 83       	std	Z+6, r18	; 0x06
    230e:	14 c0       	rjmp	.+40     	; 0x2338 <fputc+0x6e>
    2310:	8b 01       	movw	r16, r22
    2312:	ec 01       	movw	r28, r24
    2314:	fb 01       	movw	r30, r22
    2316:	00 84       	ldd	r0, Z+8	; 0x08
    2318:	f1 85       	ldd	r31, Z+9	; 0x09
    231a:	e0 2d       	mov	r30, r0
    231c:	09 95       	icall
    231e:	89 2b       	or	r24, r25
    2320:	e1 f6       	brne	.-72     	; 0x22da <fputc+0x10>
    2322:	d8 01       	movw	r26, r16
    2324:	16 96       	adiw	r26, 0x06	; 6
    2326:	8d 91       	ld	r24, X+
    2328:	9c 91       	ld	r25, X
    232a:	17 97       	sbiw	r26, 0x07	; 7
    232c:	01 96       	adiw	r24, 0x01	; 1
    232e:	17 96       	adiw	r26, 0x07	; 7
    2330:	9c 93       	st	X, r25
    2332:	8e 93       	st	-X, r24
    2334:	16 97       	sbiw	r26, 0x06	; 6
    2336:	ce 01       	movw	r24, r28
    2338:	df 91       	pop	r29
    233a:	cf 91       	pop	r28
    233c:	1f 91       	pop	r17
    233e:	0f 91       	pop	r16
    2340:	08 95       	ret

00002342 <ungetc>:
    2342:	fb 01       	movw	r30, r22
    2344:	23 81       	ldd	r18, Z+3	; 0x03
    2346:	20 ff       	sbrs	r18, 0
    2348:	12 c0       	rjmp	.+36     	; 0x236e <ungetc+0x2c>
    234a:	26 fd       	sbrc	r18, 6
    234c:	10 c0       	rjmp	.+32     	; 0x236e <ungetc+0x2c>
    234e:	8f 3f       	cpi	r24, 0xFF	; 255
    2350:	3f ef       	ldi	r19, 0xFF	; 255
    2352:	93 07       	cpc	r25, r19
    2354:	61 f0       	breq	.+24     	; 0x236e <ungetc+0x2c>
    2356:	82 83       	std	Z+2, r24	; 0x02
    2358:	2f 7d       	andi	r18, 0xDF	; 223
    235a:	20 64       	ori	r18, 0x40	; 64
    235c:	23 83       	std	Z+3, r18	; 0x03
    235e:	26 81       	ldd	r18, Z+6	; 0x06
    2360:	37 81       	ldd	r19, Z+7	; 0x07
    2362:	21 50       	subi	r18, 0x01	; 1
    2364:	31 09       	sbc	r19, r1
    2366:	37 83       	std	Z+7, r19	; 0x07
    2368:	26 83       	std	Z+6, r18	; 0x06
    236a:	99 27       	eor	r25, r25
    236c:	08 95       	ret
    236e:	8f ef       	ldi	r24, 0xFF	; 255
    2370:	9f ef       	ldi	r25, 0xFF	; 255
    2372:	08 95       	ret

00002374 <__ultoa_invert>:
    2374:	fa 01       	movw	r30, r20
    2376:	aa 27       	eor	r26, r26
    2378:	28 30       	cpi	r18, 0x08	; 8
    237a:	51 f1       	breq	.+84     	; 0x23d0 <__ultoa_invert+0x5c>
    237c:	20 31       	cpi	r18, 0x10	; 16
    237e:	81 f1       	breq	.+96     	; 0x23e0 <__ultoa_invert+0x6c>
    2380:	e8 94       	clt
    2382:	6f 93       	push	r22
    2384:	6e 7f       	andi	r22, 0xFE	; 254
    2386:	6e 5f       	subi	r22, 0xFE	; 254
    2388:	7f 4f       	sbci	r23, 0xFF	; 255
    238a:	8f 4f       	sbci	r24, 0xFF	; 255
    238c:	9f 4f       	sbci	r25, 0xFF	; 255
    238e:	af 4f       	sbci	r26, 0xFF	; 255
    2390:	b1 e0       	ldi	r27, 0x01	; 1
    2392:	3e d0       	rcall	.+124    	; 0x2410 <__ultoa_invert+0x9c>
    2394:	b4 e0       	ldi	r27, 0x04	; 4
    2396:	3c d0       	rcall	.+120    	; 0x2410 <__ultoa_invert+0x9c>
    2398:	67 0f       	add	r22, r23
    239a:	78 1f       	adc	r23, r24
    239c:	89 1f       	adc	r24, r25
    239e:	9a 1f       	adc	r25, r26
    23a0:	a1 1d       	adc	r26, r1
    23a2:	68 0f       	add	r22, r24
    23a4:	79 1f       	adc	r23, r25
    23a6:	8a 1f       	adc	r24, r26
    23a8:	91 1d       	adc	r25, r1
    23aa:	a1 1d       	adc	r26, r1
    23ac:	6a 0f       	add	r22, r26
    23ae:	71 1d       	adc	r23, r1
    23b0:	81 1d       	adc	r24, r1
    23b2:	91 1d       	adc	r25, r1
    23b4:	a1 1d       	adc	r26, r1
    23b6:	20 d0       	rcall	.+64     	; 0x23f8 <__ultoa_invert+0x84>
    23b8:	09 f4       	brne	.+2      	; 0x23bc <__ultoa_invert+0x48>
    23ba:	68 94       	set
    23bc:	3f 91       	pop	r19
    23be:	2a e0       	ldi	r18, 0x0A	; 10
    23c0:	26 9f       	mul	r18, r22
    23c2:	11 24       	eor	r1, r1
    23c4:	30 19       	sub	r19, r0
    23c6:	30 5d       	subi	r19, 0xD0	; 208
    23c8:	31 93       	st	Z+, r19
    23ca:	de f6       	brtc	.-74     	; 0x2382 <__ultoa_invert+0xe>
    23cc:	cf 01       	movw	r24, r30
    23ce:	08 95       	ret
    23d0:	46 2f       	mov	r20, r22
    23d2:	47 70       	andi	r20, 0x07	; 7
    23d4:	40 5d       	subi	r20, 0xD0	; 208
    23d6:	41 93       	st	Z+, r20
    23d8:	b3 e0       	ldi	r27, 0x03	; 3
    23da:	0f d0       	rcall	.+30     	; 0x23fa <__ultoa_invert+0x86>
    23dc:	c9 f7       	brne	.-14     	; 0x23d0 <__ultoa_invert+0x5c>
    23de:	f6 cf       	rjmp	.-20     	; 0x23cc <__ultoa_invert+0x58>
    23e0:	46 2f       	mov	r20, r22
    23e2:	4f 70       	andi	r20, 0x0F	; 15
    23e4:	40 5d       	subi	r20, 0xD0	; 208
    23e6:	4a 33       	cpi	r20, 0x3A	; 58
    23e8:	18 f0       	brcs	.+6      	; 0x23f0 <__ultoa_invert+0x7c>
    23ea:	49 5d       	subi	r20, 0xD9	; 217
    23ec:	31 fd       	sbrc	r19, 1
    23ee:	40 52       	subi	r20, 0x20	; 32
    23f0:	41 93       	st	Z+, r20
    23f2:	02 d0       	rcall	.+4      	; 0x23f8 <__ultoa_invert+0x84>
    23f4:	a9 f7       	brne	.-22     	; 0x23e0 <__ultoa_invert+0x6c>
    23f6:	ea cf       	rjmp	.-44     	; 0x23cc <__ultoa_invert+0x58>
    23f8:	b4 e0       	ldi	r27, 0x04	; 4
    23fa:	a6 95       	lsr	r26
    23fc:	97 95       	ror	r25
    23fe:	87 95       	ror	r24
    2400:	77 95       	ror	r23
    2402:	67 95       	ror	r22
    2404:	ba 95       	dec	r27
    2406:	c9 f7       	brne	.-14     	; 0x23fa <__ultoa_invert+0x86>
    2408:	00 97       	sbiw	r24, 0x00	; 0
    240a:	61 05       	cpc	r22, r1
    240c:	71 05       	cpc	r23, r1
    240e:	08 95       	ret
    2410:	9b 01       	movw	r18, r22
    2412:	ac 01       	movw	r20, r24
    2414:	0a 2e       	mov	r0, r26
    2416:	06 94       	lsr	r0
    2418:	57 95       	ror	r21
    241a:	47 95       	ror	r20
    241c:	37 95       	ror	r19
    241e:	27 95       	ror	r18
    2420:	ba 95       	dec	r27
    2422:	c9 f7       	brne	.-14     	; 0x2416 <__ultoa_invert+0xa2>
    2424:	62 0f       	add	r22, r18
    2426:	73 1f       	adc	r23, r19
    2428:	84 1f       	adc	r24, r20
    242a:	95 1f       	adc	r25, r21
    242c:	a0 1d       	adc	r26, r0
    242e:	08 95       	ret

00002430 <__ctype_isfalse>:
    2430:	99 27       	eor	r25, r25
    2432:	88 27       	eor	r24, r24

00002434 <__ctype_istrue>:
    2434:	08 95       	ret

00002436 <_exit>:
    2436:	f8 94       	cli

00002438 <__stop_program>:
    2438:	ff cf       	rjmp	.-2      	; 0x2438 <__stop_program>
